row,col,cell_idx,x_center_m,y_center_m,lon,lat,is_riau
0,0,0,-1442500.0,-352500.0,100.03818963282838,-1.1147762809017843,False
0,1,1,-1437500.0,-352500.0,100.08311374654498,-1.1153103590699789,False
0,2,2,-1432500.0,-352500.0,100.12803790371287,-1.1158425828939276,False
0,3,3,-1427500.0,-352500.0,100.17296210418097,-1.1163729523725057,False
0,4,4,-1422500.0,-352500.0,100.21788634779826,-1.1169014675052698,False
0,5,5,-1417500.0,-352500.0,100.2628106344137,-1.1174281282907232,False
0,6,6,-1412500.0,-352500.0,100.30773496387619,-1.1179529347283532,False
0,7,7,-1407500.0,-352500.0,100.35265933603469,-1.1184758868170315,False
0,8,8,-1402500.0,-352500.0,100.39758375073818,-1.118996984555932,False
0,9,9,-1397500.0,-352500.0,100.44250820783556,-1.1195162279440567,False
0,10,10,-1392500.0,-352500.0,100.4874327071758,-1.1200336169804264,False
0,11,11,-1387500.0,-352500.0,100.53235724860781,-1.1205491516642598,False
0,12,12,-1382500.0,-352500.0,100.57728183198057,-1.121062831994699,False
0,13,13,-1377500.0,-352500.0,100.62220645714301,-1.1215746579706387,False
0,14,14,-1372500.0,-352500.0,100.66713112394405,-1.122084629591419,False
0,15,15,-1367500.0,-352500.0,100.71205583223264,-1.122592746855961,False
0,16,16,-1362500.0,-352500.0,100.7569805818577,-1.1230990097634261,False
0,17,17,-1357500.0,-352500.0,100.8019053726682,-1.1236034183129195,False
0,18,18,-1352500.0,-352500.0,100.84683020451307,-1.1241059725034308,False
0,19,19,-1347500.0,-352500.0,100.89175507724123,-1.1246066723341333,False
0,20,20,-1342500.0,-352500.0,100.93667999070162,-1.1251055178040326,False
0,21,21,-1337500.0,-352500.0,100.98160494474315,-1.125602508912499,False
0,22,22,-1332500.0,-352500.0,101.0265299392148,-1.1260976456585658,False
0,23,23,-1327500.0,-352500.0,101.07145497396549,-1.126590928041336,False
0,24,24,-1322500.0,-352500.0,101.1163800488441,-1.1270823560596137,False
0,25,25,-1317500.0,-352500.0,101.16130516369962,-1.127571929712939,False
0,26,26,-1312500.0,-352500.0,101.20623031838096,-1.1280596490002448,False
0,27,27,-1307500.0,-352500.0,101.25115551273706,-1.1285455139207563,False
0,28,28,-1302500.0,-352500.0,101.29608074661681,-1.1290295244736925,False
0,29,29,-1297500.0,-352500.0,101.34100601986917,-1.1295116806578234,False
0,30,30,-1292500.0,-352500.0,101.38593133234305,-1.1299919824725784,False
0,31,31,-1287500.0,-352500.0,101.4308566838874,-1.1304704299169217,False
0,32,32,-1282500.0,-352500.0,101.47578207435112,-1.1309470229900913,False
0,33,33,-1277500.0,-352500.0,101.52070750358313,-1.1314217616913773,False
0,34,34,-1272500.0,-352500.0,101.56563297143238,-1.1318946460194723,False
0,35,35,-1267500.0,-352500.0,101.61055847774777,-1.1323656759741367,False
0,36,36,-1262500.0,-352500.0,101.65548402237822,-1.1328348515542712,False
0,37,37,-1257500.0,-352500.0,101.70040960517268,-1.1333021727587522,False
0,38,38,-1252500.0,-352500.0,101.74533522598003,-1.133767639586915,False
0,39,39,-1247500.0,-352500.0,101.79026088464921,-1.1342312520382918,False
0,40,40,-1242500.0,-352500.0,101.83518658102915,-1.1346930101113333,False
0,41,41,-1237500.0,-352500.0,101.88011231496874,-1.1351529138059029,False
0,42,42,-1232500.0,-352500.0,101.92503808631692,-1.1356109631205917,False
0,43,43,-1227500.0,-352500.0,101.9699638949226,-1.1360671580550428,False
0,44,44,-1222500.0,-352500.0,102.01488974063469,-1.1365214986080108,False
0,45,45,-1217500.0,-352500.0,102.0598156233021,-1.1369739847789457,False
0,46,46,-1212500.0,-352500.0,102.10474154277375,-1.1374246165670658,False
0,47,47,-1207500.0,-352500.0,102.14966749889855,-1.1378733939714043,False
0,48,48,-1202500.0,-352500.0,102.19459349152544,-1.1383203169911582,False
0,49,49,-1197500.0,-352500.0,102.2395195205033,-1.1387653856254831,False
0,50,50,-1192500.0,-352500.0,102.28444558568103,-1.1392085998738224,False
0,51,51,-1187500.0,-352500.0,102.32937168690756,-1.139649959734952,False
0,52,52,-1182500.0,-352500.0,102.37429782403183,-1.1400894652084446,False
0,53,53,-1177500.0,-352500.0,102.41922399690269,-1.1405271162932653,False
0,54,54,-1172500.0,-352500.0,102.4641502053691,-1.1409629129885612,False
0,55,55,-1167500.0,-352500.0,102.5090764492799,-1.141396855293837,False
0,56,56,-1162500.0,-352500.0,102.55400272848408,-1.1418289432081992,False
0,57,57,-1157500.0,-352500.0,102.59892904283049,-1.142259176730773,False
0,58,58,-1152500.0,-352500.0,102.64385539216806,-1.1426875558607479,False
0,59,59,-1147500.0,-352500.0,102.68878177634568,-1.1431140805974136,False
0,60,60,-1142500.0,-352500.0,102.73370819521224,-1.1435387509398331,False
0,61,61,-1137500.0,-352500.0,102.77863464861669,-1.1439615668874812,False
0,62,62,-1132500.0,-352500.0,102.8235611364079,-1.1443825284394447,False
0,63,63,-1127500.0,-352500.0,102.86848765843476,-1.1448016355950537,False
0,64,64,-1122500.0,-352500.0,102.9134142145462,-1.1452188883533179,False
0,65,65,-1117500.0,-352500.0,102.9583408045911,-1.1456342867137355,False
0,66,66,-1112500.0,-352500.0,103.00326742841838,-1.1460478306752053,False
0,67,67,-1107500.0,-352500.0,103.04819408587691,-1.1464595202372805,False
0,68,68,-1102500.0,-352500.0,103.09312077681562,-1.1468693553990748,False
0,69,69,-1097500.0,-352500.0,103.13804750108338,-1.1472773361599071,False
0,70,70,-1092500.0,-352500.0,103.18297425852911,-1.147683462518973,False
0,71,71,-1087500.0,-352500.0,103.22790104900169,-1.1480877344753448,False
0,72,72,-1082500.0,-352500.0,103.27282787235002,-1.1484901520287298,False
0,73,73,-1077500.0,-352500.0,103.31775472842298,-1.148890715177784,False
0,74,74,-1072500.0,-352500.0,103.3626816170695,-1.149289423922222,False
0,75,75,-1067500.0,-352500.0,103.40760853813843,-1.1496862782614472,False
0,76,76,-1062500.0,-352500.0,103.45253549147873,-1.150081278194312,False
0,77,77,-1057500.0,-352500.0,103.4974624769392,-1.1504744237199915,False
0,78,78,-1052500.0,-352500.0,103.5423894943688,-1.1508657148383143,False
0,79,79,-1047500.0,-352500.0,103.58731654361641,-1.1512551515478477,False
0,80,80,-1042500.0,-352500.0,103.6322436245309,-1.1516427338488275,False
0,81,81,-1037500.0,-352500.0,103.67717073696117,-1.1520284617395935,False
0,82,82,-1032500.0,-352500.0,103.72209788075614,-1.1524123352196507,False
0,83,83,-1027500.0,-352500.0,103.76702505576463,-1.1527943542888057,False
0,84,84,-1022500.0,-352500.0,103.81195226183557,-1.153174518945817,False
1,0,85,-1442500.0,-347500.0,100.03872120841697,-1.0695635967784245,False
1,1,86,-1437500.0,-347500.0,100.08364348009711,-1.0700976671253335,False
1,2,87,-1432500.0,-347500.0,100.12856579522318,-1.0706298831510688,False
1,3,88,-1427500.0,-347500.0,100.17348815364416,-1.0711602448552124,False
1,4,89,-1422500.0,-347500.0,100.21841055520899,-1.071688752236682,False
1,5,90,-1417500.0,-347500.0,100.26333299976669,-1.0722154052943988,False
1,6,91,-1412500.0,-347500.0,100.30825548716618,-1.072740204027759,False
1,7,92,-1407500.0,-347500.0,100.35317801725643,-1.0732631484358521,False
1,8,93,-1402500.0,-347500.0,100.39810058988641,-1.0737842385175598,False
1,9,94,-1397500.0,-347500.0,100.44302320490509,-1.0743034742723336,False
1,10,95,-1392500.0,-347500.0,100.48794586216142,-1.0748208556991456,False
1,11,96,-1387500.0,-347500.0,100.53286856150437,-1.0753363827968196,False
1,12,97,-1382500.0,-347500.0,100.57779130278288,-1.0758500555647357,False
1,13,98,-1377500.0,-347500.0,100.62271408584594,-1.0763618740023468,False
1,14,99,-1372500.0,-347500.0,100.66763691054247,-1.0768718381082372,False
1,15,100,-1367500.0,-347500.0,100.71255977672145,-1.0773799478820134,False
1,16,101,-1362500.0,-347500.0,100.75748268423183,-1.0778862033223382,False
1,17,102,-1357500.0,-347500.0,100.80240563292257,-1.0783906044286837,False
1,18,103,-1352500.0,-347500.0,100.84732862264264,-1.0788931512001798,False
1,19,104,-1347500.0,-347500.0,100.89225165324095,-1.07939384363562,False
1,20,105,-1342500.0,-347500.0,100.93717472456649,-1.079892681734684,False
1,21,106,-1337500.0,-347500.0,100.9820978364682,-1.0803896654961727,False
1,22,107,-1332500.0,-347500.0,101.02702098879503,-1.080884794919354,False
1,23,108,-1327500.0,-347500.0,101.07194418139593,-1.0813780700031932,False
1,24,109,-1322500.0,-347500.0,101.11686741411985,-1.081869490747173,False
1,25,110,-1317500.0,-347500.0,101.16179068681575,-1.082359057150263,False
1,26,111,-1312500.0,-347500.0,101.20671399933256,-1.0828467692116157,False
1,27,112,-1307500.0,-347500.0,101.25163735151925,-1.0833326269303138,False
1,28,113,-1302500.0,-347500.0,101.29656074322475,-1.083816630305724,False
1,29,114,-1297500.0,-347500.0,101.34148417429799,-1.0842987793370524,False
1,30,115,-1292500.0,-347500.0,101.38640764458795,-1.0847790740231502,False
1,31,116,-1287500.0,-347500.0,101.43133115394355,-1.0852575143633099,False
1,32,117,-1282500.0,-347500.0,101.47625470221374,-1.0857341003569763,False
1,33,118,-1277500.0,-347500.0,101.52117828924746,-1.0862088320030896,False
1,34,119,-1272500.0,-347500.0,101.56610191489366,-1.0866817093008205,False
1,35,120,-1267500.0,-347500.0,101.61102557900126,-1.0871527322493124,False
1,36,121,-1262500.0,-347500.0,101.65594928141923,-1.0876219008479857,False
1,37,122,-1257500.0,-347500.0,101.70087302199649,-1.0880892150957149,False
1,38,123,-1252500.0,-347500.0,101.74579680058197,-1.0885546749920396,False
1,39,124,-1247500.0,-347500.0,101.79072061702465,-1.0890182805358557,False
1,40,125,-1242500.0,-347500.0,101.83564447117341,-1.0894800317264355,False
1,41,126,-1237500.0,-347500.0,101.88056836287723,-1.0899399285633253,False
1,42,127,-1232500.0,-347500.0,101.92549229198501,-1.0903979710450764,False
1,43,128,-1227500.0,-347500.0,101.97041625834572,-1.0908541591714245,False
1,44,129,-1222500.0,-347500.0,102.01534026180828,-1.0913084929414405,False
1,45,130,-1217500.0,-347500.0,102.0602643022216,-1.0917609723540436,False
1,46,131,-1212500.0,-347500.0,102.10518837943464,-1.0922115974088153,False
1,47,132,-1207500.0,-347500.0,102.15011249329633,-1.0926603681049565,False
1,48,133,-1202500.0,-347500.0,102.19503664365561,-1.0931072844414127,False
1,49,134,-1197500.0,-347500.0,102.23996083036137,-1.0935523464176424,False
1,50,135,-1192500.0,-347500.0,102.28488505326258,-1.0939955540328428,False
1,51,136,-1187500.0,-347500.0,102.32980931220816,-1.0944369072862157,False
1,52,137,-1182500.0,-347500.0,102.37473360704703,-1.0948764061767693,False
1,53,138,-1177500.0,-347500.0,102.41965793762812,-1.0953140507042964,False
1,54,139,-1172500.0,-347500.0,102.46458230380036,-1.0957498408672877,False
1,55,140,-1167500.0,-347500.0,102.50950670541266,-1.096183776665517,False
1,56,141,-1162500.0,-347500.0,102.55443114231397,-1.0966158580980006,True
1,57,142,-1157500.0,-347500.0,102.59935561435319,-1.097046085164141,True
1,58,143,-1152500.0,-347500.0,102.64428012137925,-1.097474457863022,True
1,59,144,-1147500.0,-347500.0,102.6892046632411,-1.097900976194132,False
1,60,145,-1142500.0,-347500.0,102.73412923978763,-1.0983256401563235,False
1,61,146,-1137500.0,-347500.0,102.77905385086778,-1.0987484497493096,False
1,62,147,-1132500.0,-347500.0,102.82397849633047,-1.0991694049718699,False
1,63,148,-1127500.0,-347500.0,102.86890317602459,-1.099588505823554,False
1,64,149,-1122500.0,-347500.0,102.91382788979911,-1.1000057523036313,False
1,65,150,-1117500.0,-347500.0,102.9587526375029,-1.1004211444113683,False
1,66,151,-1112500.0,-347500.0,103.00367741898492,-1.1008346821458055,False
1,67,152,-1107500.0,-347500.0,103.04860223409405,-1.1012463655065683,False
1,68,153,-1102500.0,-347500.0,103.09352708267923,-1.1016561944926675,False
1,69,154,-1097500.0,-347500.0,103.13845196458938,-1.102064169103501,False
1,70,155,-1092500.0,-347500.0,103.18337687967339,-1.1024702893383316,False
1,71,156,-1087500.0,-347500.0,103.22830182778023,-1.1028745551962646,False
1,72,157,-1082500.0,-347500.0,103.27322680875875,-1.1032769666768112,False
1,73,158,-1077500.0,-347500.0,103.31815182245788,-1.1036775237792034,False
1,74,159,-1072500.0,-347500.0,103.36307686872655,-1.1040762265026496,False
1,75,160,-1067500.0,-347500.0,103.40800194741367,-1.104473074846639,False
1,76,161,-1062500.0,-347500.0,103.45292705836813,-1.1048680688101402,False
1,77,162,-1057500.0,-347500.0,103.49785220143889,-1.1052612083927922,False
1,78,163,-1052500.0,-347500.0,103.5427773764748,-1.1056524935937544,False
1,79,164,-1047500.0,-347500.0,103.5877025833248,-1.1060419244121913,False
1,80,165,-1042500.0,-347500.0,103.6326278218378,-1.1064295008475618,False
1,81,166,-1037500.0,-347500.0,103.67755309186269,-1.106815222899213,False
1,82,167,-1032500.0,-347500.0,103.72247839324841,-1.1071990905662332,False
1,83,168,-1027500.0,-347500.0,103.76740372584385,-1.1075811038482766,False
1,84,169,-1022500.0,-347500.0,103.81232908949791,-1.107961262744408,False
2,0,170,-1442500.0,-342500.0,100.0392527404086,-1.024349706520373,False
2,1,171,-1437500.0,-342500.0,100.0841731702033,-1.0248837693695416,False
2,2,172,-1432500.0,-342500.0,100.12909364343858,-1.0254159779199914,False
2,3,173,-1427500.0,-342500.0,100.17401415996346,-1.02594633217081,False
2,4,174,-1422500.0,-342500.0,100.21893471962689,-1.02647483212132,False
2,5,175,-1417500.0,-342500.0,100.26385532227788,-1.0270014777707501,False
2,6,176,-1412500.0,-342500.0,100.30877596776541,-1.027526269117855,False
2,7,177,-1407500.0,-342500.0,100.35369665593844,-1.0280492061623023,False
2,8,178,-1402500.0,-342500.0,100.39861738664598,-1.0285702889028736,False
2,9,179,-1397500.0,-342500.0,100.44353815973697,-1.02908951733882,False
2,10,180,-1392500.0,-342500.0,100.48845897506045,-1.0296068914693335,False
2,11,181,-1387500.0,-342500.0,100.53337983246536,-1.0301224112934684,False
2,12,182,-1382500.0,-342500.0,100.57830073180067,-1.0306360768104907,False
2,13,183,-1377500.0,-342500.0,100.62322167291538,-1.03114788801941,False
2,14,184,-1372500.0,-342500.0,100.66814265565846,-1.0316578449199294,False
2,15,185,-1367500.0,-342500.0,100.71306367987887,-1.032165947510622,False
2,16,186,-1362500.0,-342500.0,100.7579847454256,-1.032672195790702,False
2,17,187,-1357500.0,-342500.0,100.80290585214763,-1.0331765897596812,False
2,18,188,-1352500.0,-342500.0,100.84782699989393,-1.033679129416658,False
2,19,189,-1347500.0,-342500.0,100.89274818851345,-1.0341798147607786,False
2,20,190,-1342500.0,-342500.0,100.93766941785519,-1.0346786457909163,False
2,21,191,-1337500.0,-342500.0,100.98259068776811,-1.0351756225067459,False
2,22,192,-1332500.0,-342500.0,101.02751199810118,-1.0356707449071365,False
2,23,193,-1327500.0,-342500.0,101.07243334870337,-1.0361640129913725,False
2,24,194,-1322500.0,-342500.0,101.11735473942363,-1.0366554267585768,False
2,25,195,-1317500.0,-342500.0,101.16227617011097,-1.0371449862081483,False
2,26,196,-1312500.0,-342500.0,101.20719764061431,-1.037632691338894,False
2,27,197,-1307500.0,-342500.0,101.25211915078263,-1.0381185421506747,False
2,28,198,-1302500.0,-342500.0,101.29704070046493,-1.0386025386419622,False
2,29,199,-1297500.0,-342500.0,101.34196228951012,-1.039084680812543,False
2,30,200,-1292500.0,-342500.0,101.3868839177672,-1.0395649686609243,False
2,31,201,-1287500.0,-342500.0,101.4318055850851,-1.0400434021870109,False
2,32,202,-1282500.0,-342500.0,101.47672729131284,-1.0405199813899844,False
2,33,203,-1277500.0,-342500.0,101.52164903629932,-1.0409947062686957,False
2,34,204,-1272500.0,-342500.0,101.56657081989351,-1.0414675768223316,False
2,35,205,-1267500.0,-342500.0,101.61149264194441,-1.0419385930504164,False
2,36,206,-1262500.0,-342500.0,101.65641450230093,-1.04240775495191,False
2,37,207,-1257500.0,-342500.0,101.70133640081208,-1.0428750625261767,False
2,38,208,-1252500.0,-342500.0,101.74625833732676,-1.0433405157725573,False
2,39,209,-1247500.0,-342500.0,101.79118031169396,-1.043804114690209,False
2,40,210,-1242500.0,-342500.0,101.83610232376263,-1.0442658592781446,False
2,41,211,-1237500.0,-342500.0,101.88102437338173,-1.0447257495358804,False
2,42,212,-1232500.0,-342500.0,101.9259464604002,-1.0451837854625614,False
2,43,213,-1227500.0,-342500.0,101.97086858466699,-1.0456399670573235,False
2,44,214,-1222500.0,-342500.0,102.01579074603109,-1.046094294319319,False
2,45,215,-1217500.0,-342500.0,102.06071294434139,-1.0465467672483542,False
2,46,216,-1212500.0,-342500.0,102.1056351794469,-1.0469973858428596,False
2,47,217,-1207500.0,-342500.0,102.15055745119655,-1.0474461501028296,False
2,48,218,-1202500.0,-342500.0,102.19547975943928,-1.0478930600268657,False
2,49,219,-1197500.0,-342500.0,102.24040210402404,-1.0483381156148073,False
2,50,220,-1192500.0,-342500.0,102.2853244847998,-1.0487813168655378,False
2,51,221,-1187500.0,-342500.0,102.33024690161547,-1.0492226637784334,False
2,52,222,-1182500.0,-342500.0,102.37516935432002,-1.049662156352838,False
2,53,223,-1177500.0,-342500.0,102.42009184276239,-1.0500997945877584,False
2,54,224,-1172500.0,-342500.0,102.46501436679155,-1.0505355784827466,True
2,55,225,-1167500.0,-342500.0,102.5099369262564,-1.050969508036897,True
2,56,226,-1162500.0,-342500.0,102.55485952100592,-1.0514015832497354,True
2,57,227,-1157500.0,-342500.0,102.59978215088903,-1.0518318041201504,True
2,58,228,-1152500.0,-342500.0,102.6447048157547,-1.052260170647633,True
2,59,229,-1147500.0,-342500.0,102.68962751545183,-1.0526866828315518,True
2,60,230,-1142500.0,-342500.0,102.7345502498294,-1.0531113406708799,False
2,61,231,-1137500.0,-342500.0,102.77947301873633,-1.0535341441653816,False
2,62,232,-1132500.0,-342500.0,102.82439582202156,-1.0539550933136017,False
2,63,233,-1127500.0,-342500.0,102.86931865953404,-1.054374188115766,False
2,64,234,-1122500.0,-342500.0,102.9142415311227,-1.0547914285705513,False
2,65,235,-1117500.0,-342500.0,102.95916443663648,-1.055206814677368,False
2,66,236,-1112500.0,-342500.0,103.00408737592431,-1.0556203464354883,False
2,67,237,-1107500.0,-342500.0,103.04901034883514,-1.0560320238443406,False
2,68,238,-1102500.0,-342500.0,103.09393335521789,-1.056441846903138,False
2,69,239,-1097500.0,-342500.0,103.1388563949215,-1.0568498156113273,False
2,70,240,-1092500.0,-342500.0,103.1837794677949,-1.0572559299678728,False
2,71,241,-1087500.0,-342500.0,103.22870257368704,-1.0576601899724032,False
2,72,242,-1082500.0,-342500.0,103.27362571244684,-1.0580625956242191,False
2,73,243,-1077500.0,-342500.0,103.31854888392324,-1.0584631469223709,False
2,74,244,-1072500.0,-342500.0,103.36347208796516,-1.058861843866643,False
2,75,245,-1067500.0,-342500.0,103.40839532442153,-1.0592586864559217,False
2,76,246,-1062500.0,-342500.0,103.4533185931413,-1.0596536746897727,False
2,77,247,-1057500.0,-342500.0,103.49824189397339,-1.06004680856728,False
2,78,248,-1052500.0,-342500.0,103.5431652267667,-1.0604380880880377,False
2,79,249,-1047500.0,-342500.0,103.5880885913702,-1.060827513251327,False
2,80,250,-1042500.0,-342500.0,103.63301198763278,-1.06121508405637,False
2,81,251,-1037500.0,-342500.0,103.67793541540341,-1.0616008005024955,False
2,82,252,-1032500.0,-342500.0,103.72285887453098,-1.0619846625892273,False
2,83,253,-1027500.0,-342500.0,103.76778236486444,-1.0623666703159307,False
2,84,254,-1022500.0,-342500.0,103.8127058862527,-1.0627468236814874,False
3,0,255,-1442500.0,-337500.0,100.0397842288086,-0.9791345827758924,False
3,1,256,-1437500.0,-337500.0,100.08470281686888,-0.9796686384511355,False
3,2,257,-1432500.0,-337500.0,100.12962144836442,-0.9802008398485673,False
3,3,258,-1427500.0,-337500.0,100.1745401231442,-0.9807311869678479,False
3,4,259,-1422500.0,-337500.0,100.21945884105725,-0.981259679807782,False
3,5,260,-1417500.0,-337500.0,100.26437760195256,-0.9817863183677514,False
3,6,261,-1412500.0,-337500.0,100.30929640567912,-0.9823111026470474,False
3,7,262,-1407500.0,-337500.0,100.35421525208595,-0.9828340326446847,False
3,8,263,-1402500.0,-337500.0,100.39913414102206,-0.9833551083596774,False
3,9,264,-1397500.0,-337500.0,100.44405307233642,-0.9838743297915459,False
3,10,265,-1392500.0,-337500.0,100.48897204587804,-0.9843916969393625,False
3,11,266,-1387500.0,-337500.0,100.53389106149592,-0.9849072098022265,False
3,12,267,-1382500.0,-337500.0,100.57881011903906,-0.9854208683796234,False
3,13,268,-1377500.0,-337500.0,100.62372921835646,-0.9859326726706232,False
3,14,269,-1372500.0,-337500.0,100.6686483592971,-0.986442622674426,False
3,15,270,-1367500.0,-337500.0,100.71356754170996,-0.9869507183901153,False
3,16,271,-1362500.0,-337500.0,100.75848676544408,-0.9874569598169105,False
3,17,272,-1357500.0,-337500.0,100.80340603034843,-0.9879613469544235,False
3,18,273,-1352500.0,-337500.0,100.84832533627198,-0.988463879801292,False
3,19,274,-1347500.0,-337500.0,100.89324468306376,-0.9889645583573338,False
3,20,275,-1342500.0,-337500.0,100.93816407057272,-0.9894633826211567,False
3,21,276,-1337500.0,-337500.0,100.98308349864787,-0.9899603525923512,False
3,22,277,-1332500.0,-337500.0,101.02800296713822,-0.9904554682698875,False
3,23,278,-1327500.0,-337500.0,101.07292247589272,-0.9909487296535658,False
3,24,279,-1322500.0,-337500.0,101.11784202476036,-0.9914401367420311,False
3,25,280,-1317500.0,-337500.0,101.16276161359016,-0.9919296895346256,False
3,26,281,-1312500.0,-337500.0,101.20768124223106,-0.9924173880308381,False
3,27,282,-1307500.0,-337500.0,101.25260091053208,-0.9929032322295142,False
3,28,283,-1302500.0,-337500.0,101.29752061834218,-0.9933872221302635,False
3,29,284,-1297500.0,-337500.0,101.34244036551037,-0.9938693577321853,False
3,30,285,-1292500.0,-337500.0,101.3873601518856,-0.9943496390345562,False
3,31,286,-1287500.0,-337500.0,101.43227997731688,-0.9948280660364438,False
3,32,287,-1282500.0,-337500.0,101.47719984165316,-0.9953046387372484,False
3,33,288,-1277500.0,-337500.0,101.52211974474345,-0.9957793571362044,False
3,34,289,-1272500.0,-337500.0,101.5670396864367,-0.9962522212326792,False
3,35,290,-1267500.0,-337500.0,101.61195966658191,-0.9967232310256909,False
3,36,291,-1262500.0,-337500.0,101.65687968502804,-0.9971923865146607,False
3,37,292,-1257500.0,-337500.0,101.7017997416241,-0.9976596876987179,False
3,38,293,-1252500.0,-337500.0,101.74671983621903,-0.998125134577132,False
3,39,294,-1247500.0,-337500.0,101.7916399686618,-0.9985887271495582,False
3,40,295,-1242500.0,-337500.0,101.83656013880143,-0.9990504654148566,False
3,41,296,-1237500.0,-337500.0,101.88148034648684,-0.9995103493721056,False
3,42,297,-1232500.0,-337500.0,101.92640059156703,-0.99996837902109,False
3,43,298,-1227500.0,-337500.0,101.97132087389099,-1.000424554360875,False
3,44,299,-1222500.0,-337500.0,102.01624119330765,-1.0008788753905091,False
3,45,300,-1217500.0,-337500.0,102.061161549666,-1.0013313421097423,False
3,46,301,-1212500.0,-337500.0,102.10608194281502,-1.0017819545174618,False
3,47,302,-1207500.0,-337500.0,102.15100237260367,-1.0022307126130676,False
3,48,303,-1202500.0,-337500.0,102.19592283888092,-1.002677616395698,False
3,49,304,-1197500.0,-337500.0,102.24084334149572,-1.003122665864962,False
3,50,305,-1192500.0,-337500.0,102.28576388029705,-1.0035658610199933,False
3,51,306,-1187500.0,-337500.0,102.33068445513389,-1.0040072018599941,False
3,52,307,-1182500.0,-337500.0,102.37560506585518,-1.0044466883843417,False
3,53,308,-1177500.0,-337500.0,102.42052571230991,-1.0048843205923392,True
3,54,309,-1172500.0,-337500.0,102.46544639434703,-1.0053200984832804,True
3,55,310,-1167500.0,-337500.0,102.51036711181548,-1.005754022056341,True
3,56,311,-1162500.0,-337500.0,102.55528786456428,-1.0061860913111345,True
3,57,312,-1157500.0,-337500.0,102.60020865244235,-1.0066163062468942,True
3,58,313,-1152500.0,-337500.0,102.64512947529865,-1.0070446668625108,True
3,59,314,-1147500.0,-337500.0,102.69005033298215,-1.0074711731576989,True
3,60,315,-1142500.0,-337500.0,102.7349712253418,-1.0078958251317736,True
3,61,316,-1137500.0,-337500.0,102.77989215222658,-1.0083186227838987,False
3,62,317,-1132500.0,-337500.0,102.82481311348542,-1.0087395661133982,False
3,63,318,-1127500.0,-337500.0,102.86973410896731,-1.0091586551196219,False
3,64,319,-1122500.0,-337500.0,102.91465513852118,-1.0095758898018354,False
3,65,320,-1117500.0,-337500.0,102.959576201996,-1.009991270159739,False
3,66,321,-1112500.0,-337500.0,103.00449729924073,-1.0104047961921316,False
3,67,322,-1107500.0,-337500.0,103.04941843010428,-1.0108164678987672,False
3,68,323,-1102500.0,-337500.0,103.09433959443568,-1.0112262852785037,False
3,69,324,-1097500.0,-337500.0,103.13926079208382,-1.011634248331072,False
3,70,325,-1092500.0,-337500.0,103.18418202289769,-1.0120403570559138,False
3,71,326,-1087500.0,-337500.0,103.22910328672621,-1.0124446114519399,False
3,72,327,-1082500.0,-337500.0,103.27402458341835,-1.012847011518824,False
3,73,328,-1077500.0,-337500.0,103.31894591282307,-1.0132475572557866,False
3,74,329,-1072500.0,-337500.0,103.36386727478931,-1.0136462486623699,False
3,75,330,-1067500.0,-337500.0,103.40878866916601,-1.0140430857376497,False
3,76,331,-1062500.0,-337500.0,103.45371009580214,-1.0144380684810332,False
3,77,332,-1057500.0,-337500.0,103.49863155454662,-1.0148311968917594,False
3,78,333,-1052500.0,-337500.0,103.54355304524843,-1.0152224709697981,False
3,79,334,-1047500.0,-337500.0,103.58847456775648,-1.0156118907135918,False
3,80,335,-1042500.0,-337500.0,103.63339612191976,-1.0159994561234253,False
3,81,336,-1037500.0,-337500.0,103.67831770758717,-1.0163851671979252,False
3,82,337,-1032500.0,-337500.0,103.72323932460769,-1.0167690239369498,False
3,83,338,-1027500.0,-337500.0,103.76816097283024,-1.017151026339589,False
3,84,339,-1022500.0,-337500.0,103.81308265210377,-1.017531174405214,False
4,0,340,-1442500.0,-332500.0,100.04031567362237,-0.9339181981901405,False
4,1,341,-1437500.0,-332500.0,100.08523242009922,-0.9344522470149698,False
4,2,342,-1432500.0,-332500.0,100.130149210006,-0.9349844415821081,False
4,3,343,-1427500.0,-332500.0,100.17506604319169,-0.9355147818911519,False
4,4,344,-1422500.0,-332500.0,100.21998291950534,-0.936043267940903,False
4,5,345,-1417500.0,-332500.0,100.26489983879596,-0.9365698997307416,False
4,6,346,-1412500.0,-332500.0,100.30981680091257,-0.9370946772599765,False
4,7,347,-1407500.0,-332500.0,100.3547338057042,-0.9376176005275775,False
4,8,348,-1402500.0,-332500.0,100.39965085301988,-0.9381386695331744,False
4,9,349,-1397500.0,-332500.0,100.44456794270859,-0.9386578842758442,False
4,10,350,-1392500.0,-332500.0,100.48948507461937,-0.9391752447544356,False
4,11,351,-1387500.0,-332500.0,100.53440224860124,-0.939690750968737,False
4,12,352,-1382500.0,-332500.0,100.5793194645032,-0.9402044029178399,False
4,13,353,-1377500.0,-332500.0,100.62423672217429,-0.9407162006008889,False
4,14,354,-1372500.0,-332500.0,100.66915402146348,-0.9412261440170144,False
4,15,355,-1367500.0,-332500.0,100.71407136221984,-0.9417342331657009,False
4,16,356,-1362500.0,-332500.0,100.75898874429234,-0.9422404680461081,False
4,17,357,-1357500.0,-332500.0,100.80390616752999,-0.9427448486575737,False
4,18,358,-1352500.0,-332500.0,100.84882363178184,-0.94324737499912,False
4,19,359,-1347500.0,-332500.0,100.89374113689685,-0.9437480470704844,False
4,20,360,-1342500.0,-332500.0,100.93865868272407,-0.9442468648702885,False
4,21,361,-1337500.0,-332500.0,100.98357626911248,-0.9447438283981532,False
4,22,362,-1332500.0,-332500.0,101.02849389591108,-0.9452389376534402,False
4,23,363,-1327500.0,-332500.0,101.07341156296891,-0.9457321926350666,False
4,24,364,-1322500.0,-332500.0,101.11832927013496,-0.946223593342718,False
4,25,365,-1317500.0,-332500.0,101.16324701725821,-0.9467131397752031,False
4,26,366,-1312500.0,-332500.0,101.20816480418772,-0.9472008319321963,False
4,27,367,-1307500.0,-332500.0,101.25308263077243,-0.9476866698125452,False
4,28,368,-1302500.0,-332500.0,101.29800049686138,-0.9481706534160899,False
4,29,369,-1297500.0,-332500.0,101.34291840230355,-0.9486527827415906,False
4,30,370,-1292500.0,-332500.0,101.38783634694798,-0.9491330577886529,False
4,31,371,-1287500.0,-332500.0,101.43275433064362,-0.9496114785564654,False
4,32,372,-1282500.0,-332500.0,101.4776723532395,-0.9500880450442135,False
4,33,373,-1277500.0,-332500.0,101.5225904145846,-0.9505627572510863,False
4,34,374,-1272500.0,-332500.0,101.56750851452792,-0.9510356151769122,False
4,35,375,-1267500.0,-332500.0,101.61242665291847,-0.9515066188203154,False
4,36,376,-1262500.0,-332500.0,101.65734482960525,-0.9519757681810062,False
4,37,377,-1257500.0,-332500.0,101.70226304443723,-0.9524430632581737,False
4,38,378,-1252500.0,-332500.0,101.74718129726344,-0.9529085040510905,True
4,39,379,-1247500.0,-332500.0,101.79209958793282,-0.9533720905590001,True
4,40,380,-1242500.0,-332500.0,101.83701791629441,-0.953833822781073,True
4,41,381,-1237500.0,-332500.0,101.88193628219719,-0.9542937007171246,True
4,42,382,-1232500.0,-332500.0,101.92685468549014,-0.9547517243659839,False
4,43,383,-1227500.0,-332500.0,101.97177312602226,-0.9552078937271383,False
4,44,384,-1222500.0,-332500.0,102.01669160364253,-0.9556622087998004,False
4,45,385,-1217500.0,-332500.0,102.06161011819997,-0.9561146695836187,False
4,46,386,-1212500.0,-332500.0,102.10652866954351,-0.9565652760774516,False
4,47,387,-1207500.0,-332500.0,102.15144725752221,-0.9570140282808326,False
4,48,388,-1202500.0,-332500.0,102.19636588198499,-0.9574609261928658,False
4,49,389,-1197500.0,-332500.0,102.24128454278087,-0.9579059698131834,False
4,50,390,-1192500.0,-332500.0,102.28620323975882,-0.9583491591409634,False
4,51,391,-1187500.0,-332500.0,102.33112197276786,-0.9587904941757731,True
4,52,392,-1182500.0,-332500.0,102.37604074165692,-0.9592299749165113,True
4,53,393,-1177500.0,-332500.0,102.42095954627504,-0.9596676013626687,True
4,54,394,-1172500.0,-332500.0,102.46587838647116,-0.9601033735137748,True
4,55,395,-1167500.0,-332500.0,102.51079726209427,-0.9605372913690545,True
4,56,396,-1162500.0,-332500.0,102.55571617299336,-0.9609693549276477,True
4,57,397,-1157500.0,-332500.0,102.60063511901741,-0.9613995641891725,True
4,58,398,-1152500.0,-332500.0,102.6455541000154,-0.9618279191527783,True
4,59,399,-1147500.0,-332500.0,102.6904731158363,-0.962254419817826,True
4,60,400,-1142500.0,-332500.0,102.73539216632909,-0.9626790661837452,True
4,61,401,-1137500.0,-332500.0,102.78031125134275,-0.9631018582499337,True
4,62,402,-1132500.0,-332500.0,102.82523037072625,-0.9635227960155092,False
4,63,403,-1127500.0,-332500.0,102.8701495243286,-0.9639418794800431,False
4,64,404,-1122500.0,-332500.0,102.91506871199871,-0.9643591086428709,False
4,65,405,-1117500.0,-332500.0,102.95998793358561,-0.9647744835032774,False
4,66,406,-1112500.0,-332500.0,103.00490718893828,-0.9651880040607208,False
4,67,407,-1107500.0,-332500.0,103.04982647790564,-0.9655996703145128,False
4,68,408,-1102500.0,-332500.0,103.0947458003367,-0.9660094822638714,False
4,69,409,-1097500.0,-332500.0,103.13966515608043,-0.96641743990839,False
4,70,410,-1092500.0,-332500.0,103.18458454498578,-0.966823543247154,False
4,71,411,-1087500.0,-332500.0,103.22950396690175,-0.967227792280125,False
4,72,412,-1082500.0,-332500.0,103.2744234216773,-0.9676301870057405,False
4,73,413,-1077500.0,-332500.0,103.31934290916138,-0.96803072742434,False
4,74,414,-1072500.0,-332500.0,103.364262429203,-0.9684294135348033,False
4,75,415,-1067500.0,-332500.0,103.40918198165107,-0.9688262453364561,False
4,76,416,-1062500.0,-332500.0,103.45410156635461,-0.9692212228288868,False
4,77,417,-1057500.0,-332500.0,103.49902118316257,-0.9696143460114375,False
4,78,418,-1052500.0,-332500.0,103.5439408319239,-0.970005614883374,False
4,79,419,-1047500.0,-332500.0,103.58886051248757,-0.9703950294442626,False
4,80,420,-1042500.0,-332500.0,103.63378022470256,-0.9707825896933967,False
4,81,421,-1037500.0,-332500.0,103.67869996841783,-0.9711682956301049,False
4,82,422,-1032500.0,-332500.0,103.72361974348233,-0.9715521472540745,False
4,83,423,-1027500.0,-332500.0,103.76853954974504,-0.9719341445641977,False
4,84,424,-1022500.0,-332500.0,103.81345938705492,-0.9723142875603896,False
5,0,425,-1442500.0,-327500.0,100.04084707485526,-0.8887005254046434,False
5,1,426,-1437500.0,-327500.0,100.08576197989966,-0.8892345677028197,False
5,2,427,-1432500.0,-327500.0,100.13067692836863,-0.8897667557624467,False
5,3,428,-1427500.0,-327500.0,100.17559192011122,-0.8902970895824001,False
5,4,429,-1422500.0,-327500.0,100.22050695497644,-0.8908255691623406,False
5,5,430,-1417500.0,-327500.0,100.26542203281336,-0.8913521945012408,False
5,6,431,-1412500.0,-327500.0,100.310337153471,-0.8918769655984489,False
5,7,432,-1407500.0,-327500.0,100.35525231679841,-0.8923998824534533,False
5,8,433,-1402500.0,-327500.0,100.40016752264464,-0.8929209450651225,False
5,9,434,-1397500.0,-327500.0,100.44508277085868,-0.893440153433101,False
5,10,435,-1392500.0,-327500.0,100.48999806128961,-0.8939575075565194,False
5,11,436,-1387500.0,-327500.0,100.53491339378645,-0.8944730074342894,False
5,12,437,-1382500.0,-327500.0,100.57982876819823,-0.8949866530663998,False
5,13,438,-1377500.0,-327500.0,100.62474418437398,-0.895498444451752,False
5,14,439,-1372500.0,-327500.0,100.66965964216276,-0.8960083815895914,False
5,15,440,-1367500.0,-327500.0,100.71457514141355,-0.8965164644791016,False
5,16,441,-1362500.0,-327500.0,100.75949068197542,-0.8970226931198988,False
5,17,442,-1357500.0,-327500.0,100.8044062636974,-0.8975270675111363,False
5,18,443,-1352500.0,-327500.0,100.8493218864285,-0.8980295876520786,False
5,19,444,-1347500.0,-327500.0,100.89423755001776,-0.898530253542014,False
5,20,445,-1342500.0,-327500.0,100.9391532543142,-0.8990290651802848,False
5,21,446,-1337500.0,-327500.0,100.98406899916687,-0.89952602256612,False
5,22,447,-1332500.0,-327500.0,101.02898478442475,-0.9000211256987143,False
5,23,448,-1327500.0,-327500.0,101.07390060993689,-0.9005143745776872,False
5,24,449,-1322500.0,-327500.0,101.11881647555232,-0.9010057692021446,False
5,25,450,-1317500.0,-327500.0,101.16373238112006,-0.9014953095712078,False
5,26,451,-1312500.0,-327500.0,101.20864832648913,-0.9019829956844013,False
5,27,452,-1307500.0,-327500.0,101.25356431150854,-0.9024688275413236,False
5,28,453,-1302500.0,-327500.0,101.29848033602734,-0.9029528051407381,False
5,29,454,-1297500.0,-327500.0,101.34339639989453,-0.9034349284823505,False
5,30,455,-1292500.0,-327500.0,101.38831250295911,-0.9039151975650594,False
5,31,456,-1287500.0,-327500.0,101.43322864507013,-0.9043936123887351,False
5,32,457,-1282500.0,-327500.0,101.4781448260766,-0.9048701729521605,False
5,33,458,-1277500.0,-327500.0,101.52306104582753,-0.9053448792550096,False
5,34,459,-1272500.0,-327500.0,101.56797730417193,-0.9058177312964247,False
5,35,460,-1267500.0,-327500.0,101.61289360095883,-0.9062887290760505,False
5,36,461,-1262500.0,-327500.0,101.65780993603724,-0.9067578725926778,False
5,37,462,-1257500.0,-327500.0,101.70272630925616,-0.907225161846195,False
5,38,463,-1252500.0,-327500.0,101.74764272046464,-0.9076905968353046,True
5,39,464,-1247500.0,-327500.0,101.79255916951165,-0.9081541775599524,True
5,40,465,-1242500.0,-327500.0,101.83747565624621,-0.908615904019319,True
5,41,466,-1237500.0,-327500.0,101.88239218051736,-0.9090757762123347,True
5,42,467,-1232500.0,-327500.0,101.92730874217408,-0.9095337941388638,True
5,43,468,-1227500.0,-327500.0,101.97222534106537,-0.9099899577978553,False
5,44,469,-1222500.0,-327500.0,102.01714197704027,-0.9104442671890451,False
5,45,470,-1217500.0,-327500.0,102.06205864994777,-0.9108967223114992,False
5,46,471,-1212500.0,-327500.0,102.10697535963688,-0.9113473231645641,True
5,47,472,-1207500.0,-327500.0,102.1518921059566,-0.9117960697476472,False
5,48,473,-1202500.0,-327500.0,102.19680888875595,-0.9122429620602294,True
5,49,474,-1197500.0,-327500.0,102.24172570788393,-0.912688000101465,True
5,50,475,-1192500.0,-327500.0,102.28664256318953,-0.9131311838707369,True
5,51,476,-1187500.0,-327500.0,102.33155945452177,-0.9135725133675124,True
5,52,477,-1182500.0,-327500.0,102.37647638172965,-0.9140119885910264,True
5,53,478,-1177500.0,-327500.0,102.42139334466215,-0.9144496095407757,True
5,54,479,-1172500.0,-327500.0,102.46631034316829,-0.9148853762160154,True
5,55,480,-1167500.0,-327500.0,102.51122737709707,-0.9153192886162791,True
5,56,481,-1162500.0,-327500.0,102.55614444629748,-0.9157513467406184,True
5,57,482,-1157500.0,-327500.0,102.60106155061854,-0.9161815505889368,True
5,58,483,-1152500.0,-327500.0,102.64597868990923,-0.9166099001599352,True
5,59,484,-1147500.0,-327500.0,102.69089586401854,-0.9170363954534679,True
5,60,485,-1142500.0,-327500.0,102.7358130727955,-0.9174610364685853,True
5,61,486,-1137500.0,-327500.0,102.78073031608908,-0.9178838232051924,True
5,62,487,-1132500.0,-327500.0,102.82564759374827,-0.9183047556620366,True
5,63,488,-1127500.0,-327500.0,102.87056490562206,-0.9187238338389343,False
5,64,489,-1122500.0,-327500.0,102.91548225155948,-0.9191410577352771,False
5,65,490,-1117500.0,-327500.0,102.9603996314095,-0.9195564273501396,False
5,66,491,-1112500.0,-327500.0,103.00531704502109,-0.9199699426830799,False
5,67,492,-1107500.0,-327500.0,103.05023449224329,-0.9203816037333958,False
5,68,493,-1102500.0,-327500.0,103.09515197292507,-0.9207914105008705,False
5,69,494,-1097500.0,-327500.0,103.1400694869154,-0.9211993629844509,False
5,70,495,-1092500.0,-327500.0,103.18498703406328,-0.9216054611837629,False
5,71,496,-1087500.0,-327500.0,103.22990461421772,-0.9220097050981837,False
5,72,497,-1082500.0,-327500.0,103.27482222722769,-0.9224120947267926,False
5,73,498,-1077500.0,-327500.0,103.31973987294218,-0.9228126300694538,False
5,74,499,-1072500.0,-327500.0,103.36465755121019,-0.9232113111255601,False
5,75,500,-1067500.0,-327500.0,103.40957526188069,-0.923608137894322,False
5,76,501,-1062500.0,-327500.0,103.45449300480267,-0.924003110375336,False
5,77,502,-1057500.0,-327500.0,103.49941077982513,-0.9243962285677156,False
5,78,503,-1052500.0,-327500.0,103.54432858679702,-0.9247874924709408,False
5,79,504,-1047500.0,-327500.0,103.58924642556735,-0.9251769020847689,False
5,80,505,-1042500.0,-327500.0,103.6341642959851,-0.9255644574082015,False
5,81,506,-1037500.0,-327500.0,103.67908219789925,-0.9259501584411144,False
5,82,507,-1032500.0,-327500.0,103.72400013115879,-0.9263340051824882,False
5,83,508,-1027500.0,-327500.0,103.76891809561269,-0.9267159976319361,False
5,84,509,-1022500.0,-327500.0,103.81383609110993,-0.9270961357889564,False
6,0,510,-1442500.0,-322500.0,100.04137843251262,-0.8434815370574271,False
6,1,511,-1437500.0,-322500.0,100.08629149627554,-0.8440155731529727,False
6,2,512,-1432500.0,-322500.0,100.13120460345766,-0.844547755027087,False
6,3,513,-1427500.0,-322500.0,100.17611775390809,-0.8450780826798668,False
6,4,514,-1422500.0,-322500.0,100.22103094747587,-0.8456065561102714,False
6,5,515,-1417500.0,-322500.0,100.26594418401004,-0.8461331753173233,False
6,6,516,-1412500.0,-322500.0,100.31085746335968,-0.8466579403008795,False
6,7,517,-1407500.0,-322500.0,100.35577078537383,-0.8471808510596769,False
6,8,518,-1402500.0,-322500.0,100.40068414990155,-0.8477019075936101,False
6,9,519,-1397500.0,-322500.0,100.44559755679191,-0.8482211099015424,False
6,10,520,-1392500.0,-322500.0,100.49051100589395,-0.8487384579830357,False
6,11,521,-1387500.0,-322500.0,100.53542449705672,-0.8492539518371276,False
6,12,522,-1382500.0,-322500.0,100.58033803012928,-0.8497675914636023,False
6,13,523,-1377500.0,-322500.0,100.62525160496067,-0.8502793768612923,False
6,14,524,-1372500.0,-322500.0,100.67016522139997,-0.8507893080297566,False
6,15,525,-1367500.0,-322500.0,100.7150788792962,-0.8512973849683919,False
6,16,526,-1362500.0,-322500.0,100.75999257849841,-0.8518036076763071,False
6,17,527,-1357500.0,-322500.0,100.80490631885567,-0.8523079761530448,False
6,18,528,-1352500.0,-322500.0,100.84982010021702,-0.8528104903979469,False
6,19,529,-1347500.0,-322500.0,100.89473392243148,-0.8533111504099686,False
6,20,530,-1342500.0,-322500.0,100.93964778534813,-0.8538099561890473,False
6,21,531,-1337500.0,-322500.0,100.984561688816,-0.8543069077337371,False
6,22,532,-1332500.0,-322500.0,101.02947563268414,-0.8548020050442463,False
6,23,533,-1327500.0,-322500.0,101.07438961680158,-0.8552952481193047,False
6,24,534,-1322500.0,-322500.0,101.11930364101738,-0.8557866369583487,False
6,25,535,-1317500.0,-322500.0,101.16421770518058,-0.8562761715608781,False
6,26,536,-1312500.0,-322500.0,101.2091318091402,-0.8567638519263866,False
6,27,537,-1307500.0,-322500.0,101.2540459527453,-0.8572496780537189,False
6,28,538,-1302500.0,-322500.0,101.29896013584491,-0.8577336499424175,False
6,29,539,-1297500.0,-322500.0,101.34387435828806,-0.8582157675922139,False
6,30,540,-1292500.0,-322500.0,101.38878861992382,-0.8586960310020445,False
6,31,541,-1287500.0,-322500.0,101.4337029206012,-0.8591744401713867,False
6,32,542,-1282500.0,-322500.0,101.47861726016923,-0.8596509950995564,False
6,33,543,-1277500.0,-322500.0,101.52353163847698,-0.8601256957858735,False
6,34,544,-1272500.0,-322500.0,101.56844605537344,-0.8605985422298004,False
6,35,545,-1267500.0,-322500.0,101.61336051070768,-0.861069534430773,False
6,36,546,-1262500.0,-322500.0,101.6582750043287,-0.861538672387901,False
6,37,547,-1257500.0,-322500.0,101.70318953608557,-0.8620059561007084,False
6,38,548,-1252500.0,-322500.0,101.7481041058273,-0.8624713855684689,True
6,39,549,-1247500.0,-322500.0,101.79301871340292,-0.8629349607909115,True
6,40,550,-1242500.0,-322500.0,101.83793335866146,-0.8633966817668505,True
6,41,551,-1237500.0,-322500.0,101.88284804145194,-0.8638565484959746,True
6,42,552,-1232500.0,-322500.0,101.92776276162341,-0.8643145609777625,True
6,43,553,-1227500.0,-322500.0,101.97267751902488,-0.8647707192112954,True
6,44,554,-1222500.0,-322500.0,102.0175923135054,-0.8652250231960712,True
6,45,555,-1217500.0,-322500.0,102.06250714491398,-0.8656774729314248,True
6,46,556,-1212500.0,-322500.0,102.10742201309964,-0.8661280684170877,True
6,47,557,-1207500.0,-322500.0,102.15233691791141,-0.8665768096520525,True
6,48,558,-1202500.0,-322500.0,102.19725185919832,-0.8670236966356393,True
6,49,559,-1197500.0,-322500.0,102.24216683680937,-0.8674687293674267,True
6,50,560,-1192500.0,-322500.0,102.28708185059361,-0.8679119078470855,True
6,51,561,-1187500.0,-322500.0,102.33199690040004,-0.8683532320733931,True
6,52,562,-1182500.0,-322500.0,102.37691198607772,-0.8687927020460979,True
6,53,563,-1177500.0,-322500.0,102.42182710747561,-0.8692303177646898,True
6,54,564,-1172500.0,-322500.0,102.46674226444279,-0.869666079228184,True
6,55,565,-1167500.0,-322500.0,102.51165745682823,-0.870099986436392,True
6,56,566,-1162500.0,-322500.0,102.55657268448098,-0.870532039388592,True
6,57,567,-1157500.0,-322500.0,102.60148794725004,-0.8709622380841464,True
6,58,568,-1152500.0,-322500.0,102.64640324498444,-0.8713905825224502,True
6,59,569,-1147500.0,-322500.0,102.69131857753318,-0.8718170727028448,True
6,60,570,-1142500.0,-322500.0,102.73623394474528,-0.8722417086249701,True
6,61,571,-1137500.0,-322500.0,102.78114934646977,-0.8726644902878349,True
6,62,572,-1132500.0,-322500.0,102.82606478255566,-0.8730854176913804,True
6,63,573,-1127500.0,-322500.0,102.87098025285194,-0.8735044908346258,True
6,64,574,-1122500.0,-322500.0,102.91589575720764,-0.8739217097169063,True
6,65,575,-1117500.0,-322500.0,102.96081129547177,-0.8743370743380406,False
6,66,576,-1112500.0,-322500.0,103.00572686749335,-0.8747505846971887,False
6,67,577,-1107500.0,-322500.0,103.05064247312137,-0.875162240793905,False
6,68,578,-1102500.0,-322500.0,103.09555811220484,-0.8755720426276808,False
6,69,579,-1097500.0,-322500.0,103.14047378459281,-0.8759799901975346,False
6,70,580,-1092500.0,-322500.0,103.18538949013424,-0.8763860835033369,False
6,71,581,-1087500.0,-322500.0,103.23030522867815,-0.8767903225443198,False
6,72,582,-1082500.0,-322500.0,103.27522100007357,-0.8771927073201595,False
6,73,583,-1077500.0,-322500.0,103.32013680416948,-0.8775932378298736,False
6,74,584,-1072500.0,-322500.0,103.3650526408149,-0.8779919140732058,False
6,75,585,-1067500.0,-322500.0,103.40996850985883,-0.8783887360495342,False
6,76,586,-1062500.0,-322500.0,103.45488441115026,-0.8787837037581926,False
6,77,587,-1057500.0,-322500.0,103.49980034453823,-0.8791768171988519,False
6,78,588,-1052500.0,-322500.0,103.5447163098717,-0.8795680763707575,False
6,79,589,-1047500.0,-322500.0,103.5896323069997,-0.8799574812734337,False
6,80,590,-1042500.0,-322500.0,103.63454833577123,-0.8803450319063213,False
6,81,591,-1037500.0,-322500.0,103.6794643960353,-0.8807307282688858,False
6,82,592,-1032500.0,-322500.0,103.72438048764087,-0.8811145703604109,False
6,83,593,-1027500.0,-322500.0,103.76929661043698,-0.8814965581808216,False
6,84,594,-1022500.0,-322500.0,103.81421276427263,-0.8818766917290506,False
7,0,595,-1442500.0,-317500.0,100.04190974659981,-0.798261205782944,False
7,1,596,-1437500.0,-317500.0,100.08682096923218,-0.7987952359989403,False
7,2,597,-1432500.0,-317500.0,100.1317322352784,-0.799327412010961,False
7,3,598,-1427500.0,-317500.0,100.17664354458763,-0.7998577338175819,False
7,4,599,-1422500.0,-317500.0,100.22155489700889,-0.8003862014186913,False
7,5,600,-1417500.0,-317500.0,100.26646629239126,-0.8009128148134597,False
7,6,601,-1412500.0,-317500.0,100.31137773058383,-0.8014375740011184,False
7,7,602,-1407500.0,-317500.0,100.35628921143567,-0.8019604789809629,False
7,8,603,-1402500.0,-317500.0,100.40120073479585,-0.8024815297528003,False
7,9,604,-1397500.0,-317500.0,100.44611230051345,-0.8030007263154457,False
7,10,605,-1392500.0,-317500.0,100.49102390843754,-0.803518068668656,False
7,11,606,-1387500.0,-317500.0,100.5359355584172,-0.8040335568114887,False
7,12,607,-1382500.0,-317500.0,100.58084725030149,-0.804547190743729,False
7,13,608,-1377500.0,-317500.0,100.62575898393948,-0.8050589704639157,False
7,14,609,-1372500.0,-317500.0,100.67067075918025,-0.80556889597231,False
7,15,610,-1367500.0,-317500.0,100.71558257587286,-0.806076967267792,False
7,16,611,-1362500.0,-317500.0,100.76049443386637,-0.8065831843497132,False
7,17,612,-1357500.0,-317500.0,100.80540633300986,-0.8070875472176257,False
7,18,613,-1352500.0,-317500.0,100.8503182731524,-0.8075900558710457,False
7,19,614,-1347500.0,-317500.0,100.89523025414304,-0.8080907103087929,False
7,20,615,-1342500.0,-317500.0,100.94014227583084,-0.8085895105308594,False
7,21,616,-1337500.0,-317500.0,100.98505433806488,-0.8090864565358391,False
7,22,617,-1332500.0,-317500.0,101.02996644069422,-0.8095815483241825,False
7,23,618,-1327500.0,-317500.0,101.07487858356794,-0.8100747858945683,False
7,24,619,-1322500.0,-317500.0,101.11979076653506,-0.8105661692460132,False
7,25,620,-1317500.0,-317500.0,101.16470298944465,-0.8110556983787259,False
7,26,621,-1312500.0,-317500.0,101.2096152521458,-0.8115433732915359,False
7,27,622,-1307500.0,-317500.0,101.25452755448754,-0.8120291939841937,False
7,28,623,-1302500.0,-317500.0,101.29943989631893,-0.8125131604556918,False
7,29,624,-1297500.0,-317500.0,101.34435227748904,-0.8129952727059067,False
7,30,625,-1292500.0,-317500.0,101.38926469784691,-0.8134755307338013,False
7,31,626,-1287500.0,-317500.0,101.4341771572416,-0.8139539345388311,False
7,32,627,-1282500.0,-317500.0,101.47908965552217,-0.8144304841205918,False
7,33,628,-1277500.0,-317500.0,101.5240021925377,-0.8149051794781577,False
7,34,629,-1272500.0,-317500.0,101.56891476813719,-0.815378020611172,True
7,35,630,-1267500.0,-317500.0,101.61382738216972,-0.8158490075191855,True
7,36,631,-1262500.0,-317500.0,101.65874003448434,-0.8163181402012846,True
7,37,632,-1257500.0,-317500.0,101.70365272493011,-0.8167854186565804,True
7,38,633,-1252500.0,-317500.0,101.74856545335606,-0.8172508428852603,True
7,39,634,-1247500.0,-317500.0,101.79347821961126,-0.8177144128861127,True
7,40,635,-1242500.0,-317500.0,101.83839102354473,-0.8181761286589629,True
7,41,636,-1237500.0,-317500.0,101.88330386500556,-0.8186359902026469,True
7,42,637,-1232500.0,-317500.0,101.92821674384275,-0.8190939975173311,True
7,43,638,-1227500.0,-317500.0,101.97312965990538,-0.8195501506018008,True
7,44,639,-1222500.0,-317500.0,102.01804261304248,-0.8200044494555099,True
7,45,640,-1217500.0,-317500.0,102.06295560310309,-0.8204568940783262,True
7,46,641,-1212500.0,-317500.0,102.10786862993628,-0.8209074844695554,True
7,47,642,-1207500.0,-317500.0,102.15278169339108,-0.8213562206280012,True
7,48,643,-1202500.0,-317500.0,102.1976947933165,-0.8218031025539149,True
7,49,644,-1197500.0,-317500.0,102.24260792956163,-0.8222481302461291,True
7,50,645,-1192500.0,-317500.0,102.28752110197547,-0.8226913037042592,True
7,51,646,-1187500.0,-317500.0,102.3324343104071,-0.8231326229278106,True
7,52,647,-1182500.0,-317500.0,102.37734755470554,-0.823572087916154,True
7,53,648,-1177500.0,-317500.0,102.42226083471984,-0.824009698668862,True
7,54,649,-1172500.0,-317500.0,102.467174150299,-0.8244454551849637,True
7,55,650,-1167500.0,-317500.0,102.51208750129209,-0.8248793574641956,True
7,56,651,-1162500.0,-317500.0,102.55700088754816,-0.82531140550589,True
7,57,652,-1157500.0,-317500.0,102.60191430891621,-0.8257415993095183,True
7,58,653,-1152500.0,-317500.0,102.64682776524529,-0.8261699388744991,True
7,59,654,-1147500.0,-317500.0,102.69174125638445,-0.8265964242006263,True
7,60,655,-1142500.0,-317500.0,102.7366547821827,-0.827021055286742,True
7,61,656,-1137500.0,-317500.0,102.78156834248908,-0.8274438321324928,True
7,62,657,-1132500.0,-317500.0,102.82648193715265,-0.8278647547376079,True
7,63,658,-1127500.0,-317500.0,102.8713955660224,-0.8282838231011574,True
7,64,659,-1122500.0,-317500.0,102.91630922894738,-0.8287010372228606,True
7,65,660,-1117500.0,-317500.0,102.96122292577661,-0.8291163971019521,False
7,66,661,-1112500.0,-317500.0,103.00613665635915,-0.8295299027380242,False
7,67,662,-1107500.0,-317500.0,103.05105042054399,-0.8299415541304771,False
7,68,663,-1102500.0,-317500.0,103.09596421818019,-0.8303513512788533,False
7,69,664,-1097500.0,-317500.0,103.14087804911674,-0.8307592941824252,False
7,70,665,-1092500.0,-317500.0,103.1857919132027,-0.8311653828408618,False
7,71,666,-1087500.0,-317500.0,103.23070581028709,-0.8315696172536599,False
7,72,667,-1082500.0,-317500.0,103.27561974021894,-0.8319719974203601,False
7,73,668,-1077500.0,-317500.0,103.32053370284726,-0.832372523339708,False
7,74,669,-1072500.0,-317500.0,103.36544769802109,-0.8327711950121903,False
7,75,670,-1067500.0,-317500.0,103.41036172558944,-0.8331680124364048,False
7,76,671,-1062500.0,-317500.0,103.45527578540134,-0.8335629756125166,False
7,77,672,-1057500.0,-317500.0,103.5001898773058,-0.8339560845396599,False
7,78,673,-1052500.0,-317500.0,103.54510400115187,-0.8343473392171395,False
7,79,674,-1047500.0,-317500.0,103.59001815678853,-0.8347367396445777,False
7,80,675,-1042500.0,-317500.0,103.63493234406484,-0.8351242858217864,False
7,81,676,-1037500.0,-317500.0,103.6798465628298,-0.8355099777479379,False
7,82,677,-1032500.0,-317500.0,103.72476081293244,-0.8358938154224346,False
7,83,678,-1027500.0,-317500.0,103.76967509422177,-0.8362757988452189,False
7,84,679,-1022500.0,-317500.0,103.81458940654679,-0.836655928015292,False
8,0,680,-1442500.0,-312500.0,100.04244101712219,-0.7530395042113284,False
8,1,681,-1437500.0,-312500.0,100.08735039877493,-0.7535735288723077,False
8,2,682,-1432500.0,-312500.0,100.1322598238362,-0.7541056993442268,False
8,3,683,-1427500.0,-312500.0,100.17716929215513,-0.7546360156263465,False
8,4,684,-1422500.0,-312500.0,100.22207880358077,-0.7551644777184972,False
8,5,685,-1417500.0,-312500.0,100.26698835796228,-0.7556910856199077,False
8,6,686,-1412500.0,-312500.0,100.3118979551487,-0.7562158393299292,False
8,7,687,-1407500.0,-312500.0,100.35680759498916,-0.7567387388477796,False
8,8,688,-1402500.0,-312500.0,100.40171727733272,-0.7572597841733636,False
8,9,689,-1397500.0,-312500.0,100.4466270020285,-0.7577789753054585,False
8,10,690,-1392500.0,-312500.0,100.49153676892558,-0.7582963122440157,False
8,11,691,-1387500.0,-312500.0,100.53644657787305,-0.7588117949879382,False
8,12,692,-1382500.0,-312500.0,100.58135642871999,-0.7593254235371073,False
8,13,693,-1377500.0,-312500.0,100.6262663213155,-0.7598371978904339,False
8,14,694,-1372500.0,-312500.0,100.67117625550868,-0.7603471180474173,False
8,15,695,-1367500.0,-312500.0,100.71608623114861,-0.7608551840076977,False
8,16,696,-1362500.0,-312500.0,100.76099624808434,-0.7613613957708616,False
8,17,697,-1357500.0,-312500.0,100.80590630616501,-0.7618657533357179,False
8,18,698,-1352500.0,-312500.0,100.85081640523967,-0.7623682567020563,False
8,19,699,-1347500.0,-312500.0,100.8957265451574,-0.7628689058689283,False
8,20,700,-1342500.0,-312500.0,100.94063672576732,-0.7633677008364433,False
8,21,701,-1337500.0,-312500.0,100.98554694691848,-0.7638646416031933,False
8,22,702,-1332500.0,-312500.0,101.03045720845996,-0.7643597281692768,False
8,23,703,-1327500.0,-312500.0,101.07536751024085,-0.7648529605334882,False
8,24,704,-1322500.0,-312500.0,101.12027785211023,-0.7653443386956803,False
8,25,705,-1317500.0,-312500.0,101.1651882339172,-0.7658338626553206,False
8,26,706,-1312500.0,-312500.0,101.21009865551079,-0.7663215324112351,False
8,27,707,-1307500.0,-312500.0,101.25500911674011,-0.7668073479635631,False
8,28,708,-1302500.0,-312500.0,101.29991961745424,-0.7672913093113928,False
8,29,709,-1297500.0,-312500.0,101.34483015750222,-0.7677734164539934,False
8,30,710,-1292500.0,-312500.0,101.38974073673317,-0.7682536693910859,False
8,31,711,-1287500.0,-312500.0,101.43465135499613,-0.768732068121987,False
8,32,712,-1282500.0,-312500.0,101.47956201214019,-0.7692086126459969,True
8,33,713,-1277500.0,-312500.0,101.52447270801443,-0.7696833029625966,True
8,34,714,-1272500.0,-312500.0,101.5693834424679,-0.7701561390713485,True
8,35,715,-1267500.0,-312500.0,101.61429421534967,-0.770627120971566,True
8,36,716,-1262500.0,-312500.0,101.65920502650884,-0.771096248662801,True
8,37,717,-1257500.0,-312500.0,101.70411587579446,-0.7715635221444919,True
8,38,718,-1252500.0,-312500.0,101.7490267630556,-0.7720289414157114,True
8,39,719,-1247500.0,-312500.0,101.79393768814131,-0.7724925064765115,True
8,40,720,-1242500.0,-312500.0,101.83884865090069,-0.7729542173256998,True
8,41,721,-1237500.0,-312500.0,101.88375965118277,-0.7734140739632008,True
8,42,722,-1232500.0,-312500.0,101.92867068883666,-0.773872076388025,True
8,43,723,-1227500.0,-312500.0,101.97358176371138,-0.7743282246000275,True
8,44,724,-1222500.0,-312500.0,102.01849287565604,-0.7747825185985988,True
8,45,725,-1217500.0,-312500.0,102.06340402451966,-0.7752349583827627,True
8,46,726,-1212500.0,-312500.0,102.1083152101513,-0.7756855439522696,True
8,47,727,-1207500.0,-312500.0,102.15322643240007,-0.7761342753070302,True
8,48,728,-1202500.0,-312500.0,102.19813769111501,-0.7765811524456329,True
8,49,729,-1197500.0,-312500.0,102.24304898614514,-0.7770261753681141,True
8,50,730,-1192500.0,-312500.0,102.28796031733957,-0.7774693440734994,True
8,51,731,-1187500.0,-312500.0,102.33287168454734,-0.7779106585618732,True
8,52,732,-1182500.0,-312500.0,102.37778308761752,-0.7783501188323871,True
8,53,733,-1177500.0,-312500.0,102.42269452639914,-0.7787877248839048,True
8,54,734,-1172500.0,-312500.0,102.46760600074128,-0.7792234767168157,True
8,55,735,-1167500.0,-312500.0,102.512517510493,-0.7796573743302457,True
8,56,736,-1162500.0,-312500.0,102.55742905550333,-0.7800894177233444,True
8,57,737,-1157500.0,-312500.0,102.60234063562135,-0.7805196068961635,True
8,58,738,-1152500.0,-312500.0,102.64725225069608,-0.780947941847569,True
8,59,739,-1147500.0,-312500.0,102.69216390057662,-0.7813744225774061,True
8,60,740,-1142500.0,-312500.0,102.73707558511198,-0.7817990490850371,True
8,61,741,-1137500.0,-312500.0,102.78198730415124,-0.7822218213700628,True
8,62,742,-1132500.0,-312500.0,102.82689905754343,-0.7826427394318346,True
8,63,743,-1127500.0,-312500.0,102.87181084513762,-0.7830618032699043,True
8,64,744,-1122500.0,-312500.0,102.91672266678285,-0.7834790128834362,True
8,65,745,-1117500.0,-312500.0,102.96163452232817,-0.783894368272576,True
8,66,746,-1112500.0,-312500.0,103.00654641162261,-0.7843078694359317,False
8,67,747,-1107500.0,-312500.0,103.05145833451526,-0.7847195163740676,False
8,68,748,-1102500.0,-312500.0,103.09637029085513,-0.785129309085522,False
8,69,749,-1097500.0,-312500.0,103.14128228049127,-0.785537247570185,False
8,70,750,-1092500.0,-312500.0,103.18619430327276,-0.7859433318273076,False
8,71,751,-1087500.0,-312500.0,103.2311063590486,-0.7863475618566116,False
8,72,752,-1082500.0,-312500.0,103.27601844766785,-0.7867499376579816,False
8,73,753,-1077500.0,-312500.0,103.32093056897955,-0.7871504592300762,False
8,74,754,-1072500.0,-312500.0,103.36584272283275,-0.7875491265731974,True
8,75,755,-1067500.0,-312500.0,103.4107549090765,-0.7879459396859749,False
8,76,756,-1062500.0,-312500.0,103.45566712755983,-0.7883408985686602,False
8,77,757,-1057500.0,-312500.0,103.50057937813179,-0.7887340032205747,False
8,78,758,-1052500.0,-312500.0,103.54549166064142,-0.7891252536411407,False
8,79,759,-1047500.0,-312500.0,103.59040397493774,-0.7895146498299617,False
8,80,760,-1042500.0,-312500.0,103.63531632086979,-0.7899021917861179,False
8,81,761,-1037500.0,-312500.0,103.68022869828664,-0.7902878795094745,False
8,82,762,-1032500.0,-312500.0,103.7251411070373,-0.7906717129995509,False
8,83,763,-1027500.0,-312500.0,103.77005354697081,-0.7910536922561233,False
8,84,764,-1022500.0,-312500.0,103.81496601793624,-0.791433817278174,False
9,0,765,-1442500.0,-307500.0,100.04297224408514,-0.7078164049696192,False
9,1,766,-1437500.0,-307500.0,100.08787978490913,-0.7083504243984651,False
9,2,767,-1432500.0,-307500.0,100.13278736913634,-0.7088825896531619,False
9,3,768,-1427500.0,-307500.0,100.17769499661587,-0.7094129007322314,False
9,4,769,-1422500.0,-307500.0,100.22260266719685,-0.709941357635992,False
9,5,770,-1417500.0,-307500.0,100.26751038072837,-0.7104679603632059,False
9,6,771,-1412500.0,-307500.0,100.31241813705957,-0.7109927089134983,False
9,7,772,-1407500.0,-307500.0,100.35732593603953,-0.7115156032865563,False
9,8,773,-1402500.0,-307500.0,100.4022337775174,-0.7120366434816409,False
9,9,774,-1397500.0,-307500.0,100.44714166134226,-0.7125558294980957,False
9,10,775,-1392500.0,-307500.0,100.49204958736323,-0.7130731613355027,False
9,11,776,-1387500.0,-307500.0,100.53695755542941,-0.7135886389931931,False
9,12,777,-1382500.0,-307500.0,100.58186556538993,-0.7141022624706003,False
9,13,778,-1377500.0,-307500.0,100.62677361709387,-0.7146140317669476,False
9,14,779,-1372500.0,-307500.0,100.67168171039037,-0.7151239468820649,False
9,15,780,-1367500.0,-307500.0,100.71658984512852,-0.7156320078153787,False
9,16,781,-1362500.0,-307500.0,100.76149802115741,-0.7161382145658491,False
9,17,782,-1357500.0,-307500.0,100.80640623832615,-0.716642567133515,False
9,18,783,-1352500.0,-307500.0,100.85131449648385,-0.7171450655174035,False
9,19,784,-1347500.0,-307500.0,100.89622279547962,-0.717645709717463,False
9,20,785,-1342500.0,-307500.0,100.94113113516255,-0.7181444997322413,False
9,21,786,-1337500.0,-307500.0,100.98603951538172,-0.7186414355620264,False
9,22,787,-1332500.0,-307500.0,101.03094793598628,-0.719136517205959,False
9,23,788,-1327500.0,-307500.0,101.07585639682529,-0.7196297446634183,False
9,24,789,-1322500.0,-307500.0,101.12076489774786,-0.7201211179340598,False
9,25,790,-1317500.0,-307500.0,101.1656734386031,-0.7206106370169199,False
9,26,791,-1312500.0,-307500.0,101.21058201924006,-0.721098301912033,False
9,27,792,-1307500.0,-307500.0,101.25549063950788,-0.7215841126184428,False
9,28,793,-1302500.0,-307500.0,101.30039929925564,-0.7220680691356461,False
9,29,794,-1297500.0,-307500.0,101.34530799833246,-0.7225501714631242,False
9,30,795,-1292500.0,-307500.0,101.3902167365874,-0.723030419600615,False
9,31,796,-1287500.0,-307500.0,101.43512551386956,-0.723508813547198,True
9,32,797,-1282500.0,-307500.0,101.48003433002803,-0.7239853533022887,True
9,33,798,-1277500.0,-307500.0,101.52494318491192,-0.7244600388659495,True
9,34,799,-1272500.0,-307500.0,101.5698520783703,-0.7249328702371556,True
9,35,800,-1267500.0,-307500.0,101.61476101025225,-0.725403847415431,True
9,36,801,-1262500.0,-307500.0,101.65966998040689,-0.7258729704001293,True
9,37,802,-1257500.0,-307500.0,101.70457898868328,-0.7263402391907839,True
9,38,803,-1252500.0,-307500.0,101.74948803493054,-0.7268056537871065,True
9,39,804,-1247500.0,-307500.0,101.79439711899772,-0.7272692141881711,True
9,40,805,-1242500.0,-307500.0,101.8393062407339,-0.7277309203942239,True
9,41,806,-1237500.0,-307500.0,101.88421539998822,-0.7281907724035086,True
9,42,807,-1232500.0,-307500.0,101.92912459660971,-0.7286487702168851,True
9,43,808,-1227500.0,-307500.0,101.97403383044748,-0.7291049138327595,True
9,44,809,-1222500.0,-307500.0,102.01894310135062,-0.7295592032513382,True
9,45,810,-1217500.0,-307500.0,102.06385240916818,-0.7300116384713086,True
9,46,811,-1212500.0,-307500.0,102.10876175374925,-0.7304622194927283,True
9,47,812,-1207500.0,-307500.0,102.15367113494293,-0.7309109463148399,True
9,48,813,-1202500.0,-307500.0,102.19858055259829,-0.7313578189376901,True
9,49,814,-1197500.0,-307500.0,102.2434900065644,-0.731802837360003,True
9,50,815,-1192500.0,-307500.0,102.28839949669033,-0.7322460015815603,True
9,51,816,-1187500.0,-307500.0,102.3333090228252,-0.7326873116020891,True
9,52,817,-1182500.0,-307500.0,102.37821858481804,-0.733126767420619,True
9,53,818,-1177500.0,-307500.0,102.42312818251796,-0.7335643690370806,True
9,54,819,-1172500.0,-307500.0,102.46803781577401,-0.7340001164507849,True
9,55,820,-1167500.0,-307500.0,102.51294748443527,-0.7344340096612025,True
9,56,821,-1162500.0,-307500.0,102.55785718835082,-0.7348660486676536,True
9,57,822,-1157500.0,-307500.0,102.60276692736973,-0.7352962334702212,True
9,58,823,-1152500.0,-307500.0,102.64767670134108,-0.7357245640676289,True
9,59,824,-1147500.0,-307500.0,102.69258651011394,-0.7361510404602034,True
9,60,825,-1142500.0,-307500.0,102.73749635353737,-0.7365756626465588,True
9,61,826,-1137500.0,-307500.0,102.78240623146044,-0.7369984306270109,True
9,62,827,-1132500.0,-307500.0,102.82731614373223,-0.7374193444007682,True
9,63,828,-1127500.0,-307500.0,102.8722260902018,-0.7378384039674133,True
9,64,829,-1122500.0,-307500.0,102.91713607071823,-0.7382556093261041,True
9,65,830,-1117500.0,-307500.0,102.96204608513058,-0.7386709604763937,True
9,66,831,-1112500.0,-307500.0,103.00695613328791,-0.7390844574181307,True
9,67,832,-1107500.0,-307500.0,103.0518662150393,-0.7394961001510327,True
9,68,833,-1102500.0,-307500.0,103.0967763302338,-0.7399058886738655,True
9,69,834,-1097500.0,-307500.0,103.14168647872049,-0.7403138229869202,True
9,70,835,-1092500.0,-307500.0,103.18659666034843,-0.7407199030893609,True
9,71,836,-1087500.0,-307500.0,103.23150687496667,-0.7411241289805127,True
9,72,837,-1082500.0,-307500.0,103.27641712242429,-0.7415265006604065,True
9,73,838,-1077500.0,-307500.0,103.32132740257035,-0.7419270181280444,True
9,74,839,-1072500.0,-307500.0,103.36623771525389,-0.7423256813830563,True
9,75,840,-1067500.0,-307500.0,103.411148060324,-0.742722490425428,True
9,76,841,-1062500.0,-307500.0,103.45605843762972,-0.7431174452540182,False
9,77,842,-1057500.0,-307500.0,103.50096884702012,-0.7435105458689584,False
9,78,843,-1052500.0,-307500.0,103.54587928834427,-0.7439017922697001,False
9,79,844,-1047500.0,-307500.0,103.59078976145119,-0.7442911844551936,False
9,80,845,-1042500.0,-307500.0,103.63570026618997,-0.7446787224255833,False
9,81,846,-1037500.0,-307500.0,103.68061080240967,-0.7450644061804904,False
9,82,847,-1032500.0,-307500.0,103.72552136995932,-0.7454482357187607,False
9,83,848,-1027500.0,-307500.0,103.770431968688,-0.7458302110406104,False
9,84,849,-1022500.0,-307500.0,103.81534259844474,-0.7462103321453032,False
10,0,850,-1442500.0,-302500.0,100.04350342749399,-0.6625918806793629,False
10,1,851,-1437500.0,-302500.0,100.08840912764013,-0.6631258952004524,False
10,2,852,-1432500.0,-302500.0,100.13331487118415,-0.6636580555600182,False
10,3,853,-1427500.0,-302500.0,100.17822065797519,-0.6641883617577526,False
10,4,854,-1422500.0,-302500.0,100.22312648786234,-0.66471681379304,False
10,5,855,-1417500.0,-302500.0,100.2680323606948,-0.6652434116653849,False
10,6,856,-1412500.0,-302500.0,100.31293827632163,-0.6657681553746275,False
10,7,857,-1407500.0,-302500.0,100.35784423459202,-0.6662910449195198,False
10,8,858,-1402500.0,-302500.0,100.40275023535507,-0.6668120803000449,False
10,9,859,-1397500.0,-302500.0,100.44765627845989,-0.6673312615154694,False
10,10,860,-1392500.0,-302500.0,100.49256236375565,-0.6678485885654138,False
10,11,861,-1387500.0,-302500.0,100.53746849109146,-0.668364061449074,False
10,12,862,-1382500.0,-302500.0,100.58237466031643,-0.6688776801660978,False
10,13,863,-1377500.0,-302500.0,100.62728087127972,-0.6693894447161173,False
10,14,864,-1372500.0,-302500.0,100.67218712383043,-0.6698993550983977,False
10,15,865,-1367500.0,-302500.0,100.7170934178177,-0.6704074113121105,False
10,16,866,-1362500.0,-302500.0,100.76199975309062,-0.6709136133576405,False
10,17,867,-1357500.0,-302500.0,100.80690612949834,-0.671417961233757,False
10,18,868,-1352500.0,-302500.0,100.85181254688999,-0.6719204549397209,False
10,19,869,-1347500.0,-302500.0,100.89671900511468,-0.6724210944760454,False
10,20,870,-1342500.0,-302500.0,100.94162550402152,-0.6729198798410627,False
10,21,871,-1337500.0,-302500.0,100.98653204345963,-0.6734168110347276,False
10,22,872,-1332500.0,-302500.0,101.03143862327815,-0.6739118880567069,False
10,23,873,-1327500.0,-302500.0,101.07634524332617,-0.674405110906358,False
10,24,874,-1322500.0,-302500.0,101.12125190345282,-0.6748964795829069,False
10,25,875,-1317500.0,-302500.0,101.16615860350723,-0.6753859940864404,False
10,26,876,-1312500.0,-302500.0,101.21106534333849,-0.6758736544159385,False
10,27,877,-1307500.0,-302500.0,101.25597212279573,-0.6763594605711248,False
10,28,878,-1302500.0,-302500.0,101.30087894172806,-0.6768434125512024,False
10,29,879,-1297500.0,-302500.0,101.34578579998457,-0.6773255103557074,False
10,30,880,-1292500.0,-302500.0,101.39069269741441,-0.6778057539846496,True
10,31,881,-1287500.0,-302500.0,101.43559963386667,-0.6782841434368911,True
10,32,882,-1282500.0,-302500.0,101.48050660919047,-0.6787606787125079,True
10,33,883,-1277500.0,-302500.0,101.52541362323491,-0.6792353598107009,True
10,34,884,-1272500.0,-302500.0,101.5703206758491,-0.6797081867305986,True
10,35,885,-1267500.0,-302500.0,101.61522776688214,-0.6801791594723656,True
10,36,886,-1262500.0,-302500.0,101.66013489618317,-0.6806482780348844,True
10,37,887,-1257500.0,-302500.0,101.70504206360127,-0.6811155424183275,True
10,38,888,-1252500.0,-302500.0,101.74994926898553,-0.6815809526215855,True
10,39,889,-1247500.0,-302500.0,101.79485651218509,-0.682044508644546,True
10,40,890,-1242500.0,-302500.0,101.83976379304904,-0.6825062104866343,True
10,41,891,-1237500.0,-302500.0,101.88467111142647,-0.6829660581474342,True
10,42,892,-1232500.0,-302500.0,101.92957846716651,-0.683424051626222,True
10,43,893,-1227500.0,-302500.0,101.97448586011824,-0.6838801909227072,True
10,44,894,-1222500.0,-302500.0,102.01939329013075,-0.684334476036447,True
10,45,895,-1217500.0,-302500.0,102.06430075705318,-0.6847869069668079,True
10,46,896,-1212500.0,-302500.0,102.10920826073459,-0.6852374837130426,True
10,47,897,-1207500.0,-302500.0,102.1541158010241,-0.6856862062751105,True
10,48,898,-1202500.0,-302500.0,102.19902337777081,-0.6861330746523127,True
10,49,899,-1197500.0,-302500.0,102.2439309908238,-0.6865780888444794,True
10,50,900,-1192500.0,-302500.0,102.28883864003218,-0.6870212488508798,True
10,51,901,-1187500.0,-302500.0,102.33374632524506,-0.6874625546710997,True
10,52,902,-1182500.0,-302500.0,102.37865404631151,-0.6879020063043186,True
10,53,903,-1177500.0,-302500.0,102.42356180308063,-0.68833960375054,True
10,54,904,-1172500.0,-302500.0,102.46846959540152,-0.6887753470091861,True
10,55,905,-1167500.0,-302500.0,102.51337742312326,-0.6892092360798578,True
10,56,906,-1162500.0,-302500.0,102.55828528609496,-0.6896412709616154,True
10,57,907,-1157500.0,-302500.0,102.6031931841657,-0.690071451654712,True
10,58,908,-1152500.0,-302500.0,102.64810111718458,-0.6904997781580201,True
10,59,909,-1147500.0,-302500.0,102.6930090850007,-0.6909262504715674,True
10,60,910,-1142500.0,-302500.0,102.7379170874631,-0.6913508685946059,True
10,61,911,-1137500.0,-302500.0,102.78282512442092,-0.6917736325267221,True
10,62,912,-1132500.0,-302500.0,102.82773319572325,-0.6921945422674687,True
10,63,913,-1127500.0,-302500.0,102.87264130121913,-0.6926135978162455,True
10,64,914,-1122500.0,-302500.0,102.9175494407577,-0.6930307991728087,True
10,65,915,-1117500.0,-302500.0,102.962457614188,-0.6934461463367809,True
10,66,916,-1112500.0,-302500.0,103.00736582135916,-0.6938596393074975,True
10,67,917,-1107500.0,-302500.0,103.05227406212022,-0.6942712780846676,True
10,68,918,-1102500.0,-302500.0,103.09718233632029,-0.694681062667751,True
10,69,919,-1097500.0,-302500.0,103.14209064380846,-0.6950889930562705,True
10,70,920,-1092500.0,-302500.0,103.18699898443379,-0.6954950692497534,True
10,71,921,-1087500.0,-302500.0,103.23190735804538,-0.695899291248023,True
10,72,922,-1082500.0,-302500.0,103.27681576449228,-0.696301659049893,True
10,73,923,-1077500.0,-302500.0,103.32172420362362,-0.6967021726559167,True
10,74,924,-1072500.0,-302500.0,103.36663267528846,-0.697100832064897,True
10,75,925,-1067500.0,-302500.0,103.41154117933586,-0.697497637277045,False
10,76,926,-1062500.0,-302500.0,103.45644971561492,-0.6978925882912489,False
10,77,927,-1057500.0,-302500.0,103.50135828397471,-0.6982856851073774,False
10,78,928,-1052500.0,-302500.0,103.54626688426431,-0.6986769277254589,False
10,79,929,-1047500.0,-302500.0,103.5911755163328,-0.6990663161442978,False
10,80,930,-1042500.0,-302500.0,103.63608418002923,-0.6994538503635404,False
10,81,931,-1037500.0,-302500.0,103.68099287520272,-0.6998395303832867,False
10,82,932,-1032500.0,-302500.0,103.7259016017023,-0.7002233562027826,False
10,83,933,-1027500.0,-302500.0,103.77081035937708,-0.7006053278216093,False
10,84,934,-1022500.0,-302500.0,103.81571914807613,-0.7009854452391969,False
11,0,935,-1442500.0,-297500.0,100.04403456735409,-0.6173659039589976,False
11,1,936,-1437500.0,-297500.0,100.08893842697327,-0.6178999138953744,False
11,2,937,-1432500.0,-297500.0,100.13384232998497,-0.6184320696829262,False
11,3,938,-1427500.0,-297500.0,100.17874627623837,-0.6189623713206056,False
11,4,939,-1422500.0,-297500.0,100.22365026558259,-0.6194908188081881,False
11,5,940,-1417500.0,-297500.0,100.26855429786681,-0.6200174121450428,False
11,6,941,-1412500.0,-297500.0,100.31345837294018,-0.620542151330601,False
11,7,942,-1407500.0,-297500.0,100.35836249065183,-0.62106503636463,False
11,8,943,-1402500.0,-297500.0,100.40326665085092,-0.6215860672463532,False
11,9,944,-1397500.0,-297500.0,100.44817085338661,-0.6221052439757393,False
11,10,945,-1392500.0,-297500.0,100.49307509810804,-0.6226225665516492,False
11,11,946,-1387500.0,-297500.0,100.53797938486431,-0.6231380349739416,False
11,12,947,-1382500.0,-297500.0,100.58288371350464,-0.6236516492420302,False
11,13,948,-1377500.0,-297500.0,100.62778808387812,-0.6241634093556253,False
11,14,949,-1372500.0,-297500.0,100.67269249583393,-0.6246733153142847,False
11,15,950,-1367500.0,-297500.0,100.71759694922117,-0.6251813671170626,False
11,16,951,-1362500.0,-297500.0,100.76250144388902,-0.6256875647635824,False
11,17,952,-1357500.0,-297500.0,100.8074059796866,-0.6261919082540367,False
11,18,953,-1352500.0,-297500.0,100.85231055646308,-0.6266943975871397,False
11,19,954,-1347500.0,-297500.0,100.89721517406755,-0.6271950327626817,False
11,20,955,-1342500.0,-297500.0,100.9421198323492,-0.6276938137805932,False
11,21,956,-1337500.0,-297500.0,100.98702453115713,-0.6281907406396974,False
11,22,957,-1332500.0,-297500.0,101.03192927034048,-0.628685813339932,False
11,23,958,-1327500.0,-297500.0,101.07683404974841,-0.6291790318805559,False
11,24,959,-1322500.0,-297500.0,101.12173886923004,-0.6296703962614949,False
11,25,960,-1317500.0,-297500.0,101.16664372863451,-0.6301599064818794,False
11,26,961,-1312500.0,-297500.0,101.21154862781094,-0.6306475625414475,False
11,27,962,-1307500.0,-297500.0,101.25645356660847,-0.6311333644398044,False
11,28,963,-1302500.0,-297500.0,101.30135854487624,-0.6316173121761502,False
11,29,964,-1297500.0,-297500.0,101.34626356246338,-0.6320994057503315,True
11,30,965,-1292500.0,-297500.0,101.391168619219,-0.6325796451616336,True
11,31,966,-1287500.0,-297500.0,101.43607371499225,-0.6330580304096575,True
11,32,967,-1282500.0,-297500.0,101.48097884963227,-0.6335345614943391,True
11,33,968,-1277500.0,-297500.0,101.52588402298815,-0.6340092384145465,True
11,34,969,-1272500.0,-297500.0,101.57078923490906,-0.634482061170281,True
11,35,970,-1267500.0,-297500.0,101.61569448524408,-0.6349530297610231,True
11,36,971,-1262500.0,-297500.0,101.66059977384238,-0.6354221441861193,True
11,37,972,-1257500.0,-297500.0,101.70550510055307,-0.6358894044449976,True
11,38,973,-1252500.0,-297500.0,101.75041046522526,-0.6363548105378323,True
11,39,974,-1247500.0,-297500.0,101.7953158677081,-0.6368183624635128,True
11,40,975,-1242500.0,-297500.0,101.84022130785067,-0.6372800602217528,True
11,41,976,-1237500.0,-297500.0,101.88512678550212,-0.6377399038124052,True
11,42,977,-1232500.0,-297500.0,101.93003230051158,-0.6381978932345671,True
11,43,978,-1227500.0,-297500.0,101.97493785272817,-0.6386540284879824,True
11,44,979,-1222500.0,-297500.0,102.01984344200099,-0.6391083095724966,True
11,45,980,-1217500.0,-297500.0,102.06474906817917,-0.6395607364870225,True
11,46,981,-1212500.0,-297500.0,102.10965473111183,-0.6400113092314919,True
11,47,982,-1207500.0,-297500.0,102.15456043064808,-0.640460027805644,True
11,48,983,-1202500.0,-297500.0,102.19946616663704,-0.6409068922084431,True
11,49,984,-1197500.0,-297500.0,102.24437193892783,-0.6413519024402415,True
11,50,985,-1192500.0,-297500.0,102.28927774736955,-0.6417950584997574,True
11,51,986,-1187500.0,-297500.0,102.33418359181134,-0.6422363603870579,True
11,52,987,-1182500.0,-297500.0,102.3790894721023,-0.6426758081018834,True
11,53,988,-1177500.0,-297500.0,102.42399538809153,-0.6431134016433728,True
11,54,989,-1172500.0,-297500.0,102.46890133962816,-0.6435491410110791,True
11,55,990,-1167500.0,-297500.0,102.5138073265613,-0.6439830262046565,True
11,56,991,-1162500.0,-297500.0,102.55871334874006,-0.6444150572238998,True
11,57,992,-1157500.0,-297500.0,102.60361940601355,-0.6448452340681782,True
11,58,993,-1152500.0,-297500.0,102.64852549823085,-0.6452735567371772,True
11,59,994,-1147500.0,-297500.0,102.69343162524113,-0.6457000252299624,True
11,60,995,-1142500.0,-297500.0,102.73833778689345,-0.6461246395470659,True
11,61,996,-1137500.0,-297500.0,102.78324398303693,-0.6465473996869366,True
11,62,997,-1132500.0,-297500.0,102.82815021352067,-0.6469683056499589,True
11,63,998,-1127500.0,-297500.0,102.8730564781938,-0.6473873574351161,True
11,64,999,-1122500.0,-297500.0,102.91796277690541,-0.6478045550430732,True
11,65,1000,-1117500.0,-297500.0,102.9628691095046,-0.6482198984719642,True
11,66,1001,-1112500.0,-297500.0,103.00777547584048,-0.6486333877224812,True
11,67,1002,-1107500.0,-297500.0,103.05268187576213,-0.6490450227934875,True
11,68,1003,-1102500.0,-297500.0,103.09758830911869,-0.649454803684728,True
11,69,1004,-1097500.0,-297500.0,103.14249477575925,-0.6498627303961464,True
11,70,1005,-1092500.0,-297500.0,103.18740127553289,-0.6502688029271055,True
11,71,1006,-1087500.0,-297500.0,103.23230780828874,-0.6506730212771673,True
11,72,1007,-1082500.0,-297500.0,103.27721437387588,-0.6510753854456443,True
11,73,1008,-1077500.0,-297500.0,103.32212097214342,-0.6514758954326914,True
11,74,1009,-1072500.0,-297500.0,103.36702760294045,-0.6518745512374535,True
11,75,1010,-1067500.0,-297500.0,103.41193426611608,-0.6522713528596645,True
11,76,1011,-1062500.0,-297500.0,103.45684096151939,-0.6526663002991214,False
11,77,1012,-1057500.0,-297500.0,103.5017476889995,-0.6530593935549422,False
11,78,1013,-1052500.0,-297500.0,103.54665444840548,-0.6534506326273606,False
11,79,1014,-1047500.0,-297500.0,103.59156123958644,-0.6538400175151328,False
11,80,1015,-1042500.0,-297500.0,103.63646806239146,-0.6542275482188705,False
11,81,1016,-1037500.0,-297500.0,103.68137491666967,-0.6546132247372803,False
11,82,1017,-1032500.0,-297500.0,103.72628180227012,-0.6549970470701821,False
11,83,1018,-1027500.0,-297500.0,103.77118871904193,-0.6553790152177139,False
11,84,1019,-1022500.0,-297500.0,103.81609566683417,-0.6557591291788273,False
12,0,1020,-1442500.0,-292500.0,100.04456566367082,-0.5721384474210053,False
12,1,1021,-1437500.0,-292500.0,100.08946768291385,-0.5726724530971129,False
12,2,1022,-1432500.0,-292500.0,100.13436974554409,-0.5732046046352173,False
12,3,1023,-1427500.0,-292500.0,100.17927185141069,-0.5737349020344475,False
12,4,1024,-1422500.0,-292500.0,100.22417400036284,-0.5742633452944446,False
12,5,1025,-1417500.0,-292500.0,100.2690761922497,-0.5747899344149293,False
12,6,1026,-1412500.0,-292500.0,100.31397842692043,-0.5753146693953924,False
12,7,1027,-1407500.0,-292500.0,100.35888070422422,-0.5758375502351536,False
12,8,1028,-1402500.0,-292500.0,100.40378302401022,-0.5763585769343142,False
12,9,1029,-1397500.0,-292500.0,100.4486853861276,-0.5768777494919078,False
12,10,1030,-1392500.0,-292500.0,100.49358779042552,-0.5773950679075166,False
12,11,1031,-1387500.0,-292500.0,100.53849023675315,-0.5779105321810393,False
12,12,1032,-1382500.0,-292500.0,100.58339272495967,-0.5784241423117334,False
12,13,1033,-1377500.0,-292500.0,100.62829525489421,-0.5789358982994651,False
12,14,1034,-1372500.0,-292500.0,100.67319782640595,-0.5794458001430315,False
12,15,1035,-1367500.0,-292500.0,100.71810043934407,-0.579953847842793,False
12,16,1036,-1362500.0,-292500.0,100.76300309355769,-0.5804600413979826,False
12,17,1037,-1357500.0,-292500.0,100.80790578889601,-0.5809643808083826,False
12,18,1038,-1352500.0,-292500.0,100.85280852520815,-0.5814668660732139,False
12,19,1039,-1347500.0,-292500.0,100.8977113023433,-0.5819674971918368,False
12,20,1040,-1342500.0,-292500.0,100.9426141201506,-0.5824662741645124,False
12,21,1041,-1337500.0,-292500.0,100.9875169784792,-0.5829631969902568,False
12,22,1042,-1332500.0,-292500.0,101.03241987717827,-0.583458265668988,False
12,23,1043,-1327500.0,-292500.0,101.07732281609695,-0.5839514801997678,False
12,24,1044,-1322500.0,-292500.0,101.12222579508442,-0.5844428405824431,False
12,25,1045,-1317500.0,-292500.0,101.16712881398982,-0.584932346816805,False
12,26,1046,-1312500.0,-292500.0,101.21203187266228,-0.5854199989021607,True
12,27,1047,-1307500.0,-292500.0,101.25693497095098,-0.5859057968381333,True
12,28,1048,-1302500.0,-292500.0,101.30183810870506,-0.5863897406242717,True
12,29,1049,-1297500.0,-292500.0,101.34674128577367,-0.58687183026003,True
12,30,1050,-1292500.0,-292500.0,101.39164450200597,-0.5873520657450616,True
12,31,1051,-1287500.0,-292500.0,101.43654775725109,-0.5878304470791406,True
12,32,1052,-1282500.0,-292500.0,101.48145105135816,-0.5883069742616541,True
12,33,1053,-1277500.0,-292500.0,101.52635438417639,-0.588781647292208,True
12,34,1054,-1272500.0,-292500.0,101.57125775555487,-0.5892544661700997,True
12,35,1055,-1267500.0,-292500.0,101.61616116534276,-0.5897254308953512,True
12,36,1056,-1262500.0,-292500.0,101.6610646133892,-0.5901945414670331,True
12,37,1057,-1257500.0,-292500.0,101.70596809954336,-0.5906617978853705,True
12,38,1058,-1252500.0,-292500.0,101.75087162365435,-0.5911272001492459,True
12,39,1059,-1247500.0,-292500.0,101.79577518557132,-0.5915907482589111,True
12,40,1060,-1242500.0,-292500.0,101.84067878514342,-0.592052442213217,True
12,41,1061,-1237500.0,-292500.0,101.88558242221978,-0.5925122820124616,True
12,42,1062,-1232500.0,-292500.0,101.93048609664956,-0.5929702676557376,True
12,43,1063,-1227500.0,-292500.0,101.97538980828188,-0.5934263991426678,True
12,44,1064,-1222500.0,-292500.0,102.02029355696588,-0.5938806764731127,True
12,45,1065,-1217500.0,-292500.0,102.0651973425507,-0.5943330996464098,True
12,46,1066,-1212500.0,-292500.0,102.11010116488548,-0.5947836686625833,True
12,47,1067,-1207500.0,-292500.0,102.15500502381934,-0.5952323835202957,True
12,48,1068,-1202500.0,-292500.0,102.19990891920145,-0.5956792442200269,True
12,49,1069,-1197500.0,-292500.0,102.2448128508809,-0.5961242507608958,True
12,50,1070,-1192500.0,-292500.0,102.28971681870685,-0.596567403142434,True
12,51,1071,-1187500.0,-292500.0,102.33462082252845,-0.597008701364684,True
12,52,1072,-1182500.0,-292500.0,102.3795248621948,-0.5974481454271469,True
12,53,1073,-1177500.0,-292500.0,102.42442893755504,-0.5978857353288386,True
12,54,1074,-1172500.0,-292500.0,102.4693330484583,-0.5983214710701255,True
12,55,1075,-1167500.0,-292500.0,102.51423719475372,-0.5987553526497784,True
12,56,1076,-1162500.0,-292500.0,102.55914137629041,-0.5991873800683655,True
12,57,1077,-1157500.0,-292500.0,102.60404559291753,-0.5996175533246265,True
12,58,1078,-1152500.0,-292500.0,102.64894984448419,-0.6000458724185328,True
12,59,1079,-1147500.0,-292500.0,102.69385413083951,-0.6004723373498257,True
12,60,1080,-1142500.0,-292500.0,102.73875845183262,-0.6008969481176657,True
12,61,1081,-1137500.0,-292500.0,102.78366280731265,-0.6013197047222116,True
12,62,1082,-1132500.0,-292500.0,102.82856719712875,-0.6017406071627872,True
12,63,1083,-1127500.0,-292500.0,102.87347162113,-0.6021596554388172,True
12,64,1084,-1122500.0,-292500.0,102.91837607916554,-0.6025768495501606,True
12,65,1085,-1117500.0,-292500.0,102.9632805710845,-0.6029921894961907,True
12,66,1086,-1112500.0,-292500.0,103.00818509673599,-0.6034056752766969,True
12,67,1087,-1107500.0,-292500.0,103.05308965596915,-0.6038173068912938,True
12,68,1088,-1102500.0,-292500.0,103.0979942486331,-0.6042270843396413,True
12,69,1089,-1097500.0,-292500.0,103.14289887457693,-0.6046350076210901,True
12,70,1090,-1092500.0,-292500.0,103.18780353364981,-0.6050410767356387,True
12,71,1091,-1087500.0,-292500.0,103.2327082257008,-0.6054452916824307,True
12,72,1092,-1082500.0,-292500.0,103.27761295057908,-0.6058476524616485,True
12,73,1093,-1077500.0,-292500.0,103.32251770813372,-0.6062481590724826,True
12,74,1094,-1072500.0,-292500.0,103.36742249821386,-0.6066468115148494,True
12,75,1095,-1067500.0,-292500.0,103.41232732066861,-0.6070436097879284,True
12,76,1096,-1062500.0,-292500.0,103.45723217534709,-0.607438553891741,False
12,77,1097,-1057500.0,-292500.0,103.5021370620984,-0.6078316438254162,False
12,78,1098,-1052500.0,-292500.0,103.54704198077167,-0.6082228795894515,False
12,79,1099,-1047500.0,-292500.0,103.59194693121601,-0.6086122611826713,False
12,80,1100,-1042500.0,-292500.0,103.63685191328054,-0.6089997886051912,False
12,81,1101,-1037500.0,-292500.0,103.68175692681434,-0.60938546185637,False
12,82,1102,-1032500.0,-292500.0,103.72666197166659,-0.609769280935707,False
12,83,1103,-1027500.0,-292500.0,103.77156704768632,-0.6101512458431545,False
12,84,1104,-1022500.0,-292500.0,103.8164721547227,-0.6105313565783946,False
13,0,1105,-1442500.0,-287500.0,100.04509671644954,-0.5269094836750767,False
13,1,1106,-1437500.0,-287500.0,100.08999689546725,-0.5274434854142241,False
13,2,1107,-1432500.0,-287500.0,100.13489711786684,-0.5279756330253078,False
13,3,1108,-1427500.0,-287500.0,100.17979738349749,-0.5285059265077121,False
13,4,1109,-1422500.0,-287500.0,100.22469769220838,-0.5290343658605708,False
13,5,1110,-1417500.0,-287500.0,100.2695980438487,-0.529560951084134,False
13,6,1111,-1412500.0,-287500.0,100.31449843826765,-0.5300856821774834,False
13,7,1112,-1407500.0,-287500.0,100.35939887531438,-0.5306085591402896,False
13,8,1113,-1402500.0,-287500.0,100.40429935483813,-0.5311295819725775,False
13,9,1114,-1397500.0,-287500.0,100.44919987668804,-0.5316487506733029,False
13,10,1115,-1392500.0,-287500.0,100.49410044071331,-0.5321660652425753,False
13,11,1116,-1387500.0,-287500.0,100.53900104676312,-0.5326815256798832,False
13,12,1117,-1382500.0,-287500.0,100.58390169468666,-0.5331951319842126,False
13,13,1118,-1377500.0,-287500.0,100.62880238433311,-0.5337068841558769,False
13,14,1119,-1372500.0,-287500.0,100.67370311555165,-0.5342167821944538,False
13,15,1120,-1367500.0,-287500.0,100.71860388819144,-0.5347248260989181,False
13,16,1121,-1362500.0,-287500.0,100.76350470210168,-0.5352310158694003,False
13,17,1122,-1357500.0,-287500.0,100.80840555713156,-0.5357353515055452,False
13,18,1123,-1352500.0,-287500.0,100.85330645313022,-0.5362378330063582,False
13,19,1124,-1347500.0,-287500.0,100.89820738994688,-0.5367384603720178,False
13,20,1125,-1342500.0,-287500.0,100.94310836743067,-0.5372372336017311,False
13,21,1126,-1337500.0,-287500.0,100.9880093854308,-0.5377341526955277,False
13,22,1127,-1332500.0,-287500.0,101.03291044379642,-0.5382292176526604,False
13,23,1128,-1327500.0,-287500.0,101.07781154237672,-0.5387224284727756,False
13,24,1129,-1322500.0,-287500.0,101.12271268102089,-0.5392137851556198,False
13,25,1130,-1317500.0,-287500.0,101.16761385957805,-0.5397032877005344,True
13,26,1131,-1312500.0,-287500.0,101.21251507789741,-0.5401909361073127,True
13,27,1132,-1307500.0,-287500.0,101.25741633582813,-0.5406767303756339,True
13,28,1133,-1302500.0,-287500.0,101.30231763321936,-0.5411606705046743,True
13,29,1134,-1297500.0,-287500.0,101.3472189699203,-0.5416427564945099,True
13,30,1135,-1292500.0,-287500.0,101.3921203457801,-0.5421229883447519,True
13,31,1136,-1287500.0,-287500.0,101.43702176064794,-0.5426013660544515,True
13,32,1137,-1282500.0,-287500.0,101.48192321437297,-0.543077889623714,True
13,33,1138,-1277500.0,-287500.0,101.52682470680436,-0.5435525590520646,True
13,34,1139,-1272500.0,-287500.0,101.57172623779127,-0.5440253743390118,True
13,35,1140,-1267500.0,-287500.0,101.61662780718287,-0.5444963354843604,True
13,36,1141,-1262500.0,-287500.0,101.66152941482832,-0.5449654424874705,True
13,37,1142,-1257500.0,-287500.0,101.7064310605768,-0.5454326953477829,True
13,38,1143,-1252500.0,-287500.0,101.75133274427745,-0.5458980940656398,True
13,39,1144,-1247500.0,-287500.0,101.79623446577943,-0.5463616386397679,True
13,40,1145,-1242500.0,-287500.0,101.8411362249319,-0.5468233290706331,True
13,41,1146,-1237500.0,-287500.0,101.88603802158404,-0.5472831653570278,True
13,42,1147,-1232500.0,-287500.0,101.93093985558498,-0.5477411474989567,True
13,43,1148,-1227500.0,-287500.0,101.9758417267839,-0.548197275496195,True
13,44,1149,-1222500.0,-287500.0,102.02074363502994,-0.5486515493480522,True
13,45,1150,-1217500.0,-287500.0,102.06564558017226,-0.5491039690547199,True
13,46,1151,-1212500.0,-287500.0,102.11054756206002,-0.5495545346149888,True
13,47,1152,-1207500.0,-287500.0,102.15544958054238,-0.5500032460288424,True
13,48,1153,-1202500.0,-287500.0,102.20035163546848,-0.5504501032958592,True
13,49,1154,-1197500.0,-287500.0,102.24525372668748,-0.5508951064159517,True
13,50,1155,-1192500.0,-287500.0,102.29015585404854,-0.551338255388374,True
13,51,1156,-1187500.0,-287500.0,102.3350580174008,-0.5517795502129876,True
13,52,1157,-1182500.0,-287500.0,102.3799602165934,-0.5522189908892872,True
13,53,1158,-1177500.0,-287500.0,102.42486245147552,-0.5526565774169865,True
13,54,1159,-1172500.0,-287500.0,102.46976472189628,-0.5530923097955286,True
13,55,1160,-1167500.0,-287500.0,102.51466702770485,-0.553526188024751,True
13,56,1161,-1162500.0,-287500.0,102.55956936875037,-0.5539582121043969,True
13,57,1162,-1157500.0,-287500.0,102.60447174488199,-0.5543883820335702,True
13,58,1163,-1152500.0,-287500.0,102.64937415594885,-0.5548166978122169,True
13,59,1164,-1147500.0,-287500.0,102.6942766018001,-0.5552431594402467,True
13,60,1165,-1142500.0,-287500.0,102.73917908228489,-0.555667766917009,True
13,61,1166,-1137500.0,-287500.0,102.78408159725234,-0.5560905202419727,True
13,62,1167,-1132500.0,-287500.0,102.82898414655163,-0.556511419415157,True
13,63,1168,-1127500.0,-287500.0,102.87388673003188,-0.556930464435765,True
13,64,1169,-1122500.0,-287500.0,102.91878934754224,-0.5573476553038433,True
13,65,1170,-1117500.0,-287500.0,102.96369199893185,-0.5577629920188563,True
13,66,1171,-1112500.0,-287500.0,103.00859468404987,-0.5581764745802333,True
13,67,1172,-1107500.0,-287500.0,103.05349740274539,-0.5585881029882851,True
13,68,1173,-1102500.0,-287500.0,103.0984001548676,-0.558997877241668,True
13,69,1174,-1097500.0,-287500.0,103.14330294026561,-0.5594057973407974,True
13,70,1175,-1092500.0,-287500.0,103.18820575878857,-0.5598118632851181,True
13,71,1176,-1087500.0,-287500.0,103.23310861028563,-0.5602160750739414,True
13,72,1177,-1082500.0,-287500.0,103.27801149460589,-0.5606184327076552,True
13,73,1178,-1077500.0,-287500.0,103.32291441159853,-0.5610189361848368,True
13,74,1179,-1072500.0,-287500.0,103.36781736111264,-0.5614175855062723,True
13,75,1180,-1067500.0,-287500.0,103.4127203429974,-0.5618143806709371,True
13,76,1181,-1062500.0,-287500.0,103.45762335710192,-0.5622093216783757,False
13,77,1182,-1057500.0,-287500.0,103.50252640327534,-0.5626024085289171,False
13,78,1183,-1052500.0,-287500.0,103.54742948136678,-0.562993641221684,False
13,79,1184,-1047500.0,-287500.0,103.59233259122539,-0.563383019756136,False
13,80,1185,-1042500.0,-287500.0,103.63723573270029,-0.5637705441325546,False
13,81,1186,-1037500.0,-287500.0,103.68213890564063,-0.5641562143504053,False
13,82,1187,-1032500.0,-287500.0,103.7270421098955,-0.5645400304088857,False
13,83,1188,-1027500.0,-287500.0,103.77194534531408,-0.5649219923079768,False
13,84,1189,-1022500.0,-287500.0,103.81684861174547,-0.5653021000473124,False
14,0,1190,-1442500.0,-282500.0,100.04562772569555,-0.4816789853245825,False
14,1,1191,-1437500.0,-282500.0,100.09052606463878,-0.482212983451228,False
14,2,1192,-1432500.0,-282500.0,100.13542444695854,-0.48274512745767756,False
14,3,1193,-1427500.0,-282500.0,100.18032287250404,-0.4832754173446425,False
14,4,1194,-1422500.0,-282500.0,100.22522134112448,-0.4838038531109464,False
14,5,1195,-1417500.0,-282500.0,100.27011985266908,-0.4843304347564886,False
14,6,1196,-1412500.0,-282500.0,100.31501840698704,-0.4848551622809957,False
14,7,1197,-1407500.0,-282500.0,100.35991700392756,-0.4853780356841782,False
14,8,1198,-1402500.0,-282500.0,100.40481564333984,-0.4858990549653788,False
14,9,1199,-1397500.0,-282500.0,100.44971432507312,-0.486418220124178,False
14,10,1200,-1392500.0,-282500.0,100.49461304897655,-0.48693553116033483,False
14,11,1201,-1387500.0,-282500.0,100.53951181489936,-0.4874509880739234,False
14,12,1202,-1382500.0,-282500.0,100.58441062269075,-0.4879645908637337,False
14,13,1203,-1377500.0,-282500.0,100.62930947219992,-0.4884763395297489,False
14,14,1204,-1372500.0,-282500.0,100.67420836327605,-0.4889862340717988,False
14,15,1205,-1367500.0,-282500.0,100.71910729576837,-0.4894942744894248,False
14,16,1206,-1362500.0,-282500.0,100.76400626952606,-0.4900004607824044,False
14,17,1207,-1357500.0,-282500.0,100.80890528439832,-0.49050479294960286,False
14,18,1208,-1352500.0,-282500.0,100.85380434023433,-0.49100727099168173,False
14,19,1209,-1347500.0,-282500.0,100.8987034368833,-0.4915078949073957,False
14,20,1210,-1342500.0,-282500.0,100.94360257419443,-0.49200666469721827,False
14,21,1211,-1337500.0,-282500.0,100.9885017520169,-0.4925035803599682,False
14,22,1212,-1332500.0,-282500.0,101.0334009701999,-0.4929986418959701,False
14,23,1213,-1327500.0,-282500.0,101.07830022859265,-0.49349184930447854,True
14,24,1214,-1322500.0,-282500.0,101.12319952704432,-0.4939832025847714,True
14,25,1215,-1317500.0,-282500.0,101.16809886540409,-0.4944727017374351,True
14,26,1216,-1312500.0,-282500.0,101.21299824352117,-0.4949603467613455,True
14,27,1217,-1307500.0,-282500.0,101.25789766124473,-0.4954461376562184,True
14,28,1218,-1302500.0,-282500.0,101.30279711842395,-0.49593007442181253,True
14,29,1219,-1297500.0,-282500.0,101.34769661490806,-0.4964121570582216,True
14,30,1220,-1292500.0,-282500.0,101.3925961505462,-0.49689238556425575,True
14,31,1221,-1287500.0,-282500.0,101.43749572518759,-0.49737075994007324,True
14,32,1222,-1282500.0,-282500.0,101.4823953386814,-0.4978472801850957,True
14,33,1223,-1277500.0,-282500.0,101.5272949908768,-0.4983219462993127,True
14,34,1224,-1272500.0,-282500.0,101.57219468162299,-0.49879475828207376,True
14,35,1225,-1267500.0,-282500.0,101.61709441076913,-0.4992657161326352,True
14,36,1226,-1262500.0,-282500.0,101.66199417816443,-0.49973481985128926,True
14,37,1227,-1257500.0,-282500.0,101.70689398365808,-0.5002020694375515,True
14,38,1228,-1252500.0,-282500.0,101.7517938270992,-0.5006674648910778,True
14,39,1229,-1247500.0,-282500.0,101.79669370833705,-0.5011310062113523,True
14,40,1230,-1242500.0,-282500.0,101.84159362722075,-0.5015926933980563,True
14,41,1231,-1237500.0,-282500.0,101.88649358359947,-0.5020525264509343,True
14,42,1232,-1232500.0,-282500.0,101.93139357732244,-0.5025105053695191,True
14,43,1233,-1227500.0,-282500.0,101.97629360823879,-0.5029666301531912,True
14,44,1234,-1222500.0,-282500.0,102.02119367619773,-0.5034209008021719,True
14,45,1235,-1217500.0,-282500.0,102.0660937810484,-0.5038733173158297,True
14,46,1236,-1212500.0,-282500.0,102.11099392263999,-0.5043238796938672,True
14,47,1237,-1207500.0,-282500.0,102.15589410082168,-0.5047725879360095,True
14,48,1238,-1202500.0,-282500.0,102.20079431544264,-0.5052194420413034,True
14,49,1239,-1197500.0,-282500.0,102.24569456635201,-0.5056644420104949,True
14,50,1240,-1192500.0,-282500.0,102.29059485339901,-0.5061075878422285,True
14,51,1241,-1187500.0,-282500.0,102.33549517643279,-0.5065488795367697,True
14,52,1242,-1182500.0,-282500.0,102.38039553530251,-0.506988317093784,True
14,53,1243,-1177500.0,-282500.0,102.42529592985734,-0.507425900512393,True
14,54,1244,-1172500.0,-282500.0,102.47019635994647,-0.5078616297928145,True
14,55,1245,-1167500.0,-282500.0,102.51509682541904,-0.5082955049346467,True
14,56,1246,-1162500.0,-282500.0,102.55999732612422,-0.5087275259369635,True
14,57,1247,-1157500.0,-282500.0,102.6048978619112,-0.5091576928000513,True
14,58,1248,-1152500.0,-282500.0,102.64979843262911,-0.5095860055235188,True
14,59,1249,-1147500.0,-282500.0,102.69469903812714,-0.5100124641066262,True
14,60,1250,-1142500.0,-282500.0,102.73959967825445,-0.5104370685492226,True
14,61,1251,-1137500.0,-282500.0,102.7845003528602,-0.5108598188512965,True
14,62,1252,-1132500.0,-282500.0,102.82940106179356,-0.5112807150123339,True
14,63,1253,-1127500.0,-282500.0,102.87430180490367,-0.5116997570318238,True
14,64,1254,-1122500.0,-282500.0,102.91920258203972,-0.5121169449096293,True
14,65,1255,-1117500.0,-282500.0,102.96410339305083,-0.5125322786451301,True
14,66,1256,-1112500.0,-282500.0,103.00900423778619,-0.5129457582385079,True
14,67,1257,-1107500.0,-282500.0,103.05390511609497,-0.5133573836887209,True
14,68,1258,-1102500.0,-282500.0,103.09880602782629,-0.5137671549963085,True
14,69,1259,-1097500.0,-282500.0,103.14370697282934,-0.5141750721601388,True
14,70,1260,-1092500.0,-282500.0,103.18860795095327,-0.5145811351804667,True
14,71,1261,-1087500.0,-282500.0,103.23350896204721,-0.5149853440566926,True
14,72,1262,-1082500.0,-282500.0,103.27841000596034,-0.5153876987883775,True
14,73,1263,-1077500.0,-282500.0,103.32331108254184,-0.5157881993754558,True
14,74,1264,-1072500.0,-282500.0,103.36821219164081,-0.5161868458174751,True
14,75,1265,-1067500.0,-282500.0,103.41311333310644,-0.5165836381140856,True
14,76,1266,-1062500.0,-282500.0,103.45801450678786,-0.5169785762651153,False
14,77,1267,-1057500.0,-282500.0,103.50291571253425,-0.5173716602702789,False
14,78,1268,-1052500.0,-282500.0,103.54781695019474,-0.5177628901289645,False
14,79,1269,-1047500.0,-282500.0,103.59271821961849,-0.5181522658411277,False
14,80,1270,-1042500.0,-282500.0,103.63761952065462,-0.518539787406456,False
14,81,1271,-1037500.0,-282500.0,103.68252085315235,-0.5189254548242112,False
14,82,1272,-1032500.0,-282500.0,103.72742221696076,-0.5193092680946527,False
14,83,1273,-1027500.0,-282500.0,103.77232361192904,-0.5196912272170694,False
14,84,1274,-1022500.0,-282500.0,103.81722503790631,-0.5200713321916506,False
15,0,1275,-1442500.0,-277500.0,100.04615869141426,-0.4364469249686041,False
15,1,1276,-1437500.0,-277500.0,100.09105519043378,-0.4369809198056861,False
15,2,1277,-1432500.0,-277500.0,100.13595173282451,-0.4375130605309803,False
15,3,1278,-1427500.0,-277500.0,100.18084831843564,-0.43804334714379595,False
15,4,1279,-1422500.0,-277500.0,100.22574494711643,-0.4385717796440107,False
15,5,1280,-1417500.0,-277500.0,100.2706416187161,-0.4390983580309399,False
15,6,1281,-1412500.0,-277500.0,100.31553833308388,-0.43962308230501296,False
15,7,1282,-1407500.0,-277500.0,100.36043509006896,-0.44014595246521987,False
15,8,1283,-1402500.0,-277500.0,100.40533188952061,-0.44066696851139175,False
15,9,1284,-1397500.0,-277500.0,100.45022873128801,-0.4411861304430315,False
15,10,1285,-1392500.0,-277500.0,100.49512561522042,-0.44170343826022973,False
15,11,1286,-1387500.0,-277500.0,100.54002254116702,-0.44221889196216424,False
15,12,1287,-1382500.0,-277500.0,100.58491950897707,-0.4427324915488921,False
15,13,1288,-1377500.0,-277500.0,100.62981651849975,-0.4432442370198896,False
15,14,1289,-1372500.0,-277500.0,100.6747135695843,-0.44375412837479183,False
15,15,1290,-1367500.0,-277500.0,100.71961066207993,-0.44426216561327597,False
15,16,1291,-1362500.0,-277500.0,100.76450779583585,-0.4447683487353335,False
15,17,1292,-1357500.0,-277500.0,100.8094049707013,-0.44527267774027773,False
15,18,1293,-1352500.0,-277500.0,100.85430218652546,-0.4457751526276385,False
15,19,1294,-1347500.0,-277500.0,100.89919944315757,-0.4462757733973592,False
15,20,1295,-1342500.0,-277500.0,100.94409674044684,-0.4467745400493464,False
15,21,1296,-1337500.0,-277500.0,100.98899407824247,-0.4472714525826134,False
15,22,1297,-1332500.0,-277500.0,101.03389145639368,-0.4477665109975025,False
15,23,1298,-1327500.0,-277500.0,101.07878887474966,-0.4482597152931885,True
15,24,1299,-1322500.0,-277500.0,101.12368633315964,-0.4487510654697671,True
15,25,1300,-1317500.0,-277500.0,101.16858383147283,-0.4492405615262639,True
15,26,1301,-1312500.0,-277500.0,101.21348136953843,-0.4497282034629162,True
15,27,1302,-1307500.0,-277500.0,101.25837894720566,-0.45021399127943873,True
15,28,1303,-1302500.0,-277500.0,101.3032765643237,-0.4506979249751396,True
15,29,1304,-1297500.0,-277500.0,101.34817422074177,-0.4511800045500518,True
15,30,1305,-1292500.0,-277500.0,101.39307191630907,-0.45166023000352873,True
15,31,1306,-1287500.0,-277500.0,101.43796965087483,-0.45213860133519973,True
15,32,1307,-1282500.0,-277500.0,101.48286742428822,-0.4526151185451465,True
15,33,1308,-1277500.0,-277500.0,101.52776523639845,-0.45308978163279034,True
15,34,1309,-1272500.0,-277500.0,101.57266308705472,-0.4535625905977711,True
15,35,1310,-1267500.0,-277500.0,101.61756097610625,-0.45403354543984736,True
15,36,1311,-1262500.0,-277500.0,101.66245890340223,-0.45450264615856845,True
15,37,1312,-1257500.0,-277500.0,101.70735686879183,-0.4549698927538946,True
15,38,1313,-1252500.0,-277500.0,101.75225487212428,-0.4554352852254196,True
15,39,1314,-1247500.0,-277500.0,101.79715291324878,-0.45589882357266287,True
15,40,1315,-1242500.0,-277500.0,101.84205099201452,-0.45636050779524345,True
15,41,1316,-1237500.0,-277500.0,101.8869491082707,-0.45682033789305815,True
15,42,1317,-1232500.0,-277500.0,101.9318472618665,-0.4572783138658296,True
15,43,1318,-1227500.0,-277500.0,101.97674545265112,-0.4577344357129351,True
15,44,1319,-1222500.0,-277500.0,102.02164368047376,-0.45818870343424073,True
15,45,1320,-1217500.0,-277500.0,102.0665419451836,-0.45864111702969435,True
15,46,1321,-1212500.0,-277500.0,102.11144024662985,-0.45909167649862404,True
15,47,1322,-1207500.0,-277500.0,102.1563385846617,-0.45954038184071133,True
15,48,1323,-1202500.0,-277500.0,102.20123695912832,-0.45998723305566075,True
15,49,1324,-1197500.0,-277500.0,102.24613536987894,-0.46043223014353074,True
15,50,1325,-1192500.0,-277500.0,102.29103381676272,-0.4608753731036236,True
15,51,1326,-1187500.0,-277500.0,102.33593229962882,-0.4613166619356145,True
15,52,1327,-1182500.0,-277500.0,102.3808308183265,-0.4617560966395332,True
15,53,1328,-1177500.0,-277500.0,102.4257293727049,-0.4621936772147306,True
15,54,1329,-1172500.0,-277500.0,102.4706279626132,-0.46262940366104843,True
15,55,1330,-1167500.0,-277500.0,102.5155265879006,-0.4630632759780973,True
15,56,1331,-1162500.0,-277500.0,102.5604252484163,-0.46349529416574503,True
15,57,1332,-1157500.0,-277500.0,102.60532394400947,-0.4639254582234338,True
15,58,1333,-1152500.0,-277500.0,102.65022267452927,-0.46435376815103835,True
15,59,1334,-1147500.0,-277500.0,102.69512143982493,-0.46478022394818286,True
15,60,1335,-1142500.0,-277500.0,102.74002023974559,-0.4652048256145346,True
15,61,1336,-1137500.0,-277500.0,102.78491907414046,-0.46562757314991926,True
15,62,1337,-1132500.0,-277500.0,102.82981794285872,-0.46604846655410814,True
15,63,1338,-1127500.0,-277500.0,102.87471684574953,-0.4664675058264277,True
15,64,1339,-1122500.0,-277500.0,102.91961578266208,-0.4668846909668892,True
15,65,1340,-1117500.0,-277500.0,102.96451475344556,-0.46730002197470955,True
15,66,1341,-1112500.0,-277500.0,103.00941375794913,-0.46771349885041363,True
15,67,1342,-1107500.0,-277500.0,103.05431279602197,-0.46812512159316605,True
15,68,1343,-1102500.0,-277500.0,103.09921186751328,-0.46853489020305134,True
15,69,1344,-1097500.0,-277500.0,103.14411097227219,-0.46894280467914246,True
15,70,1345,-1092500.0,-277500.0,103.1890101101479,-0.46934886502147294,True
15,71,1346,-1087500.0,-277500.0,103.23390928098962,-0.4697530712298248,True
15,72,1347,-1082500.0,-277500.0,103.27880848464646,-0.47015542330408194,True
15,73,1348,-1077500.0,-277500.0,103.32370772096765,-0.4705559212435658,True
15,74,1349,-1072500.0,-277500.0,103.36860698980232,-0.47095456504820615,True
15,75,1350,-1067500.0,-277500.0,103.41350629099968,-0.47135135471754547,True
15,76,1351,-1062500.0,-277500.0,103.45840562440885,-0.4717462902514429,True
15,77,1352,-1057500.0,-277500.0,103.50330498987906,-0.47213937164954556,True
15,78,1353,-1052500.0,-277500.0,103.54820438725943,-0.4725305989113881,True
15,79,1354,-1047500.0,-277500.0,103.59310381639916,-0.4729199720373848,False
15,80,1355,-1042500.0,-277500.0,103.63800327714742,-0.4733074910264531,False
15,81,1356,-1037500.0,-277500.0,103.68290276935336,-0.4736931558785477,False
15,82,1357,-1032500.0,-277500.0,103.72780229286616,-0.4740769665933133,False
15,83,1358,-1027500.0,-277500.0,103.77270184753498,-0.47445892317092614,False
15,84,1359,-1022500.0,-277500.0,103.81760143320899,-0.4748390256108632,False
16,0,1360,-1442500.0,-272500.0,100.04668961361101,-0.391213275200903,False
16,1,1361,-1437500.0,-272500.0,100.09158427285759,-0.3917472670726098,False
16,2,1362,-1432500.0,-272500.0,100.13647897547004,-0.39227940483896245,False
16,3,1363,-1427500.0,-272500.0,100.18137372129759,-0.3928096884995449,False
16,4,1364,-1422500.0,-272500.0,100.22626851018951,-0.3933381180541384,False
16,5,1365,-1417500.0,-272500.0,100.27116334199503,-0.39386469350194236,False
16,6,1366,-1412500.0,-272500.0,100.31605821656339,-0.3943894148431534,False
16,7,1367,-1407500.0,-272500.0,100.36095313374383,-0.394912282077698,False
16,8,1368,-1402500.0,-272500.0,100.4058480933856,-0.3954332952045504,False
16,9,1369,-1397500.0,-272500.0,100.45074309533794,-0.39595245422413006,False
16,10,1370,-1392500.0,-272500.0,100.49563813945007,-0.39646975913580657,False
16,11,1371,-1387500.0,-272500.0,100.54053322557127,-0.39698520993924535,False
16,12,1372,-1382500.0,-272500.0,100.58542835355072,-0.39749880663421144,False
16,13,1373,-1377500.0,-272500.0,100.6303235232377,-0.3980105492200839,False
16,14,1374,-1372500.0,-272500.0,100.67521873448145,-0.3985204376972183,False
16,15,1375,-1367500.0,-272500.0,100.72011398713119,-0.3990284720649407,False
16,16,1376,-1362500.0,-272500.0,100.76500928103614,-0.3995346523230086,False
16,17,1377,-1357500.0,-272500.0,100.80990461604556,-0.4000389784711828,False
16,18,1378,-1352500.0,-272500.0,100.85479999200867,-0.4005414505089149,False
16,19,1379,-1347500.0,-272500.0,100.89969540877469,-0.40104206843624396,False
16,20,1380,-1342500.0,-272500.0,100.94459086619288,-0.40154083225284215,False
16,21,1381,-1337500.0,-272500.0,100.98948636411245,-0.4020377419579752,False
16,22,1382,-1332500.0,-272500.0,101.03438190238265,-0.4025327975518671,True
16,23,1383,-1327500.0,-272500.0,101.07927748085267,-0.4030259990341788,True
16,24,1384,-1322500.0,-272500.0,101.12417309937177,-0.4035173464042238,True
16,25,1385,-1317500.0,-272500.0,101.16906875778916,-0.4040068396620795,True
16,26,1386,-1312500.0,-272500.0,101.21396445595408,-0.40449447880737677,True
16,27,1387,-1307500.0,-272500.0,101.25886019371576,-0.4049802638396527,True
16,28,1388,-1302500.0,-272500.0,101.30375597092339,-0.40546419475891543,True
16,29,1389,-1297500.0,-272500.0,101.34865178742625,-0.4059462715647274,True
16,30,1390,-1292500.0,-272500.0,101.3935476430735,-0.40642649425675165,True
16,31,1391,-1287500.0,-272500.0,101.43844353771442,-0.4069048628346544,True
16,32,1392,-1282500.0,-272500.0,101.48333947119819,-0.4073813772983385,True
16,33,1393,-1277500.0,-272500.0,101.52823544337406,-0.4078560376472427,True
16,34,1394,-1272500.0,-272500.0,101.57313145409123,-0.4083288438813537,True
16,35,1395,-1267500.0,-272500.0,101.61802750319892,-0.40879979600019445,True
16,36,1396,-1262500.0,-272500.0,101.66292359054636,-0.40926889400371874,True
16,37,1397,-1257500.0,-272500.0,101.70781971598275,-0.40973613789124136,True
16,38,1398,-1252500.0,-272500.0,101.75271587935734,-0.410201527662976,True
16,39,1399,-1247500.0,-272500.0,101.7976120805193,-0.41066506331839936,True
16,40,1400,-1242500.0,-272500.0,101.84250831931787,-0.4111267448567175,True
16,41,1401,-1237500.0,-272500.0,101.88740459560229,-0.4115865722786217,True
16,42,1402,-1232500.0,-272500.0,101.93230090922172,-0.4120445455831496,True
16,43,1403,-1227500.0,-272500.0,101.97719726002542,-0.41250066477031616,True
16,44,1404,-1222500.0,-272500.0,102.02209364786258,-0.41295492983969145,True
16,45,1405,-1217500.0,-272500.0,102.06699007258241,-0.41340734079088753,True
16,46,1406,-1212500.0,-272500.0,102.11188653403413,-0.41385789762398767,True
16,47,1407,-1207500.0,-272500.0,102.15678303206694,-0.4143066003386298,True
16,48,1408,-1202500.0,-272500.0,102.20167956653006,-0.4147534489341819,True
16,49,1409,-1197500.0,-272500.0,102.2465761372727,-0.4151984434103465,True
16,50,1410,-1192500.0,-272500.0,102.29147274414406,-0.4156415837672396,True
16,51,1411,-1187500.0,-272500.0,102.33636938699333,-0.4160828700046285,True
16,52,1412,-1182500.0,-272500.0,102.38126606566976,-0.41652230212187447,True
16,53,1413,-1177500.0,-272500.0,102.42616278002252,-0.41695988011898566,True
16,54,1414,-1172500.0,-272500.0,102.47105952990083,-0.4173956039956611,True
16,55,1415,-1167500.0,-272500.0,102.51595631515389,-0.4178294737510385,True
16,56,1416,-1162500.0,-272500.0,102.5608531356309,-0.4182614893857392,True
16,57,1417,-1157500.0,-272500.0,102.60574999118107,-0.41869165089898525,True
16,58,1418,-1152500.0,-272500.0,102.6506468816536,-0.41911995829039084,True
16,59,1419,-1147500.0,-272500.0,102.69554380689769,-0.41954641156014,True
16,60,1420,-1142500.0,-272500.0,102.74044076676253,-0.4199710107076193,True
16,61,1421,-1137500.0,-272500.0,102.78533776109735,-0.42039375573282406,True
16,62,1422,-1132500.0,-272500.0,102.83023478975132,-0.4208146466350504,True
16,63,1423,-1127500.0,-272500.0,102.87513185257366,-0.42123368341451417,True
16,64,1424,-1122500.0,-272500.0,102.92002894941355,-0.421650866070655,True
16,65,1425,-1117500.0,-272500.0,102.9649260801202,-0.4220661946031296,True
16,66,1426,-1112500.0,-272500.0,103.00982324454279,-0.42247966901191053,True
16,67,1427,-1107500.0,-272500.0,103.05472044253052,-0.42289128929642755,True
16,68,1428,-1102500.0,-272500.0,103.09961767393261,-0.4233010554570884,True
16,69,1429,-1097500.0,-272500.0,103.14451493859823,-0.4237089674927637,True
16,70,1430,-1092500.0,-272500.0,103.1894122363766,-0.424115025403576,True
16,71,1431,-1087500.0,-272500.0,103.23430956711687,-0.424519229189397,True
16,72,1432,-1082500.0,-272500.0,103.27920693066827,-0.4249215788498871,True
16,73,1433,-1077500.0,-272500.0,103.32410432687996,-0.42532207438453556,True
16,74,1434,-1072500.0,-272500.0,103.36900175560118,-0.4257207157935751,True
16,75,1435,-1067500.0,-272500.0,103.41389921668106,-0.4261175030761888,True
16,76,1436,-1062500.0,-272500.0,103.45879670996884,-0.42651243623246043,True
16,77,1437,-1057500.0,-272500.0,103.50369423531369,-0.42690551526214543,True
16,78,1438,-1052500.0,-272500.0,103.54859179256478,-0.42729674016482727,True
16,79,1439,-1047500.0,-272500.0,103.59348938157133,-0.42768611094013176,True
16,80,1440,-1042500.0,-272500.0,103.63838700218251,-0.4280736275881168,False
16,81,1441,-1037500.0,-272500.0,103.68328465424753,-0.42845929010829825,False
16,82,1442,-1032500.0,-272500.0,103.72818233761554,-0.4288430985006044,False
16,83,1443,-1027500.0,-272500.0,103.77308005213573,-0.4292250527645378,False
16,84,1444,-1022500.0,-272500.0,103.8179777976573,-0.4296051529001512,False
17,0,1445,-1442500.0,-267500.0,100.04722049229112,-0.34597800860984534,False
17,1,1446,-1437500.0,-267500.0,100.09211331191551,-0.34651199784019354,False
17,2,1447,-1432500.0,-267500.0,100.13700617490045,-0.3470441329704074,False
17,3,1448,-1427500.0,-267500.0,100.1818990810952,-0.3475744140003254,False
17,4,1449,-1422500.0,-267500.0,100.22679203034899,-0.34810284092928223,False
17,5,1450,-1417500.0,-267500.0,100.27168502251111,-0.3486294137576864,False
17,6,1451,-1412500.0,-267500.0,100.31657805743082,-0.3491541324847419,False
17,7,1452,-1407500.0,-267500.0,100.36147113495737,-0.3496769971104731,False
17,8,1453,-1402500.0,-267500.0,100.40636425494002,-0.35019800763432307,False
17,9,1454,-1397500.0,-267500.0,100.45125741722805,-0.35071716405647724,False
17,10,1455,-1392500.0,-267500.0,100.49615062167068,-0.3512344663762674,False
17,11,1456,-1387500.0,-267500.0,100.54104386811721,-0.35174991459341715,False
17,12,1457,-1382500.0,-267500.0,100.58593715641688,-0.352263508708082,False
17,13,1458,-1377500.0,-267500.0,100.63083048641892,-0.35277524871995214,False
17,14,1459,-1372500.0,-267500.0,100.67572385797263,-0.3532851346283311,False
17,15,1460,-1367500.0,-267500.0,100.72061727092722,-0.3537931664331682,False
17,16,1461,-1362500.0,-267500.0,100.76551072513197,-0.3542993441343373,False
17,17,1462,-1357500.0,-267500.0,100.81040422043614,-0.3548036677314622,False
17,18,1463,-1352500.0,-267500.0,100.85529775668894,-0.3553061372244031,False
17,19,1464,-1347500.0,-267500.0,100.90019133373966,-0.35580675261280853,False
17,20,1465,-1342500.0,-267500.0,100.94508495143755,-0.35630551389625237,False
17,21,1466,-1337500.0,-267500.0,100.98997860963183,-0.35680242107489535,False
17,22,1467,-1332500.0,-267500.0,101.03487230817177,-0.3572974741481805,False
17,23,1468,-1327500.0,-267500.0,101.0797660469066,-0.357790673115943,True
17,24,1469,-1322500.0,-267500.0,101.12465982568558,-0.3582820179776901,True
17,25,1470,-1317500.0,-267500.0,101.16955364435796,-0.3587715087337499,True
17,26,1471,-1312500.0,-267500.0,101.21444750277298,-0.35925914538332343,True
17,27,1472,-1307500.0,-267500.0,101.25934140077989,-0.3597449279261408,True
17,28,1473,-1302500.0,-267500.0,101.30423533822791,-0.36022885636226576,True
17,29,1474,-1297500.0,-267500.0,101.3491293149663,-0.3607109306916488,True
17,30,1475,-1292500.0,-267500.0,101.3940233308443,-0.36119115091332665,True
17,31,1476,-1287500.0,-267500.0,101.43891738571115,-0.3616695170275086,True
17,32,1477,-1282500.0,-267500.0,101.48381147941609,-0.3621460290337836,True
17,33,1478,-1277500.0,-267500.0,101.52870561180836,-0.36262068693209365,True
17,34,1479,-1272500.0,-267500.0,101.5735997827372,-0.3630934907221112,True
17,35,1480,-1267500.0,-267500.0,101.61849399205185,-0.3635644404032187,True
17,36,1481,-1262500.0,-267500.0,101.66338823960153,-0.36403353597587484,True
17,37,1482,-1257500.0,-267500.0,101.7082825252355,-0.36450077743944825,True
17,38,1483,-1252500.0,-267500.0,101.75317684880297,-0.3649661647933701,True
17,39,1484,-1247500.0,-267500.0,101.7980712101532,-0.36542969803802916,True
17,40,1485,-1242500.0,-267500.0,101.84296560913542,-0.365891377172472,True
17,41,1486,-1237500.0,-267500.0,101.88786004559883,-0.36635120219701567,True
17,42,1487,-1232500.0,-267500.0,101.93275451939272,-0.3668091731114729,True
17,43,1488,-1227500.0,-267500.0,101.97764903036627,-0.3672652899150364,True
17,44,1489,-1222500.0,-267500.0,102.02254357836873,-0.36771955260771977,True
17,45,1490,-1217500.0,-267500.0,102.06743816324934,-0.3681719611892866,True
17,46,1491,-1212500.0,-267500.0,102.1123327848573,-0.36862251565977633,True
17,47,1492,-1207500.0,-267500.0,102.15722744304189,-0.3690712160186467,True
17,48,1493,-1202500.0,-267500.0,102.20212213765228,-0.3695180622656119,True
17,49,1494,-1197500.0,-267500.0,102.24701686853774,-0.369963054400506,True
17,50,1495,-1192500.0,-267500.0,102.29191163554746,-0.3704061924230492,True
17,51,1496,-1187500.0,-267500.0,102.3368064385307,-0.3708474763331596,True
17,52,1497,-1182500.0,-267500.0,102.38170127733667,-0.3712869061304665,True
17,53,1498,-1177500.0,-267500.0,102.4265961518146,-0.3717244818147572,True
17,54,1499,-1172500.0,-267500.0,102.47149106181371,-0.37216020338574485,True
17,55,1500,-1167500.0,-267500.0,102.51638600718321,-0.3725940708428729,True
17,56,1501,-1162500.0,-267500.0,102.56128098777234,-0.3730260841866007,True
17,57,1502,-1157500.0,-267500.0,102.60617600343032,-0.3734562434161248,True
17,58,1503,-1152500.0,-267500.0,102.65107105400635,-0.3738845485316184,True
17,59,1504,-1147500.0,-267500.0,102.69596613934968,-0.3743109995324592,True
17,60,1505,-1142500.0,-267500.0,102.74086125930953,-0.3747355964185154,True
17,61,1506,-1137500.0,-267500.0,102.78575641373507,-0.37515833918987185,True
17,62,1507,-1132500.0,-267500.0,102.83065160247556,-0.37557922784578013,True
17,63,1508,-1127500.0,-267500.0,102.87554682538023,-0.37599826238609724,True
17,64,1509,-1122500.0,-267500.0,102.92044208229824,-0.37641544281082107,True
17,65,1510,-1117500.0,-267500.0,102.96533737307887,-0.3768307691198351,True
17,66,1511,-1112500.0,-267500.0,103.0102326975713,-0.3772442413124805,True
17,67,1512,-1107500.0,-267500.0,103.05512805562475,-0.37765585938870583,True
17,68,1513,-1102500.0,-267500.0,103.10002344708842,-0.37806562334828697,True
17,69,1514,-1097500.0,-267500.0,103.14491887181156,-0.37847353319108124,True
17,70,1515,-1092500.0,-267500.0,103.18981432964334,-0.378879588916969,True
17,71,1516,-1087500.0,-267500.0,103.234709820433,-0.3792837905251119,True
17,72,1517,-1082500.0,-267500.0,103.27960534402973,-0.37968613801588386,True
17,73,1518,-1077500.0,-267500.0,103.32450090028277,-0.38008663138868704,True
17,74,1519,-1072500.0,-267500.0,103.36939648904132,-0.3804852706438234,True
17,75,1520,-1067500.0,-267500.0,103.41429211015458,-0.3808820557802341,True
17,76,1521,-1062500.0,-267500.0,103.45918776347175,-0.38127698679855865,True
17,77,1522,-1057500.0,-267500.0,103.50408344884205,-0.381670063697784,True
17,78,1523,-1052500.0,-267500.0,103.54897916611468,-0.3820612864784776,True
17,79,1524,-1047500.0,-267500.0,103.59387491513885,-0.3824506551396525,True
17,80,1525,-1042500.0,-267500.0,103.6387706957638,-0.38283816968147394,True
17,81,1526,-1037500.0,-267500.0,103.68366650783868,-0.3832238301037793,False
17,82,1527,-1032500.0,-267500.0,103.72856235121272,-0.38360763640592194,False
17,83,1528,-1027500.0,-267500.0,103.77345822573511,-0.383989588588428,False
17,84,1529,-1022500.0,-267500.0,103.81835413125508,-0.3843696866502286,False
18,0,1530,-1442500.0,-262500.0,100.04775132745998,-0.300741097779007,False
18,1,1531,-1437500.0,-262500.0,100.09264230761292,-0.3012750846916295,False
18,2,1532,-1432500.0,-262500.0,100.13753333112108,-0.3018072175084937,False
18,3,1533,-1427500.0,-262500.0,100.18242439783373,-0.3023374962291666,False
18,4,1534,-1422500.0,-262500.0,100.22731550760014,-0.3028659208537437,False
18,5,1535,-1417500.0,-262500.0,100.2722066602696,-0.3033924913816412,False
18,6,1536,-1412500.0,-262500.0,100.3170978556914,-0.30391720781243414,False
18,7,1537,-1407500.0,-262500.0,100.3619890937148,-0.30444007014659585,False
18,8,1538,-1402500.0,-262500.0,100.40688037418909,-0.3049610783832778,False
18,9,1539,-1397500.0,-262500.0,100.45177169696352,-0.3054802325228418,False
18,10,1540,-1392500.0,-262500.0,100.49666306188742,-0.305997532564639,False
18,11,1541,-1387500.0,-262500.0,100.54155446881002,-0.3065129785087443,False
18,12,1542,-1382500.0,-262500.0,100.58644591758063,-0.30702657035459235,False
18,13,1543,-1377500.0,-262500.0,100.6313374080485,-0.3075383081021072,False
18,14,1544,-1372500.0,-262500.0,100.67622894006288,-0.3080481917509814,False
18,15,1545,-1367500.0,-262500.0,100.72112051347311,-0.3085562213013985,False
18,16,1546,-1362500.0,-262500.0,100.7660121281284,-0.30906239675270564,False
18,17,1547,-1357500.0,-262500.0,100.81090378387805,-0.3095667181047987,False
18,18,1548,-1352500.0,-262500.0,100.85579548057132,-0.31006918535757616,True
18,19,1549,-1347500.0,-262500.0,100.90068721805748,-0.3105697985108029,True
18,20,1550,-1342500.0,-262500.0,100.9455789961858,-0.3110685575639344,True
18,21,1551,-1337500.0,-262500.0,100.99047081480555,-0.3115654625169552,True
18,22,1552,-1332500.0,-262500.0,101.03536267376599,-0.3120605133698528,True
18,23,1553,-1327500.0,-262500.0,101.08025457291639,-0.3125537101224217,True
18,24,1554,-1322500.0,-262500.0,101.12514651210601,-0.3130450527740509,True
18,25,1555,-1317500.0,-262500.0,101.17003849118414,-0.3135345413247548,True
18,26,1556,-1312500.0,-262500.0,101.21493051,-0.31402217577423946,True
18,27,1557,-1307500.0,-262500.0,101.25982256840288,-0.3145079561227393,True
18,28,1558,-1302500.0,-262500.0,101.30471466624205,-0.314991882369459,True
18,29,1559,-1297500.0,-262500.0,101.34960680336674,-0.3154739545140931,True
18,30,1560,-1292500.0,-262500.0,101.39449897962623,-0.3159541725569041,True
18,31,1561,-1287500.0,-262500.0,101.4393911948698,-0.3164325364975529,True
18,32,1562,-1282500.0,-262500.0,101.48428344894666,-0.31690904633560574,True
18,33,1563,-1277500.0,-262500.0,101.5291757417061,-0.3173837020710608,True
18,34,1564,-1272500.0,-262500.0,101.57406807299736,-0.31785650370370433,True
18,35,1565,-1267500.0,-262500.0,101.61896044266973,-0.3183274512331302,True
18,36,1566,-1262500.0,-262500.0,101.66385285057243,-0.31879654465924806,True
18,37,1567,-1257500.0,-262500.0,101.70874529655472,-0.3192637839816374,True
18,38,1568,-1252500.0,-262500.0,101.75363778046587,-0.31972916920038874,True
18,39,1569,-1247500.0,-262500.0,101.79853030215511,-0.32019270031532165,True
18,40,1570,-1242500.0,-262500.0,101.84342286147172,-0.3206543773259862,True
18,41,1571,-1237500.0,-262500.0,101.88831545826494,-0.3211142002322659,True
18,42,1572,-1232500.0,-262500.0,101.93320809238402,-0.3215721690339898,True
18,43,1573,-1227500.0,-262500.0,101.9781007636782,-0.3220282837307354,True
18,44,1574,-1222500.0,-262500.0,102.02299347199674,-0.3224825443223953,True
18,45,1575,-1217500.0,-262500.0,102.06788621718889,-0.32293495080902107,True
18,46,1576,-1212500.0,-262500.0,102.1127789991039,-0.32338550318996523,True
18,47,1577,-1207500.0,-262500.0,102.157671817591,-0.32383420146540154,True
18,48,1578,-1202500.0,-262500.0,102.20256467249945,-0.32428104563474724,True
18,49,1579,-1197500.0,-262500.0,102.2474575636785,-0.3247260356981628,True
18,50,1580,-1192500.0,-262500.0,102.29235049097738,-0.3251691716551289,True
18,51,1581,-1187500.0,-262500.0,102.33724345424535,-0.325610453505773,True
18,52,1582,-1182500.0,-262500.0,102.38213645333165,-0.32604988124950424,True
18,53,1583,-1177500.0,-262500.0,102.42702948808551,-0.3264874548862798,True
18,54,1584,-1172500.0,-262500.0,102.47192255835618,-0.32692317441606067,True
18,55,1585,-1167500.0,-262500.0,102.51681566399292,-0.32735703983810843,True
18,56,1586,-1162500.0,-262500.0,102.56170880484494,-0.3277890511529941,True
18,57,1587,-1157500.0,-262500.0,102.6066019807615,-0.32821920835969276,True
18,58,1588,-1152500.0,-262500.0,102.65149519159182,-0.3286475114587226,True
18,59,1589,-1147500.0,-262500.0,102.69638843718516,-0.3290739604493574,True
18,60,1590,-1142500.0,-262500.0,102.74128171739078,-0.329498555331848,True
18,61,1591,-1137500.0,-262500.0,102.78617503205786,-0.3299212961052796,True
18,62,1592,-1132500.0,-262500.0,102.83106838103565,-0.3303421827699285,True
18,63,1593,-1127500.0,-262500.0,102.87596176417341,-0.33076121532562625,True
18,64,1594,-1122500.0,-262500.0,102.92085518132036,-0.3311783937722263,True
18,65,1595,-1117500.0,-262500.0,102.96574863232573,-0.33159371810915717,True
18,66,1596,-1112500.0,-262500.0,103.01064211703878,-0.3320071883366488,True
18,67,1597,-1107500.0,-262500.0,103.05553563530871,-0.3324188044542521,True
18,68,1598,-1102500.0,-262500.0,103.10042918698478,-0.3328285664617165,True
18,69,1599,-1097500.0,-262500.0,103.1453227719162,-0.3332364743587543,True
18,70,1600,-1092500.0,-262500.0,103.19021638995223,-0.3336425281454521,True
18,71,1601,-1087500.0,-262500.0,103.23511004094205,-0.33404672782143174,True
18,72,1602,-1082500.0,-262500.0,103.28000372473493,-0.33444907338653235,True
18,73,1603,-1077500.0,-262500.0,103.3248974411801,-0.3348495648407125,True
18,74,1604,-1072500.0,-262500.0,103.36979119012676,-0.33524820218340856,True
18,75,1605,-1067500.0,-262500.0,103.41468497142417,-0.33564498541458543,True
18,76,1606,-1062500.0,-262500.0,103.45957878492152,-0.336039914534309,True
18,77,1607,-1057500.0,-262500.0,103.50447263046807,-0.33643298954194645,True
18,78,1608,-1052500.0,-262500.0,103.54936650791304,-0.3368242104375891,True
18,79,1609,-1047500.0,-262500.0,103.59426041710564,-0.3372135772208833,True
18,80,1610,-1042500.0,-262500.0,103.63915435789511,-0.33760108989167287,True
18,81,1611,-1037500.0,-262500.0,103.68404833013066,-0.33798674844970805,True
18,82,1612,-1032500.0,-262500.0,103.72894233366154,-0.3383705528948584,True
18,83,1613,-1027500.0,-262500.0,103.77383636833692,-0.33875250322703626,True
18,84,1614,-1022500.0,-262500.0,103.81873043400607,-0.33913259944574725,False
19,0,1615,-1442500.0,-257500.0,100.0482821191229,-0.2555025152854424,False
19,1,1616,-1437500.0,-257500.0,100.09317125995511,-0.25603650020464297,False
19,2,1617,-1432500.0,-257500.0,100.13806044413721,-0.2565686310307788,False
19,3,1618,-1427500.0,-257500.0,100.1829496715185,-0.25709890776402256,False
19,4,1619,-1422500.0,-257500.0,100.22783894194824,-0.25762733040435426,False
19,5,1620,-1417500.0,-257500.0,100.27272825527577,-0.25815389895124957,False
19,6,1621,-1412500.0,-257500.0,100.31761761135037,-0.25867861340445975,False
19,7,1622,-1407500.0,-257500.0,100.36250701002133,-0.25920147376418645,False
19,8,1623,-1402500.0,-257500.0,100.40739645113797,-0.25972248003006854,False
19,9,1624,-1397500.0,-257500.0,100.45228593454956,-0.2602416322020009,False
19,10,1625,-1392500.0,-257500.0,100.49717546010544,-0.26075893027953023,False
19,11,1626,-1387500.0,-257500.0,100.54206502765484,-0.2612743742622831,False
19,12,1627,-1382500.0,-257500.0,100.58695463704711,-0.26178796415115596,False
19,13,1628,-1377500.0,-257500.0,100.63184428813152,-0.26229969994474767,False
19,14,1629,-1372500.0,-257500.0,100.67673398075735,-0.2628095816438426,False
19,15,1630,-1367500.0,-257500.0,100.7216237147739,-0.26331760924764863,False
19,16,1631,-1362500.0,-257500.0,100.76651349003048,-0.2638237827561365,False
19,17,1632,-1357500.0,-257500.0,100.81140330637633,-0.2643281021690847,True
19,18,1633,-1352500.0,-257500.0,100.8562931636608,-0.26483056748660516,True
19,19,1634,-1347500.0,-257500.0,100.90118306173314,-0.26533117870797485,True
19,20,1635,-1342500.0,-257500.0,100.94607300044262,-0.2658299358334864,True
19,21,1636,-1337500.0,-257500.0,100.99096297963857,-0.2663268388625771,True
19,22,1637,-1332500.0,-257500.0,101.03585299917026,-0.26682188779533067,True
19,23,1638,-1327500.0,-257500.0,101.08074305888697,-0.26731508263167725,True
19,24,1639,-1322500.0,-257500.0,101.12563315863797,-0.26780642337113997,True
19,25,1640,-1317500.0,-257500.0,101.17052329827256,-0.2682959100137709,True
19,26,1641,-1312500.0,-257500.0,101.21541347764001,-0.26878354255911796,True
19,27,1642,-1307500.0,-257500.0,101.26030369658962,-0.2692693210072194,True
19,28,1643,-1302500.0,-257500.0,101.30519395497065,-0.26975324535797857,True
19,29,1644,-1297500.0,-257500.0,101.3500842526324,-0.2702353156108545,True
19,30,1645,-1292500.0,-257500.0,101.39497458942412,-0.2707155317661457,True
19,31,1646,-1287500.0,-257500.0,101.43986496519511,-0.2711938938232186,True
19,32,1647,-1282500.0,-257500.0,101.48475537979465,-0.2716704017822021,True
19,33,1648,-1277500.0,-257500.0,101.52964583307201,-0.2721450556423312,True
19,34,1649,-1272500.0,-257500.0,101.57453632487645,-0.2726178554044219,True
19,35,1650,-1267500.0,-257500.0,101.61942685505727,-0.2730888010676951,True
19,36,1651,-1262500.0,-257500.0,101.66431742346373,-0.2735578926321152,True
19,37,1652,-1257500.0,-257500.0,101.70920802994509,-0.2740251300971226,True
19,38,1653,-1252500.0,-257500.0,101.75409867435066,-0.2744905134628231,True
19,39,1654,-1247500.0,-257500.0,101.79898935652969,-0.2749540427292472,True
19,40,1655,-1242500.0,-257500.0,101.84388007633143,-0.27541571789599945,True
19,41,1656,-1237500.0,-257500.0,101.88877083360518,-0.27587553896286254,True
19,42,1657,-1232500.0,-257500.0,101.9336616282002,-0.27633350592977785,True
19,43,1658,-1227500.0,-257500.0,101.97855245996577,-0.2767896187963577,True
19,44,1659,-1222500.0,-257500.0,102.02344332875113,-0.2772438775625488,True
19,45,1660,-1217500.0,-257500.0,102.06833423440557,-0.27769628222837867,True
19,46,1661,-1212500.0,-257500.0,102.11322517677836,-0.2781468327934292,True
19,47,1662,-1207500.0,-257500.0,102.15811615571874,-0.2785955292575381,True
19,48,1663,-1202500.0,-257500.0,102.20300717107602,-0.27904237162052664,True
19,49,1664,-1197500.0,-257500.0,102.2478982226994,-0.27948735988210205,True
19,50,1665,-1192500.0,-257500.0,102.2927893104382,-0.2799304940423832,True
19,51,1666,-1187500.0,-257500.0,102.33768043414165,-0.28037177410102426,True
19,52,1667,-1182500.0,-257500.0,102.38257159365904,-0.2808112000579161,True
19,53,1668,-1177500.0,-257500.0,102.4274627888396,-0.2812487719128154,True
19,54,1669,-1172500.0,-257500.0,102.4723540195326,-0.28168448966538495,True
19,55,1670,-1167500.0,-257500.0,102.51724528558734,-0.28211835331558227,True
19,56,1671,-1162500.0,-257500.0,102.562136586853,-0.2825503628633483,True
19,57,1672,-1157500.0,-257500.0,102.60702792317892,-0.2829805183083927,True
19,58,1673,-1152500.0,-257500.0,102.6519192944143,-0.2834088196507402,True
19,59,1674,-1147500.0,-257500.0,102.69681070040842,-0.28383526688987226,True
19,60,1675,-1142500.0,-257500.0,102.74170214101053,-0.28425986002589687,True
19,61,1676,-1137500.0,-257500.0,102.7865936160699,-0.28468259905835996,True
19,62,1677,-1132500.0,-257500.0,102.83148512543576,-0.2851034839873167,True
19,63,1678,-1127500.0,-257500.0,102.87637666895739,-0.285522514812494,True
19,64,1679,-1122500.0,-257500.0,102.92126824648405,-0.28593969153369975,True
19,65,1680,-1117500.0,-257500.0,102.96615985786495,-0.28635501415088055,True
19,66,1681,-1112500.0,-257500.0,103.01105150294939,-0.2867684826638888,True
19,67,1682,-1107500.0,-257500.0,103.05594318158657,-0.2871800970723851,True
19,68,1683,-1102500.0,-257500.0,103.10083489362579,-0.28758985737620807,True
19,69,1684,-1097500.0,-257500.0,103.14572663891627,-0.2879977635752185,True
19,70,1685,-1092500.0,-257500.0,103.19061841730728,-0.28840381566922196,True
19,71,1686,-1087500.0,-257500.0,103.23551022864805,-0.288808013657871,True
19,72,1687,-1082500.0,-257500.0,103.28040207278785,-0.2892103575416003,True
19,73,1688,-1077500.0,-257500.0,103.3252939495759,-0.28961084731952264,True
19,74,1689,-1072500.0,-257500.0,103.37018585886146,-0.2900094829918449,True
19,75,1690,-1067500.0,-257500.0,103.41507780049379,-0.2904062645584067,True
19,76,1691,-1062500.0,-257500.0,103.45996977432212,-0.29080119201883575,True
19,77,1692,-1057500.0,-257500.0,103.5048617801957,-0.291194265373192,True
19,78,1693,-1052500.0,-257500.0,103.54975381796376,-0.2915854846214798,True
19,79,1694,-1047500.0,-257500.0,103.59464588747556,-0.29197484976286825,True
19,80,1695,-1042500.0,-257500.0,103.63953798858034,-0.29236236079767924,True
19,81,1696,-1037500.0,-257500.0,103.68443012112735,-0.29274801772567294,True
19,82,1697,-1032500.0,-257500.0,103.72932228496582,-0.2931318205464558,True
19,83,1698,-1027500.0,-257500.0,103.77421447994499,-0.2935137692602222,False
19,84,1699,-1022500.0,-257500.0,103.8191067059141,-0.29389386386635163,False
20,0,1700,-1442500.0,-252500.0,100.04881286728525,-0.2102622337015376,False
20,1,1701,-1437500.0,-252500.0,100.09370016894745,-0.21079621695069387,False
20,2,1702,-1432500.0,-252500.0,100.13858751395418,-0.21132834610912232,False
20,3,1703,-1427500.0,-252500.0,100.18347490215479,-0.21185862117666515,False
20,4,1704,-1422500.0,-252500.0,100.22836233339856,-0.21238704215334295,False
20,5,1705,-1417500.0,-252500.0,100.27324980753487,-0.2129136090385158,False
20,6,1706,-1412500.0,-252500.0,100.31813732441297,-0.21343832183259803,False
20,7,1707,-1407500.0,-252500.0,100.36302488388222,-0.21396118053483776,False
20,8,1708,-1402500.0,-252500.0,100.40791248579191,-0.21448218514588743,False
20,9,1709,-1397500.0,-252500.0,100.45280012999136,-0.21500133566482452,False
20,10,1710,-1392500.0,-252500.0,100.4976878163299,-0.2155186320921895,False
20,11,1711,-1387500.0,-252500.0,100.54257554465683,-0.21603407442721992,False
20,12,1712,-1382500.0,-252500.0,100.58746331482146,-0.21654766267012995,False
20,13,1713,-1377500.0,-252500.0,100.6323511266731,-0.21705939682070724,False
20,14,1714,-1372500.0,-252500.0,100.67723898006109,-0.21756927687864452,False
20,15,1715,-1367500.0,-252500.0,100.72212687483469,-0.2180773028442801,False
20,16,1716,-1362500.0,-252500.0,100.76701481084324,-0.2185834747168825,False
20,17,1717,-1357500.0,-252500.0,100.81190278793603,-0.21908779249691163,True
20,18,1718,-1352500.0,-252500.0,100.85679080596239,-0.21959025618368005,True
20,19,1719,-1347500.0,-252500.0,100.90167886477161,-0.22009086577698966,True
20,20,1720,-1342500.0,-252500.0,100.946566964213,-0.22058962127703474,True
20,21,1721,-1337500.0,-252500.0,100.99145510413587,-0.22108652268379733,True
20,22,1722,-1332500.0,-252500.0,101.0363432843895,-0.22158156999716475,True
20,23,1723,-1327500.0,-252500.0,101.08123150482322,-0.22207476321622763,True
20,24,1724,-1322500.0,-252500.0,101.12611976528632,-0.22256610234156016,True
20,25,1725,-1317500.0,-252500.0,101.1710080656281,-0.22305558737280343,True
20,26,1726,-1312500.0,-252500.0,101.21589640569786,-0.2235432183099129,True
20,27,1727,-1307500.0,-252500.0,101.26078478534491,-0.2240289951527684,True
20,28,1728,-1302500.0,-252500.0,101.30567320441855,-0.22451291790094063,True
20,29,1729,-1297500.0,-252500.0,101.35056166276806,-0.2249949865544508,True
20,30,1730,-1292500.0,-252500.0,101.39545016024273,-0.2254752011133617,True
20,31,1731,-1287500.0,-252500.0,101.4403386966919,-0.22595356157717345,True
20,32,1732,-1282500.0,-252500.0,101.48522727196482,-0.22643006794575865,True
20,33,1733,-1277500.0,-252500.0,101.53011588591082,-0.22690472021940208,True
20,34,1734,-1272500.0,-252500.0,101.57500453837916,-0.22737751839768905,True
20,35,1735,-1267500.0,-252500.0,101.61989322921916,-0.2278484624804027,True
20,36,1736,-1262500.0,-252500.0,101.6647819582801,-0.2283175524671335,True
20,37,1737,-1257500.0,-252500.0,101.70967072541129,-0.22878478835840982,True
20,38,1738,-1252500.0,-252500.0,101.75455953046199,-0.22925017015359356,True
20,39,1739,-1247500.0,-252500.0,101.7994483732815,-0.2297136978527118,True
20,40,1740,-1242500.0,-252500.0,101.84433725371913,-0.23017537145534533,True
20,41,1741,-1237500.0,-252500.0,101.88922617162416,-0.23063519096177976,True
20,42,1742,-1232500.0,-252500.0,101.93411512684585,-0.2310931563718355,True
20,43,1743,-1227500.0,-252500.0,101.97900411923354,-0.23154926768494533,True
20,44,1744,-1222500.0,-252500.0,102.02389314863647,-0.2320035249013632,True
20,45,1745,-1217500.0,-252500.0,102.06878221490393,-0.2324559280207031,True
20,46,1746,-1212500.0,-252500.0,102.11367131788523,-0.2329064770430485,True
20,47,1747,-1207500.0,-252500.0,102.15856045742964,-0.2333551719677847,True
20,48,1748,-1202500.0,-252500.0,102.20344963338646,-0.23380201279533191,True
20,49,1749,-1197500.0,-252500.0,102.24833884560492,-0.23424699952552855,True
20,50,1750,-1192500.0,-252500.0,102.29322809393436,-0.2346901321577478,True
20,51,1751,-1187500.0,-252500.0,102.33811737822406,-0.23513141069235954,True
20,52,1752,-1182500.0,-252500.0,102.38300669832324,-0.23557083512841104,True
20,53,1753,-1177500.0,-252500.0,102.42789605408126,-0.23600840546686216,True
20,54,1754,-1172500.0,-252500.0,102.47278544534733,-0.2364441217069017,True
20,55,1755,-1167500.0,-252500.0,102.51767487197077,-0.2368779838484617,True
20,56,1756,-1162500.0,-252500.0,102.56256433380085,-0.23730999189151625,True
20,57,1757,-1157500.0,-252500.0,102.60745383068685,-0.23774014583569086,True
20,58,1758,-1152500.0,-252500.0,102.65234336247802,-0.2381684456809647,True
20,59,1759,-1147500.0,-252500.0,102.69723292902367,-0.2385948914274561,True
20,60,1760,-1142500.0,-252500.0,102.74212253017305,-0.23901948307472082,True
20,61,1761,-1137500.0,-252500.0,102.78701216577545,-0.23944222062251233,True
20,62,1762,-1132500.0,-252500.0,102.83190183568013,-0.23986310407097627,True
20,63,1763,-1127500.0,-252500.0,102.87679153973639,-0.24028213341977409,True
20,64,1764,-1122500.0,-252500.0,102.92168127779347,-0.24069930866907646,True
20,65,1765,-1117500.0,-252500.0,102.96657104970065,-0.24111462981808265,True
20,66,1766,-1112500.0,-252500.0,103.0114608553072,-0.24152809686737794,True
20,67,1767,-1107500.0,-252500.0,103.05635069446241,-0.24193970981636181,True
20,68,1768,-1102500.0,-252500.0,103.10124056701551,-0.2423494686651184,True
20,69,1769,-1097500.0,-252500.0,103.14613047281583,-0.24275737341330597,True
20,70,1770,-1092500.0,-252500.0,103.19102041171257,-0.24316342406105346,True
20,71,1771,-1087500.0,-252500.0,103.23591038355504,-0.2435676206079076,True
20,72,1772,-1082500.0,-252500.0,103.2808003881925,-0.24396996305398305,True
20,73,1773,-1077500.0,-252500.0,103.32569042547419,-0.24437045139900768,True
20,74,1774,-1072500.0,-252500.0,103.37058049524943,-0.24476908564288766,True
20,75,1775,-1067500.0,-252500.0,103.4154705973674,-0.24516586578523894,True
20,76,1776,-1062500.0,-252500.0,103.46036073167747,-0.24556079182632412,True
20,77,1777,-1057500.0,-252500.0,103.50525089802882,-0.24595386376594056,True
20,78,1778,-1052500.0,-252500.0,103.55014109627074,-0.2463450816036157,True
20,79,1779,-1047500.0,-252500.0,103.59503132625251,-0.24673444533940594,True
20,80,1780,-1042500.0,-252500.0,103.63992158782335,-0.24712195497333148,True
20,81,1781,-1037500.0,-252500.0,103.68481188083257,-0.2475076105050059,False
20,82,1782,-1032500.0,-252500.0,103.7297022051294,-0.24789141193457212,False
20,83,1783,-1027500.0,-252500.0,103.77459256056311,-0.24827335926153268,False
20,84,1784,-1022500.0,-252500.0,103.81948294698293,-0.24865345248578272,False
21,0,1785,-1442500.0,-247500.0,100.04934357195239,-0.16502022559292717,False
21,1,1786,-1437500.0,-247500.0,100.09422903459523,-0.1655542074961299,False
21,2,1787,-1432500.0,-247500.0,100.13911454057728,-0.166086335309785,False
21,3,1788,-1427500.0,-247500.0,100.1840000897479,-0.16661660903311323,False
21,4,1789,-1422500.0,-247500.0,100.2288856819564,-0.16714502866683736,False
21,5,1790,-1417500.0,-247500.0,100.27377131705212,-0.16767159420992894,False
21,6,1791,-1412500.0,-247500.0,100.31865699488444,-0.16819630566301805,False
21,7,1792,-1407500.0,-247500.0,100.36354271530263,-0.16871916302517773,False
21,8,1793,-1402500.0,-247500.0,100.40842847815605,-0.16924016629731473,False
21,9,1794,-1397500.0,-247500.0,100.45331428329406,-0.16975931547870204,False
21,10,1795,-1392500.0,-247500.0,100.49820013056598,-0.17027661056913976,False
21,11,1796,-1387500.0,-247500.0,100.5430860198211,-0.17079205156885965,False
21,12,1797,-1382500.0,-247500.0,100.5879719509088,-0.17130563847782268,False
21,13,1798,-1377500.0,-247500.0,100.63285792367839,-0.17181737129532956,False
21,14,1799,-1372500.0,-247500.0,100.67774393797917,-0.1723272500221639,False
21,15,1800,-1367500.0,-247500.0,100.72262999366053,-0.1728352746573387,False
21,16,1801,-1362500.0,-247500.0,100.76751609057176,-0.17334144520158357,False
21,17,1802,-1357500.0,-247500.0,100.81240222856219,-0.1738457616538768,True
21,18,1803,-1352500.0,-247500.0,100.85728840748112,-0.17434822401497196,True
21,19,1804,-1347500.0,-247500.0,100.90217462717793,-0.17484883228439793,True
21,20,1805,-1342500.0,-247500.0,100.9470608875019,-0.17534758646180187,True
21,21,1806,-1337500.0,-247500.0,100.99194718830238,-0.1758444865476326,True
21,22,1807,-1332500.0,-247500.0,101.03683352942866,-0.17633953254123033,True
21,23,1808,-1327500.0,-247500.0,101.0817199107301,-0.1768327244426395,True
21,24,1809,-1322500.0,-247500.0,101.126606332056,-0.1773240622523154,True
21,25,1810,-1317500.0,-247500.0,101.17149279325567,-0.1778135459692547,True
21,26,1811,-1312500.0,-247500.0,101.21637929417844,-0.17830117559348874,True
21,27,1812,-1307500.0,-247500.0,101.26126583467362,-0.17878695112565546,True
21,28,1813,-1302500.0,-247500.0,101.30615241459056,-0.17927087256524557,True
21,29,1814,-1297500.0,-247500.0,101.35103903377853,-0.17975293991155689,True
21,30,1815,-1292500.0,-247500.0,101.39592569208689,-0.18023315316556565,True
21,31,1816,-1287500.0,-247500.0,101.44081238936491,-0.18071151232645766,True
21,32,1817,-1282500.0,-247500.0,101.48569912546193,-0.18118801739412246,True
21,33,1818,-1277500.0,-247500.0,101.53058590022727,-0.18166266836864703,True
21,34,1819,-1272500.0,-247500.0,101.57547271351024,-0.18213546524982824,True
21,35,1820,-1267500.0,-247500.0,101.62035956516013,-0.18260640803767972,True
21,36,1821,-1262500.0,-247500.0,101.66524645502625,-0.1830754967318862,True
21,37,1822,-1257500.0,-247500.0,101.71013338295795,-0.18354273133248575,True
21,38,1823,-1252500.0,-247500.0,101.7550203488045,-0.18400811183924554,True
21,39,1824,-1247500.0,-247500.0,101.79990735241523,-0.18447163825242305,True
21,40,1825,-1242500.0,-247500.0,101.84479439363945,-0.18493331057140053,True
21,41,1826,-1237500.0,-247500.0,101.88968147232644,-0.18539312879620629,True
21,42,1827,-1232500.0,-247500.0,101.93456858832555,-0.1858510929269291,True
21,43,1828,-1227500.0,-247500.0,101.97945574148605,-0.18630720296342657,True
21,44,1829,-1222500.0,-247500.0,102.02434293165724,-0.18676145890548063,True
21,45,1830,-1217500.0,-247500.0,102.06923015868847,-0.18721386075305135,True
21,46,1831,-1212500.0,-247500.0,102.11411742242899,-0.18766440850571112,True
21,47,1832,-1207500.0,-247500.0,102.15900472272814,-0.18811310216385332,True
21,48,1833,-1202500.0,-247500.0,102.2038920594352,-0.18855994172707527,True
21,49,1834,-1197500.0,-247500.0,102.24877943239949,-0.18900492719546308,True
21,50,1835,-1192500.0,-247500.0,102.29366684147028,-0.18944805856865832,True
21,51,1836,-1187500.0,-247500.0,102.33855428649692,-0.1898893358466352,True
21,52,1837,-1182500.0,-247500.0,102.38344176732866,-0.19032875902927363,True
21,53,1838,-1177500.0,-247500.0,102.42832928381482,-0.19076632811628066,True
21,54,1839,-1172500.0,-247500.0,102.47321683580469,-0.19120204310800828,True
21,55,1840,-1167500.0,-247500.0,102.51810442314758,-0.1916359040041298,True
21,56,1841,-1162500.0,-247500.0,102.56299204569278,-0.19206791080420366,True
21,57,1842,-1157500.0,-247500.0,102.60787970328958,-0.19249806350878446,True
21,58,1843,-1152500.0,-247500.0,102.65276739578728,-0.19292636211704642,True
21,59,1844,-1147500.0,-247500.0,102.69765512303518,-0.19335280662917909,True
21,60,1845,-1142500.0,-247500.0,102.74254288488255,-0.1937773970454332,True
21,61,1846,-1137500.0,-247500.0,102.78743068117872,-0.1942001333649707,True
21,62,1847,-1132500.0,-247500.0,102.83231851177295,-0.19462101558833994,True
21,63,1848,-1127500.0,-247500.0,102.87720637651454,-0.19504004371527295,True
21,64,1849,-1122500.0,-247500.0,102.92209427525277,-0.19545721774523192,True
21,65,1850,-1117500.0,-247500.0,102.96698220783696,-0.19587253767842175,True
21,66,1851,-1112500.0,-247500.0,103.01187017411638,-0.19628600351468004,True
21,67,1852,-1107500.0,-247500.0,103.05675817394032,-0.19669761525396387,True
21,68,1853,-1102500.0,-247500.0,103.10164620715807,-0.19710737289625205,True
21,69,1854,-1097500.0,-247500.0,103.14653427361891,-0.19751527644138991,True
21,70,1855,-1092500.0,-247500.0,103.19142237317214,-0.1979213258890305,True
21,71,1856,-1087500.0,-247500.0,103.23631050566705,-0.19832552123925823,True
21,72,1857,-1082500.0,-247500.0,103.28119867095289,-0.19872786249182847,True
21,73,1858,-1077500.0,-247500.0,103.32608686887897,-0.1991283496467338,True
21,74,1859,-1072500.0,-247500.0,103.37097509929458,-0.19952698270387112,True
21,75,1860,-1067500.0,-247500.0,103.415863362049,-0.19992376166316028,True
21,76,1861,-1062500.0,-247500.0,103.4607516569915,-0.20031868652464024,True
21,77,1862,-1057500.0,-247500.0,103.50563998397136,-0.20071175728741758,False
21,78,1863,-1052500.0,-247500.0,103.5505283428379,-0.20110297395223767,False
21,79,1864,-1047500.0,-247500.0,103.59541673344035,-0.20149233651885587,False
21,80,1865,-1042500.0,-247500.0,103.64030515562801,-0.20187984498689274,False
21,81,1866,-1037500.0,-247500.0,103.68519360925018,-0.20226549935614774,False
21,82,1867,-1032500.0,-247500.0,103.7300820941561,-0.20264929962694853,False
21,83,1868,-1027500.0,-247500.0,103.77497061019508,-0.20303124579906065,False
21,84,1869,-1022500.0,-247500.0,103.81985915721637,-0.2034113378718238,False
22,0,1870,-1442500.0,-242500.0,100.04987423312964,-0.11977646351950919,False
22,1,1871,-1437500.0,-242500.0,100.09475785690378,-0.1203104444009205,False
22,2,1872,-1432500.0,-242500.0,100.13964152401181,-0.12084257119251623,False
22,3,1873,-1427500.0,-242500.0,100.1845252343031,-0.12137284389369371,False
22,4,1874,-1422500.0,-242500.0,100.22940898762698,-0.12190126250472892,False
22,5,1875,-1417500.0,-242500.0,100.27429278383283,-0.12242782702531564,False
22,6,1876,-1412500.0,-242500.0,100.31917662277,-0.122952537455578,False
22,7,1877,-1407500.0,-242500.0,100.36406050428782,-0.12347539379509663,False
22,8,1878,-1402500.0,-242500.0,100.40894442823567,-0.12399639604442839,False
22,9,1879,-1397500.0,-242500.0,100.45382839446289,-0.12451554420300219,False
22,10,1880,-1392500.0,-242500.0,100.49871240281881,-0.12503283827093115,False
22,11,1881,-1387500.0,-242500.0,100.54359645315282,-0.12554827824792059,False
22,12,1882,-1382500.0,-242500.0,100.58848054531424,-0.12606186413414616,False
22,13,1883,-1377500.0,-242500.0,100.63336467915244,-0.1265735959298632,False
22,14,1884,-1372500.0,-242500.0,100.67824885451674,-0.1270834736342187,False
22,15,1885,-1367500.0,-242500.0,100.7231330712565,-0.1275914972479008,False
22,16,1886,-1362500.0,-242500.0,100.76801732922107,-0.12809766677015785,True
22,17,1887,-1357500.0,-242500.0,100.8129016282598,-0.12860198220156555,True
22,18,1888,-1352500.0,-242500.0,100.85778596822202,-0.12910444354172726,True
22,19,1889,-1347500.0,-242500.0,100.90267034895707,-0.12960505079061851,True
22,20,1890,-1342500.0,-242500.0,100.94755477031431,-0.1301038039481199,True
22,21,1891,-1337500.0,-242500.0,100.99243923214307,-0.13060070301440616,True
22,22,1892,-1332500.0,-242500.0,101.0373237342927,-0.1310957479887581,True
22,23,1893,-1327500.0,-242500.0,101.08220827661252,-0.1315889388718609,True
22,24,1894,-1322500.0,-242500.0,101.1270928589519,-0.13208027566321442,True
22,25,1895,-1317500.0,-242500.0,101.17197748116014,-0.13256975836298227,True
22,26,1896,-1312500.0,-242500.0,101.2168621430866,-0.1330573869710578,True
22,27,1897,-1307500.0,-242500.0,101.26174684458061,-0.1335431614869077,True
22,28,1898,-1302500.0,-242500.0,101.30663158549153,-0.13402708191115065,True
22,29,1899,-1297500.0,-242500.0,101.35151636566864,-0.13450914824325785,True
22,30,1900,-1292500.0,-242500.0,101.39640118496135,-0.13498936048363777,True
22,31,1901,-1287500.0,-242500.0,101.44128604321892,-0.13546771863161022,True
22,32,1902,-1282500.0,-242500.0,101.48617094029073,-0.13594422268731554,True
22,33,1903,-1277500.0,-242500.0,101.5310558760261,-0.13641887265072059,True
22,34,1904,-1272500.0,-242500.0,101.57594085027435,-0.13689166852181456,True
22,35,1905,-1267500.0,-242500.0,101.62082586288483,-0.13736261030045183,True
22,36,1906,-1262500.0,-242500.0,101.66571091370685,-0.13783169798656725,True
22,37,1907,-1257500.0,-242500.0,101.71059600258975,-0.13829893158042914,True
22,38,1908,-1252500.0,-242500.0,101.75548112938284,-0.13876431108115891,True
22,39,1909,-1247500.0,-242500.0,101.80036629393548,-0.13922783648934048,True
22,40,1910,-1242500.0,-242500.0,101.84525149609696,-0.13968950780484043,True
22,41,1911,-1237500.0,-242500.0,101.89013673571665,-0.14014932502729285,True
22,42,1912,-1232500.0,-242500.0,101.93502201264383,-0.14060728815686058,True
22,43,1913,-1227500.0,-242500.0,101.97990732672784,-0.14106339719314348,True
22,44,1914,-1222500.0,-242500.0,102.02479267781803,-0.14151765213644563,True
22,45,1915,-1217500.0,-242500.0,102.06967806576368,-0.14197005298666368,True
22,46,1916,-1212500.0,-242500.0,102.11456349041414,-0.1424205997433267,True
22,47,1917,-1207500.0,-242500.0,102.15944895161871,-0.14286929240682328,True
22,48,1918,-1202500.0,-242500.0,102.20433444922674,-0.14331613097699883,True
22,49,1919,-1197500.0,-242500.0,102.24921998308753,-0.14376111545356487,True
22,50,1920,-1192500.0,-242500.0,102.29410555305039,-0.14420424583641017,True
22,51,1921,-1187500.0,-242500.0,102.33899115896466,-0.14464552212556256,True
22,52,1922,-1182500.0,-242500.0,102.38387680067964,-0.145084944320877,True
22,53,1923,-1177500.0,-242500.0,102.42876247804467,-0.14552251242256128,True
22,54,1924,-1172500.0,-242500.0,102.47364819090905,-0.14595822643057207,True
22,55,1925,-1167500.0,-242500.0,102.51853393912208,-0.14639208634395318,True
22,56,1926,-1162500.0,-242500.0,102.56341972253311,-0.14682409216354309,True
22,57,1927,-1157500.0,-242500.0,102.60830554099142,-0.14725424388920832,True
22,58,1928,-1152500.0,-242500.0,102.65319139434635,-0.14768254152031152,True
22,59,1929,-1147500.0,-242500.0,102.6980772824472,-0.1481089850575031,True
22,60,1930,-1142500.0,-242500.0,102.74296320514328,-0.1485335744998585,True
22,61,1931,-1137500.0,-242500.0,102.7878491622839,-0.1489563098479163,True
22,62,1932,-1132500.0,-242500.0,102.83273515371839,-0.1493771911014382,True
22,63,1933,-1127500.0,-242500.0,102.87762117929603,-0.14979621826007178,True
22,64,1934,-1122500.0,-242500.0,102.92250723886615,-0.15021339132436273,True
22,65,1935,-1117500.0,-242500.0,102.96739333227805,-0.15062871029355426,True
22,66,1936,-1112500.0,-242500.0,103.01227945938105,-0.1510421751679439,True
22,67,1937,-1107500.0,-242500.0,103.05716562002443,-0.15145378594759795,True
22,68,1938,-1102500.0,-242500.0,103.10205181405753,-0.15186354263190324,True
22,69,1939,-1097500.0,-242500.0,103.14693804132963,-0.15227144522112585,True
22,70,1940,-1092500.0,-242500.0,103.19182430169005,-0.1526774937151055,True
22,71,1941,-1087500.0,-242500.0,103.2367105949881,-0.15308168811389886,True
22,72,1942,-1082500.0,-242500.0,103.28159692107305,-0.15348402841737024,True
22,73,1943,-1077500.0,-242500.0,103.32648327979423,-0.15388451462509425,True
22,74,1944,-1072500.0,-242500.0,103.37136967100095,-0.15428314673729074,True
22,75,1945,-1067500.0,-242500.0,103.41625609454249,-0.15467992475427983,True
22,76,1946,-1062500.0,-242500.0,103.46114255026816,-0.15507484867498122,True
22,77,1947,-1057500.0,-242500.0,103.50602903802726,-0.15546791850003122,False
22,78,1948,-1052500.0,-242500.0,103.55091555766911,-0.15585913422942632,False
22,79,1949,-1047500.0,-242500.0,103.59580210904299,-0.15624849586295086,False
22,80,1950,-1042500.0,-242500.0,103.64068869199818,-0.15663600340009992,False
22,81,1951,-1037500.0,-242500.0,103.68557530638401,-0.1570216568412278,False
22,82,1952,-1032500.0,-242500.0,103.73046195204977,-0.15740545618637988,False
22,83,1953,-1027500.0,-242500.0,103.77534862884472,-0.1577874014350586,False
22,84,1954,-1022500.0,-242500.0,103.82023533661823,-0.158167492587334,False
23,0,1955,-1442500.0,-237500.0,100.05040485082235,-0.07453092003521283,False
23,1,1956,-1437500.0,-237500.0,100.09528663587844,-0.07506490021895178,False
23,2,1957,-1432500.0,-237500.0,100.14016846426311,-0.07559702631123634,False
23,3,1958,-1427500.0,-237500.0,100.18505033582571,-0.07612729831183533,False
23,4,1959,-1422500.0,-237500.0,100.22993225041563,-0.07665571622114312,False
23,5,1960,-1417500.0,-237500.0,100.27481420788223,-0.07718228003867908,False
23,6,1961,-1412500.0,-237500.0,100.31969620807489,-0.07770698976445141,False
23,7,1962,-1407500.0,-237500.0,100.364578250843,-0.07822984539893807,False
23,8,1963,-1402500.0,-237500.0,100.40946033603589,-0.07875084694117669,False
23,9,1964,-1397500.0,-237500.0,100.45434246350297,-0.0792699943920972,False
23,10,1965,-1392500.0,-237500.0,100.49922463309358,-0.07978728775124772,False
23,11,1966,-1387500.0,-237500.0,100.54410684465711,-0.08030272701850955,False
23,12,1967,-1382500.0,-237500.0,100.58898909804292,-0.08081631219392206,False
23,13,1968,-1377500.0,-237500.0,100.63387139310036,-0.08132804327762352,False
23,14,1969,-1372500.0,-237500.0,100.67875372967883,-0.08183792026954023,False
23,15,1970,-1367500.0,-237500.0,100.72363610762767,-0.0823459431694054,False
23,16,1971,-1362500.0,-237500.0,100.76851852679624,-0.08285211197761641,True
23,17,1972,-1357500.0,-237500.0,100.81340098703393,-0.08335642669383267,True
23,18,1973,-1352500.0,-237500.0,100.85828348819007,-0.08385888731792959,True
23,19,1974,-1347500.0,-237500.0,100.90316603011404,-0.084359493850077,True
23,20,1975,-1342500.0,-237500.0,100.9480486126552,-0.0848582462900567,True
23,21,1976,-1337500.0,-237500.0,100.99293123566291,-0.08535514463831514,True
23,22,1977,-1332500.0,-237500.0,101.03781389898651,-0.08585018889430719,True
23,23,1978,-1327500.0,-237500.0,101.0826966024754,-0.08634337905799618,True
23,24,1979,-1322500.0,-237500.0,101.1275793459789,-0.08683471512948382,True
23,25,1980,-1317500.0,-237500.0,101.17246212934639,-0.08732419710901015,True
23,26,1981,-1312500.0,-237500.0,101.2173449524272,-0.08781182499611609,True
23,27,1982,-1307500.0,-237500.0,101.26222781507072,-0.08829759879126009,True
23,28,1983,-1302500.0,-237500.0,101.30711071712626,-0.0887815184937142,True
23,29,1984,-1297500.0,-237500.0,101.3519936584432,-0.08926358410401898,True
23,30,1985,-1292500.0,-237500.0,101.3968766388709,-0.08974379562203504,True
23,31,1986,-1287500.0,-237500.0,101.44175965825873,-0.09022215304744988,True
23,32,1987,-1282500.0,-237500.0,101.48664271645598,-0.09069865638036205,True
23,33,1988,-1277500.0,-237500.0,101.53152581331204,-0.09117330562091101,True
23,34,1989,-1272500.0,-237500.0,101.57640894867627,-0.09164610076896607,True
23,35,1990,-1267500.0,-237500.0,101.62129212239797,-0.09211704182414489,True
23,36,1991,-1262500.0,-237500.0,101.66617533432657,-0.09258612878694397,True
23,37,1992,-1257500.0,-237500.0,101.71105858431133,-0.0930533616569075,True
23,38,1993,-1252500.0,-237500.0,101.75594187220165,-0.09351874043436094,True
23,39,1994,-1247500.0,-237500.0,101.80082519784686,-0.09398226511893049,True
23,40,1995,-1242500.0,-237500.0,101.8457085610963,-0.09444393571082893,True
23,41,1996,-1237500.0,-237500.0,101.89059196179933,-0.09490375220972587,True
23,42,1997,-1232500.0,-237500.0,101.93547539980528,-0.09536171461589699,True
23,43,1998,-1227500.0,-237500.0,101.98035887496349,-0.09581782292907412,True
23,44,1999,-1222500.0,-237500.0,102.02524238712331,-0.09627207714932322,True
23,45,2000,-1217500.0,-237500.0,102.07012593613409,-0.09672447727667283,True
23,46,2001,-1212500.0,-237500.0,102.11500952184515,-0.0971750233109785,True
23,47,2002,-1207500.0,-237500.0,102.15989314410585,-0.09762371525209829,True
23,48,2003,-1202500.0,-237500.0,102.20477680276551,-0.09807055310008671,True
23,49,2004,-1197500.0,-237500.0,102.24966049767349,-0.09851553685484503,True
23,50,2005,-1192500.0,-237500.0,102.2945442286791,-0.09895866651629615,True
23,51,2006,-1187500.0,-237500.0,102.33942799563168,-0.0993999420844623,True
23,52,2007,-1182500.0,-237500.0,102.3843117983806,-0.09983936355966037,True
23,53,2008,-1177500.0,-237500.0,102.42919563677518,-0.1002769309410407,True
23,54,2009,-1172500.0,-237500.0,102.47407951066472,-0.10071264422923613,True
23,55,2010,-1167500.0,-237500.0,102.5189634198986,-0.10114650342394683,True
23,56,2011,-1162500.0,-237500.0,102.56384736432614,-0.10157850852499209,True
23,57,2012,-1157500.0,-237500.0,102.60873134379666,-0.10200865953279738,True
23,58,2013,-1152500.0,-237500.0,102.6536153581595,-0.1024369564467969,True
23,59,2014,-1147500.0,-237500.0,102.698499407264,-0.10286339926724515,True
23,60,2015,-1142500.0,-237500.0,102.74338349095946,-0.10328798799360021,True
23,61,2016,-1137500.0,-237500.0,102.78826760909524,-0.10371072262651106,True
23,62,2017,-1132500.0,-237500.0,102.83315176152065,-0.10413160316571302,True
23,63,2018,-1127500.0,-237500.0,102.87803594808504,-0.10455062961100234,True
23,64,2019,-1122500.0,-237500.0,102.92292016863775,-0.10496780196227476,True
23,65,2020,-1117500.0,-237500.0,102.96780442302804,-0.10538312021962344,True
23,66,2021,-1112500.0,-237500.0,103.01268871110531,-0.10579658438285129,True
23,67,2022,-1107500.0,-237500.0,103.05757303271885,-0.1062081944520173,True
23,68,2023,-1102500.0,-237500.0,103.10245738771796,-0.10661795042724043,True
23,69,2024,-1097500.0,-237500.0,103.14734177595203,-0.10702585230825301,True
23,70,2025,-1092500.0,-237500.0,103.19222619727033,-0.10743190009500378,True
23,71,2026,-1087500.0,-237500.0,103.23711065152222,-0.1078360937875802,True
23,72,2027,-1082500.0,-237500.0,103.28199513855698,-0.10823843338589678,True
23,73,2028,-1077500.0,-237500.0,103.32687965822396,-0.10863891888957801,True
23,74,2029,-1072500.0,-237500.0,103.37176421037248,-0.10903755029881577,True
23,75,2030,-1067500.0,-237500.0,103.41664879485184,-0.10943432761390186,True
23,76,2031,-1062500.0,-237500.0,103.4615334115114,-0.10982925083407818,True
23,77,2032,-1057500.0,-237500.0,103.50641806020045,-0.11022231996007004,True
23,78,2033,-1052500.0,-237500.0,103.5513027407683,-0.11061353499131875,True
23,79,2034,-1047500.0,-237500.0,103.59618745306429,-0.11100289592767767,False
23,80,2035,-1042500.0,-237500.0,103.64107219693771,-0.11139040276929436,False
23,81,2036,-1037500.0,-237500.0,103.68595697223792,-0.11177605551629963,False
23,82,2037,-1032500.0,-237500.0,103.7308417788142,-0.11215985416853433,False
23,83,2038,-1027500.0,-237500.0,103.77572661651587,-0.1125417987256078,False
23,84,2039,-1022500.0,-237500.0,103.82061148519225,-0.112921889187697,False
24,0,2040,-1442500.0,-232500.0,100.05093542503589,-0.029283567687182373,False
24,1,2041,-1437500.0,-232500.0,100.09581537152455,-0.029817547497053627,False
24,2,2042,-1432500.0,-232500.0,100.14069536133645,-0.030349673213259393,False
24,3,2043,-1427500.0,-232500.0,100.185575394321,-0.03087994483537544,False
24,4,2044,-1422500.0,-232500.0,100.23045547032757,-0.03140836236321273,False
24,5,2045,-1417500.0,-232500.0,100.27533558920557,-0.03193492579722698,False
24,6,2046,-1412500.0,-232500.0,100.32021575080437,-0.032459635137271445,False
24,7,2047,-1407500.0,-232500.0,100.36509595497336,-0.032982490383240554,False
24,8,2048,-1402500.0,-232500.0,100.40997620156195,-0.03350349153551689,False
24,9,2049,-1397500.0,-232500.0,100.45485649041952,-0.034022638593900936,False
24,10,2050,-1392500.0,-232500.0,100.49973682139544,-0.034539931557960826,False
24,11,2051,-1387500.0,-232500.0,100.54461719433912,-0.035055370428201574,False
24,12,2052,-1382500.0,-232500.0,100.58949760909995,-0.03556895520474043,False
24,13,2053,-1377500.0,-232500.0,100.6343780655273,-0.036080685887209446,False
24,14,2054,-1372500.0,-232500.0,100.67925856347054,-0.03659056247586576,False
24,15,2055,-1367500.0,-232500.0,100.72413910277909,-0.037098584970500725,False
24,16,2056,-1362500.0,-232500.0,100.7690196833023,-0.037604753371199916,True
24,17,2057,-1357500.0,-232500.0,100.81390030488957,-0.03810906767814783,False
24,18,2058,-1352500.0,-232500.0,100.85878096739029,-0.03861152789135561,True
24,19,2059,-1347500.0,-232500.0,100.90366167065382,-0.039112134010622156,True
24,20,2060,-1342500.0,-232500.0,100.94854241452953,-0.03961088603602061,True
24,21,2061,-1337500.0,-232500.0,100.99342319886684,-0.04010778396747013,True
24,22,2062,-1332500.0,-232500.0,101.03830402351507,-0.04060282780543761,True
24,23,2063,-1327500.0,-232500.0,101.08318488832364,-0.04109601754947554,True
24,24,2064,-1322500.0,-232500.0,101.12806579314193,-0.04158735319915833,True
24,25,2065,-1317500.0,-232500.0,101.1729467378193,-0.04207683475556202,True
24,26,2066,-1312500.0,-232500.0,101.21782772220512,-0.04256446221783606,True
24,27,2067,-1307500.0,-232500.0,101.26270874614875,-0.04305023558653415,True
24,28,2068,-1302500.0,-232500.0,101.3075898094996,-0.043534154861218755,True
24,29,2069,-1297500.0,-232500.0,101.35247091210702,-0.04401622004215526,True
24,30,2070,-1292500.0,-232500.0,101.39735205382038,-0.044496431129104605,True
24,31,2071,-1287500.0,-232500.0,101.44223323448905,-0.04497478812243346,True
24,32,2072,-1282500.0,-232500.0,101.4871144539624,-0.04545129102175081,True
24,33,2073,-1277500.0,-232500.0,101.53199571208982,-0.045925939827329745,True
24,34,2074,-1272500.0,-232500.0,101.57687700872067,-0.04639873453890004,True
24,35,2075,-1267500.0,-232500.0,101.6217583437043,-0.046869675156816636,True
24,36,2076,-1262500.0,-232500.0,101.66663971689009,-0.04733876168094953,True
24,37,2077,-1257500.0,-232500.0,101.71152112812737,-0.04780599411097574,True
24,38,2078,-1252500.0,-232500.0,101.75640257726556,-0.04827137244721725,True
24,39,2079,-1247500.0,-232500.0,101.801284064154,-0.048734896689530516,True
24,40,2080,-1242500.0,-232500.0,101.84616558864207,-0.049196566838319224,True
24,41,2081,-1237500.0,-232500.0,101.89104715057908,-0.04965638289264529,True
24,42,2082,-1232500.0,-232500.0,101.93592874981447,-0.0501143448533448,True
24,43,2083,-1227500.0,-232500.0,101.98081038619753,-0.050570452720185004,True
24,44,2084,-1222500.0,-232500.0,102.02569205957765,-0.051024706493207464,True
24,45,2085,-1217500.0,-232500.0,102.07057376980421,-0.05147710617210546,True
24,46,2086,-1212500.0,-232500.0,102.11545551672654,-0.05192765175706097,True
24,47,2087,-1207500.0,-232500.0,102.16033730019402,-0.05237634324790757,True
24,48,2088,-1202500.0,-232500.0,102.20521912005597,-0.05282318064510429,True
24,49,2089,-1197500.0,-232500.0,102.25010097616179,-0.053268163948430196,True
24,50,2090,-1192500.0,-232500.0,102.29498286836082,-0.05371129315747186,True
24,51,2091,-1187500.0,-232500.0,102.3398647965024,-0.0541525682723632,True
24,52,2092,-1182500.0,-232500.0,102.38474676043592,-0.054591989293844026,True
24,53,2093,-1177500.0,-232500.0,102.42962876001069,-0.0550295562207086,True
24,54,2094,-1172500.0,-232500.0,102.47451079507609,-0.055465269053681196,True
24,55,2095,-1167500.0,-232500.0,102.51939286548146,-0.055899127792651104,True
24,56,2096,-1162500.0,-232500.0,102.56427497107617,-0.05633113243752886,True
24,57,2097,-1157500.0,-232500.0,102.60915711170956,-0.05676128298863629,True
24,58,2098,-1152500.0,-232500.0,102.65403928723099,-0.05718957944495336,True
24,59,2099,-1147500.0,-232500.0,102.69892149748979,-0.05761602180762407,True
24,60,2100,-1142500.0,-232500.0,102.74380374233533,-0.05804061007600267,True
24,61,2101,-1137500.0,-232500.0,102.78868602161694,-0.058463344250419505,True
24,62,2102,-1132500.0,-232500.0,102.83356833518398,-0.05888422433050576,True
24,63,2103,-1127500.0,-232500.0,102.87845068288578,-0.059303250316342815,True
24,64,2104,-1122500.0,-232500.0,102.92333306457171,-0.059720422208111364,True
24,65,2105,-1117500.0,-232500.0,102.96821548009109,-0.060135740005196135,True
24,66,2106,-1112500.0,-232500.0,103.0130979292933,-0.060549203708619805,True
24,67,2107,-1107500.0,-232500.0,103.05798041202765,-0.06096081331749843,True
24,68,2108,-1102500.0,-232500.0,103.1028629281435,-0.061370568832255445,True
24,69,2109,-1097500.0,-232500.0,103.14774547749019,-0.06177847025242023,True
24,70,2110,-1092500.0,-232500.0,103.19262805991704,-0.06218451757847893,True
24,71,2111,-1087500.0,-232500.0,103.23751067527344,-0.0625887108098681,True
24,72,2112,-1082500.0,-232500.0,103.2823933234087,-0.06299104994711711,True
24,73,2113,-1077500.0,-232500.0,103.32727600417215,-0.06339153498993966,True
24,74,2114,-1072500.0,-232500.0,103.37215871741316,-0.06379016593826586,True
24,75,2115,-1067500.0,-232500.0,103.41704146298103,-0.06418694279235913,True
24,76,2116,-1062500.0,-232500.0,103.46192424072514,-0.06458186555172536,True
24,77,2117,-1057500.0,-232500.0,103.5068070504948,-0.06497493421674959,True
24,78,2118,-1052500.0,-232500.0,103.55168989213935,-0.06536614878713683,True
24,79,2119,-1047500.0,-232500.0,103.59657276550814,-0.06575550926296475,False
24,80,2120,-1042500.0,-232500.0,103.64145567045048,-0.06614301564452765,False
24,81,2121,-1037500.0,-232500.0,103.68633860681575,-0.06652866793120625,False
24,82,2122,-1032500.0,-232500.0,103.73122157445324,-0.06691246612324085,False
24,83,2123,-1027500.0,-232500.0,103.7761045732123,-0.06729441022069862,False
24,84,2124,-1022500.0,-232500.0,103.82098760294225,-0.06767450022347371,False
25,0,2125,-1442500.0,-227500.0,100.05146595577557,0.01596562098363689,False
25,1,2126,-1437500.0,-227500.0,100.09634406384741,0.015431641223235489,False
25,2,2127,-1432500.0,-227500.0,100.14122221523716,0.014899515560139968,False
25,3,2128,-1427500.0,-227500.0,100.18610040979426,0.01436924399498732,False
25,4,2129,-1422500.0,-227500.0,100.2309786473681,0.013840826527439405,False
25,5,2130,-1417500.0,-227500.0,100.27585692780809,0.013314263157312206,False
25,6,2131,-1412500.0,-227500.0,100.32073525096362,0.0127895538848291,False
25,7,2132,-1407500.0,-227500.0,100.36561361668413,0.012266698709520579,False
25,8,2133,-1402500.0,-227500.0,100.41049202481902,0.011745697631597104,False
25,9,2134,-1397500.0,-227500.0,100.45537047521769,0.011226550651131217,False
25,10,2135,-1392500.0,-227500.0,100.50024896772955,0.010709257767453736,False
25,11,2136,-1387500.0,-227500.0,100.54512750220401,0.010193818981549268,False
25,12,2137,-1382500.0,-227500.0,100.59000607849046,0.00968023429253132,False
25,13,2138,-1377500.0,-227500.0,100.6348846964383,0.009168503700689713,False
25,14,2139,-1372500.0,-227500.0,100.67976335589697,0.00865862720575792,False
25,15,2140,-1367500.0,-227500.0,100.72464205671584,0.008150604808187932,False
25,16,2141,-1362500.0,-227500.0,100.76952079874431,0.007644436507086657,False
25,17,2142,-1357500.0,-227500.0,100.8143995818318,0.007140122303165914,False
25,18,2143,-1352500.0,-227500.0,100.8592784058277,0.006637662196210583,True
25,19,2144,-1347500.0,-227500.0,100.9041572705814,0.006137056185819185,True
25,20,2145,-1342500.0,-227500.0,100.9490361759423,0.005638304272639933,True
25,21,2146,-1337500.0,-227500.0,100.9939151217598,0.005141406455897655,True
25,22,2147,-1332500.0,-227500.0,101.0387941078833,0.004646362735857625,True
25,23,2148,-1327500.0,-227500.0,101.0836731341622,0.004153173112520242,True
25,24,2149,-1322500.0,-227500.0,101.1285522004459,0.003661837585884189,True
25,25,2150,-1317500.0,-227500.0,101.17343130658375,0.003172356155820072,True
25,26,2151,-1312500.0,-227500.0,101.21831045242519,0.002684728822118505,True
25,27,2152,-1307500.0,-227500.0,101.2631896378196,0.002198955585074989,True
25,28,2153,-1302500.0,-227500.0,101.30806886261637,0.001715036444535202,True
25,29,2154,-1297500.0,-227500.0,101.35294812666487,0.001232971400391657,True
25,30,2155,-1292500.0,-227500.0,101.39782742981454,0.0007527604528079765,True
25,31,2156,-1287500.0,-227500.0,101.4427067719147,0.000274403601351912,True
25,32,2157,-1282500.0,-227500.0,101.48758615281481,-0.00020209915372900765,True
25,33,2158,-1277500.0,-227500.0,101.53246557236419,-0.0006767478122962008,True
25,34,2159,-1272500.0,-227500.0,101.57734503041229,-0.0011495423747092867,True
25,35,2160,-1267500.0,-227500.0,101.62222452680845,-0.0016204828408332868,True
25,36,2161,-1262500.0,-227500.0,101.66710406140207,-0.0020895692108076624,True
25,37,2162,-1257500.0,-227500.0,101.71198363404254,-0.0025568014845982496,True
25,38,2163,-1252500.0,-227500.0,101.75686324457924,-0.0030221796623287212,True
25,39,2164,-1247500.0,-227500.0,101.80174289286154,-0.003485703743676771,True
25,40,2165,-1242500.0,-227500.0,101.84662257873885,-0.003947373729080989,True
25,41,2166,-1237500.0,-227500.0,101.89150230206052,-0.004407189618242194,True
25,42,2167,-1232500.0,-227500.0,101.93638206267595,-0.004865151411544635,True
25,43,2168,-1227500.0,-227500.0,101.98126186043451,-0.0053212591089263446,True
25,44,2169,-1222500.0,-227500.0,102.02614169518559,-0.005775512709898853,True
25,45,2170,-1217500.0,-227500.0,102.07102156677855,-0.006227912214988332,True
25,46,2171,-1212500.0,-227500.0,102.1159014750628,-0.006678457624411336,True
25,47,2172,-1207500.0,-227500.0,102.16078141988768,-0.007127148937548474,True
25,48,2173,-1202500.0,-227500.0,102.20566140110259,-0.007573986155204477,True
25,49,2174,-1197500.0,-227500.0,102.25054141855689,-0.008018969276452263,True
25,50,2175,-1192500.0,-227500.0,102.29542147209997,-0.008462098302353576,True
25,51,2176,-1187500.0,-227500.0,102.34030156158119,-0.008903373232199217,True
25,52,2177,-1182500.0,-227500.0,102.38518168684993,-0.009342794066158884,True
25,53,2178,-1177500.0,-227500.0,102.43006184775557,-0.009780360803995015,True
25,54,2179,-1172500.0,-227500.0,102.47494204414747,-0.010216073446640507,True
25,55,2180,-1167500.0,-227500.0,102.51982227587501,-0.010649931993063215,True
25,56,2181,-1162500.0,-227500.0,102.56470254278753,-0.011081936444102509,True
25,57,2182,-1157500.0,-227500.0,102.60958284473445,-0.011512086799080792,True
25,58,2183,-1152500.0,-227500.0,102.6544631815651,-0.011940383058334968,True
25,59,2184,-1147500.0,-227500.0,102.69934355312887,-0.012366825222048414,True
25,60,2185,-1142500.0,-227500.0,102.74422395927512,-0.012791413289919272,True
25,61,2186,-1137500.0,-227500.0,102.7891043998532,-0.01321414726207633,True
25,62,2187,-1132500.0,-227500.0,102.8339848747125,-0.013635027138630913,True
25,63,2188,-1127500.0,-227500.0,102.87886538370239,-0.014054052919384597,True
25,64,2189,-1122500.0,-227500.0,102.92374592667221,-0.014471224604667045,True
25,65,2190,-1117500.0,-227500.0,102.96862650347133,-0.01488654219442017,True
25,66,2191,-1112500.0,-227500.0,103.01350711394913,-0.01530000568851014,True
25,67,2192,-1107500.0,-227500.0,103.05838775795496,-0.01571161508670773,True
25,68,2193,-1102500.0,-227500.0,103.10326843533818,-0.01612137038952588,True
25,69,2194,-1097500.0,-227500.0,103.14814914594815,-0.016529271596681116,True
25,70,2195,-1092500.0,-227500.0,103.19302988963423,-0.016935318708261825,True
25,71,2196,-1087500.0,-227500.0,103.23791066624581,-0.017339511724047203,True
25,72,2197,-1082500.0,-227500.0,103.28279147563221,-0.017741850644772447,True
25,73,2198,-1077500.0,-227500.0,103.32767231764281,-0.01814233546936385,True
25,74,2199,-1072500.0,-227500.0,103.37255319212696,-0.01854096619875564,True
25,75,2200,-1067500.0,-227500.0,103.417434098934,-0.018937742832579253,True
25,76,2201,-1062500.0,-227500.0,103.46231503791333,-0.019332665370818878,True
25,77,2202,-1057500.0,-227500.0,103.50719600891426,-0.019725733813616517,True
25,78,2203,-1052500.0,-227500.0,103.55207701178618,-0.020116948160571024,True
25,79,2204,-1047500.0,-227500.0,103.59695804637843,-0.020506308412256983,False
25,80,2205,-1042500.0,-227500.0,103.64183911254037,-0.020893814568472353,True
25,81,2206,-1037500.0,-227500.0,103.68672021012134,-0.021279466629153226,True
25,82,2207,-1032500.0,-227500.0,103.7316013389707,-0.021663264594276983,False
25,83,2208,-1027500.0,-227500.0,103.77648249893781,-0.02204520846374508,False
25,84,2209,-1022500.0,-227500.0,103.82136368987203,-0.022425298237772926,False
26,0,2210,-1442500.0,-222500.0,100.05199644304675,0.0612166734427606,False
26,1,2211,-1437500.0,-222500.0,100.09687271285236,0.06068269340767359,False
26,2,2212,-1432500.0,-222500.0,100.14174902597057,0.06015056747516683,False
26,3,2213,-1427500.0,-222500.0,100.1866253822508,0.05962029564481453,False
26,4,2214,-1422500.0,-222500.0,100.23150178154248,0.05909187791678349,False
26,5,2215,-1417500.0,-222500.0,100.27637822369505,0.058565314291063944,False
26,6,2216,-1412500.0,-222500.0,100.32125470855792,0.05804060476713835,False
26,7,2217,-1407500.0,-222500.0,100.36613123598055,0.057517749345422045,False
26,8,2218,-1402500.0,-222500.0,100.4110078058123,0.056996748025570095,False
26,9,2219,-1397500.0,-222500.0,100.45588441790268,0.05647760080754715,False
26,10,2220,-1392500.0,-222500.0,100.50076107210107,0.05596030769087847,False
26,11,2221,-1387500.0,-222500.0,100.54563776825688,0.05544486867611982,False
26,12,2222,-1382500.0,-222500.0,100.59051450621956,0.05493128376252084,False
26,13,2223,-1377500.0,-222500.0,100.63539128583852,0.054419552950751224,False
26,14,2224,-1372500.0,-222500.0,100.68026810696318,0.0539096762402425,False
26,15,2225,-1367500.0,-222500.0,100.72514496944298,0.05340165363092128,False
26,16,2226,-1362500.0,-222500.0,100.7700218731273,0.052895485123053546,False
26,17,2227,-1357500.0,-222500.0,100.81489881786561,0.05239117071581312,False
26,18,2228,-1352500.0,-222500.0,100.85977580350728,0.05188871040978405,True
26,19,2229,-1347500.0,-222500.0,100.90465282990176,0.05138810420479942,True
26,20,2230,-1342500.0,-222500.0,100.94952989689845,0.05088935210062215,True
26,21,2231,-1337500.0,-222500.0,100.99440700434677,0.050392454096975035,True
26,22,2232,-1332500.0,-222500.0,101.03928415209614,0.04989741019444569,True
26,23,2233,-1327500.0,-222500.0,101.08416133999596,0.04940422039216941,True
26,24,2234,-1322500.0,-222500.0,101.12903856789565,0.04891288469073065,True
26,25,2235,-1317500.0,-222500.0,101.17391583564464,0.0484234030894659,True
26,26,2236,-1312500.0,-222500.0,101.2187931430923,0.04793577558870345,True
26,27,2237,-1307500.0,-222500.0,101.26367049008809,0.047450002188419244,True
26,28,2238,-1302500.0,-222500.0,101.30854787648138,0.04696608288844152,True
26,29,2239,-1297500.0,-222500.0,101.35342530212161,0.0464840176881589,True
26,30,2240,-1292500.0,-222500.0,101.39830276685815,0.04600380658829217,True
26,31,2241,-1287500.0,-222500.0,101.44318027054044,0.04552544958849927,True
26,32,2242,-1282500.0,-222500.0,101.48805781301789,0.04504894668881623,True
26,33,2243,-1277500.0,-222500.0,101.53293539413988,0.04457429788881971,True
26,34,2244,-1272500.0,-222500.0,101.57781301375583,0.04410150318871759,True
26,35,2245,-1267500.0,-222500.0,101.62269067171513,0.04363056258840464,True
26,36,2246,-1262500.0,-222500.0,101.66756836786722,0.04316147608771539,True
26,37,2247,-1257500.0,-222500.0,101.71244610206146,0.04269424368665811,True
26,38,2248,-1252500.0,-222500.0,101.75732387414729,0.042228865385278036,True
26,39,2249,-1247500.0,-222500.0,101.80220168397408,0.041765341183171135,True
26,40,2250,-1242500.0,-222500.0,101.84707953139126,0.04130367108087609,True
26,41,2251,-1237500.0,-222500.0,101.89195741624819,0.040843855077829276,True
26,42,2252,-1232500.0,-222500.0,101.93683533839429,0.040385893174098686,True
26,43,2253,-1227500.0,-222500.0,101.98171329767898,0.039929785369448426,True
26,44,2254,-1222500.0,-222500.0,102.02659129395161,0.03947553166428372,True
26,45,2255,-1217500.0,-222500.0,102.07146932706162,0.039023132058189976,True
26,46,2256,-1212500.0,-222500.0,102.1163473968584,0.038572586551130654,True
26,47,2257,-1207500.0,-222500.0,102.16122550319132,0.03812389514329142,True
26,48,2258,-1202500.0,-222500.0,102.2061036459098,0.037677057834038415,True
26,49,2259,-1197500.0,-222500.0,102.25098182486323,0.03723207462428392,True
26,50,2260,-1192500.0,-222500.0,102.29586003990097,0.03678894551306906,True
26,51,2261,-1187500.0,-222500.0,102.34073829087247,0.036347670500591914,True
26,52,2262,-1182500.0,-222500.0,102.38561657762708,0.03590824958704876,True
26,53,2263,-1177500.0,-222500.0,102.4304949000142,0.03547068277241004,True
26,54,2264,-1172500.0,-222500.0,102.47537325788322,0.0350349700560895,True
26,55,2265,-1167500.0,-222500.0,102.52025165108354,0.03460111143842407,True
26,56,2266,-1162500.0,-222500.0,102.56513007946452,0.034169106919602774,True
26,57,2267,-1157500.0,-222500.0,102.61000854287559,0.033738956499364835,True
26,58,2268,-1152500.0,-222500.0,102.6548870411661,0.03331066017714589,True
26,59,2269,-1147500.0,-222500.0,102.69976557418548,0.03288421795352872,True
26,60,2270,-1142500.0,-222500.0,102.74464414178306,0.03245962982865617,True
26,61,2271,-1137500.0,-222500.0,102.78952274380826,0.032036895801821806,True
26,62,2272,-1132500.0,-222500.0,102.83440138011046,0.03161601587317453,True
26,63,2273,-1127500.0,-222500.0,102.87928005053905,0.031196990042968283,True
26,64,2274,-1122500.0,-222500.0,102.9241587549434,0.030779818310851578,True
26,65,2275,-1117500.0,-222500.0,102.9690374931729,0.030364500677074628,True
26,66,2276,-1112500.0,-222500.0,103.01391626507693,0.029951037141194493,True
26,67,2277,-1107500.0,-222500.0,103.05879507050487,0.02953942770345762,True
26,68,2278,-1102500.0,-222500.0,103.1036739093061,0.029129672364011355,True
26,69,2279,-1097500.0,-222500.0,103.14855278133001,0.028721771122630888,True
26,70,2280,-1092500.0,-222500.0,103.19343168642597,0.02831572397883652,True
26,71,2281,-1087500.0,-222500.0,103.23831062444334,0.02791153093288654,True
26,72,2282,-1082500.0,-222500.0,103.28318959523152,0.02750919198489126,True
26,73,2283,-1077500.0,-222500.0,103.3280685986399,0.027108707134978757,True
26,74,2284,-1072500.0,-222500.0,103.37294763451783,0.026710076382914612,True
26,75,2285,-1067500.0,-222500.0,103.4178267027147,0.026313299728423604,True
26,76,2286,-1062500.0,-222500.0,103.46270580307987,0.025918377171803172,True
26,77,2287,-1057500.0,-222500.0,103.50758493546275,0.025525308712696215,True
26,78,2288,-1052500.0,-222500.0,103.55246409971268,0.025134094351259965,True
26,79,2289,-1047500.0,-222500.0,103.59734329567902,0.02474473408754231,True
26,80,2290,-1042500.0,-222500.0,103.6422225232112,0.024357227921423953,True
26,81,2291,-1037500.0,-222500.0,103.68710178215855,0.023971575853036556,True
26,82,2292,-1032500.0,-222500.0,103.73198107237043,0.023587777881808825,True
26,83,2293,-1027500.0,-222500.0,103.77686039369624,0.02320583400843312,True
26,84,2294,-1022500.0,-222500.0,103.82173974598534,0.022825744232266142,False
27,0,2295,-1442500.0,-217500.0,100.05252688685476,0.10646961716303069,False
27,1,2296,-1437500.0,-217500.0,100.09740131854471,0.1059356365293528,False
27,2,2297,-1432500.0,-217500.0,100.14227579354193,0.10540351000380048,False
27,3,2298,-1427500.0,-217500.0,100.18715031169586,0.10487323758648204,False
27,4,2299,-1422500.0,-217500.0,100.23202487285597,0.10434481927748522,False
27,5,2300,-1417500.0,-217500.0,100.27689947687169,0.10381825507595188,False
27,6,2301,-1412500.0,-217500.0,100.32177412359249,0.10329354498253168,False
27,7,2302,-1407500.0,-217500.0,100.36664881286778,0.1027706889967438,False
27,8,2303,-1402500.0,-217500.0,100.41152354454702,0.10224968711868995,False
27,9,2304,-1397500.0,-217500.0,100.45639831847966,0.10173053934776005,False
27,10,2305,-1392500.0,-217500.0,100.50127313451515,0.10121324568392662,False
27,11,2306,-1387500.0,-217500.0,100.5461479925029,0.10069780612738498,False
27,12,2307,-1382500.0,-217500.0,100.59102289229237,0.10018422067800771,False
27,13,2308,-1377500.0,-217500.0,100.63589783373303,0.09967248933556856,False
27,14,2309,-1372500.0,-217500.0,100.68077281667428,0.09916261209955776,False
27,15,2310,-1367500.0,-217500.0,100.72564784096558,0.09865458897044745,False
27,16,2311,-1362500.0,-217500.0,100.77052290645635,0.09814841994790018,False
27,17,2312,-1357500.0,-217500.0,100.81539801299604,0.09764410503154804,True
27,18,2313,-1352500.0,-217500.0,100.86027316043408,0.09714164422146958,True
27,19,2314,-1347500.0,-217500.0,100.90514834861992,0.09664103751777094,True
27,20,2315,-1342500.0,-217500.0,100.95002357740299,0.09614228491998268,True
27,21,2316,-1337500.0,-217500.0,100.9948988466327,0.09564538642804278,True
27,22,2317,-1332500.0,-217500.0,101.03977415615851,0.09515034204184869,True
27,23,2318,-1327500.0,-217500.0,101.08464950582986,0.0946571517614914,True
27,24,2319,-1322500.0,-217500.0,101.12952489549615,0.09416581558689466,True
27,25,2320,-1317500.0,-217500.0,101.17440032500683,0.09367633351764035,True
27,26,2321,-1312500.0,-217500.0,101.21927579421131,0.09318870555379531,True
27,27,2322,-1307500.0,-217500.0,101.26415130295905,0.09270293169527907,True
27,28,2323,-1302500.0,-217500.0,101.30902685109947,0.09221901194166895,True
27,29,2324,-1297500.0,-217500.0,101.353902438482,0.09173694629301779,True
27,30,2325,-1292500.0,-217500.0,101.39877806495605,0.09125673474946458,True
27,31,2326,-1287500.0,-217500.0,101.44365373037103,0.09077837731060166,True
27,32,2327,-1282500.0,-217500.0,101.48852943457642,0.09030187397668168,True
27,33,2328,-1277500.0,-217500.0,101.5334051774216,0.08982722474726484,True
27,34,2329,-1272500.0,-217500.0,101.57828095875601,0.08935442962251323,True
27,35,2330,-1267500.0,-217500.0,101.62315677842906,0.08888348860186701,True
27,36,2331,-1262500.0,-217500.0,101.6680326362902,0.08841440168579683,True
27,37,2332,-1257500.0,-217500.0,101.71290853218882,0.08794716887386636,True
27,38,2333,-1252500.0,-217500.0,101.75778446597437,0.0874817901661829,True
27,39,2334,-1247500.0,-217500.0,101.80266043749624,0.08701826556248218,True
27,40,2335,-1242500.0,-217500.0,101.84753644660387,0.08655659506244985,True
27,41,2336,-1237500.0,-217500.0,101.89241249314668,0.08609677866645131,True
27,42,2337,-1232500.0,-217500.0,101.93728857697407,0.08563881637405218,True
27,43,2338,-1227500.0,-217500.0,101.98216469793547,0.08518270818546875,True
27,44,2339,-1222500.0,-217500.0,102.02704085588029,0.084728454100351,True
27,45,2340,-1217500.0,-217500.0,102.07191705065794,0.08427605411872702,True
27,46,2341,-1212500.0,-217500.0,102.11679328211784,0.08382550824047733,True
27,47,2342,-1207500.0,-217500.0,102.16166955010942,0.08337681646546122,True
27,48,2343,-1202500.0,-217500.0,102.20654585448207,0.08292997879352675,True
27,49,2344,-1197500.0,-217500.0,102.25142219508521,0.08248499522483187,True
27,50,2345,-1192500.0,-217500.0,102.29629857176826,0.08204186575910442,True
27,51,2346,-1187500.0,-217500.0,102.34117498438061,0.08160059039643106,True
27,52,2347,-1182500.0,-217500.0,102.38605143277171,0.08116116913663368,True
27,53,2348,-1177500.0,-217500.0,102.43092791679092,0.0807236019792794,True
27,54,2349,-1172500.0,-217500.0,102.47580443628767,0.08028788892477114,True
27,55,2350,-1167500.0,-217500.0,102.52068099111139,0.07985402997312063,True
27,56,2351,-1162500.0,-217500.0,102.56555758111145,0.07942202512363689,True
27,57,2352,-1157500.0,-217500.0,102.61043420613727,0.07899187437653266,True
27,58,2353,-1152500.0,-217500.0,102.65531086603826,0.07856357773203865,True
27,59,2354,-1147500.0,-217500.0,102.70018756066384,0.07813713518984822,True
27,60,2355,-1142500.0,-217500.0,102.7450642898634,0.07771254674952645,True
27,61,2356,-1137500.0,-217500.0,102.78994105348632,0.07728981241157158,True
27,62,2357,-1132500.0,-217500.0,102.83481785138206,0.07686893217562304,True
27,63,2358,-1127500.0,-217500.0,102.87969468339996,0.07644990604176673,True
27,64,2359,-1122500.0,-217500.0,102.92457154938946,0.07603273400959973,True
27,65,2360,-1117500.0,-217500.0,102.96944844919994,0.07561741607929195,True
27,66,2361,-1112500.0,-217500.0,103.01432538268082,0.07520395225060275,True
27,67,2362,-1107500.0,-217500.0,103.0592023496815,0.07479234252390284,True
27,68,2363,-1102500.0,-217500.0,103.10407935005136,0.07438258689844172,True
27,69,2364,-1097500.0,-217500.0,103.1489563836398,0.07397468537470359,True
27,70,2365,-1092500.0,-217500.0,103.19383345029624,0.0735686379524309,True
27,71,2366,-1087500.0,-217500.0,103.23871054987006,0.07316444463151028,True
27,72,2367,-1082500.0,-217500.0,103.28358768221065,0.07276210541200222,True
27,73,2368,-1077500.0,-217500.0,103.32846484716744,0.07236162029356566,True
27,74,2369,-1072500.0,-217500.0,103.37334204458978,0.07196298927649093,True
27,75,2370,-1067500.0,-217500.0,103.41821927432709,0.07156621236066747,True
27,76,2371,-1062500.0,-217500.0,103.46309653622875,0.07117128954568083,True
27,77,2372,-1057500.0,-217500.0,103.50797383014417,0.0707782208317575,True
27,78,2373,-1052500.0,-217500.0,103.55285115592274,0.07038700621849901,True
27,79,2374,-1047500.0,-217500.0,103.59772851341383,0.06999764570642994,True
27,80,2375,-1042500.0,-217500.0,103.64260590246685,0.06961013929504112,True
27,81,2376,-1037500.0,-217500.0,103.68748332293119,0.06922448698432766,True
27,82,2377,-1032500.0,-217500.0,103.73236077465624,0.0688406887744291,True
27,83,2378,-1027500.0,-217500.0,103.77723825749139,0.06845874466505449,True
27,84,2379,-1022500.0,-217500.0,103.82211577128601,0.06807865465641745,False
28,0,2380,-1442500.0,-212500.0,100.05305728720496,0.1517244796237079,False
28,1,2381,-1437500.0,-212500.0,100.0979298809298,0.15119049806721765,False
28,2,2382,-1432500.0,-212500.0,100.14280251795658,0.15065837062561405,False
28,3,2383,-1427500.0,-212500.0,100.18767519813477,0.1501280972996757,False
28,4,2384,-1422500.0,-212500.0,100.23254792131385,0.14959967808842758,False
28,5,2385,-1417500.0,-212500.0,100.27742068734328,0.14907311299201353,False
28,6,2386,-1412500.0,-212500.0,100.32229349607255,0.1485484020102546,False
28,7,2387,-1407500.0,-212500.0,100.36716634735106,0.14802554514300967,False
28,8,2388,-1402500.0,-212500.0,100.41203924102832,0.14750454238997093,False
28,9,2389,-1397500.0,-212500.0,100.4569121769538,0.146985393751102,False
28,10,2390,-1392500.0,-212500.0,100.50178515497693,0.14646809922599544,False
28,11,2391,-1387500.0,-212500.0,100.5466581749472,0.1459526588152063,False
28,12,2392,-1382500.0,-212500.0,100.59153123671405,0.14543907251759453,False
28,13,2393,-1377500.0,-212500.0,100.63640434012693,0.14492734033349855,False
28,14,2394,-1372500.0,-212500.0,100.68127748503534,0.14441746226284674,False
28,15,2395,-1367500.0,-212500.0,100.72615067128869,0.14390943830537162,False
28,16,2396,-1362500.0,-212500.0,100.77102389873646,0.14340326846084314,False
28,17,2397,-1357500.0,-212500.0,100.81589716722812,0.14289895272898173,False
28,18,2398,-1352500.0,-212500.0,100.8607704766131,0.14239649110985675,True
28,19,2399,-1347500.0,-212500.0,100.90564382674086,0.14189588360340957,True
28,20,2400,-1342500.0,-212500.0,100.95051721746086,0.14139713020910372,True
28,21,2401,-1337500.0,-212500.0,100.99539064862255,0.140900230927063,True
28,22,2402,-1332500.0,-212500.0,101.04026412007536,0.14040518575719615,True
28,23,2403,-1327500.0,-212500.0,101.08513763166879,0.13991199469941032,True
28,24,2404,-1322500.0,-212500.0,101.13001118325225,0.13942065775291043,True
28,25,2405,-1317500.0,-212500.0,101.1748847746752,0.1389311749185552,True
28,26,2406,-1312500.0,-212500.0,101.21975840578709,0.13844354619506033,True
28,27,2407,-1307500.0,-212500.0,101.26463207643737,0.13795777158307715,True
28,28,2408,-1302500.0,-212500.0,101.30950578647546,0.13747385108251634,True
28,29,2409,-1297500.0,-212500.0,101.35437953575085,0.13699178469261508,True
28,30,2410,-1292500.0,-212500.0,101.39925332411296,0.13651157241394296,True
28,31,2411,-1287500.0,-212500.0,101.44412715141124,0.1360332142459878,True
28,32,2412,-1282500.0,-212500.0,101.48900101749514,0.13555671018833318,True
28,33,2413,-1277500.0,-212500.0,101.5338749222141,0.1350820602413208,True
28,34,2414,-1272500.0,-212500.0,101.57874886541754,0.1346092644047459,True
28,35,2415,-1267500.0,-212500.0,101.62362284695492,0.13413832267825607,True
28,36,2416,-1262500.0,-212500.0,101.66849686667568,0.13366923506178957,True
28,37,2417,-1257500.0,-212500.0,101.71337092442927,0.13320200155498177,True
28,38,2418,-1252500.0,-212500.0,101.75824502006512,0.13273662215849819,True
28,39,2419,-1247500.0,-212500.0,101.80311915343266,0.13227309687134825,True
28,40,2420,-1242500.0,-212500.0,101.84799332438133,0.13181142569363002,True
28,41,2421,-1237500.0,-212500.0,101.89286753276059,0.13135160862558645,True
28,42,2422,-1232500.0,-212500.0,101.93774177841983,0.13089364566657288,True
28,43,2423,-1227500.0,-212500.0,101.98261606120855,0.13043753681714074,True
28,44,2424,-1222500.0,-212500.0,102.02749038097612,0.12998328207626292,True
28,45,2425,-1217500.0,-212500.0,102.072364737572,0.12953088144425454,True
28,46,2426,-1212500.0,-212500.0,102.11723913084563,0.12908033492118534,True
28,47,2427,-1207500.0,-212500.0,102.16211356064645,0.1286316425067053,True
28,48,2428,-1202500.0,-212500.0,102.20698802682386,0.1281848042007357,True
28,49,2429,-1197500.0,-212500.0,102.25186252922731,0.12773982000321532,True
28,50,2430,-1192500.0,-212500.0,102.29673706770623,0.12729668991400397,True
28,51,2431,-1187500.0,-212500.0,102.34161164211005,0.12685541393284303,True
28,52,2432,-1182500.0,-212500.0,102.3864862522882,0.12641599205966678,True
28,53,2433,-1177500.0,-212500.0,102.43136089809009,0.12597842429439882,True
28,54,2434,-1172500.0,-212500.0,102.47623557936518,0.12554271063711647,True
28,55,2435,-1167500.0,-212500.0,102.52111029596287,0.12510885108745765,True
28,56,2436,-1162500.0,-212500.0,102.5659850477326,0.12467684564537036,True
28,57,2437,-1157500.0,-212500.0,102.6108598345238,0.1242466943108203,True
28,58,2438,-1152500.0,-212500.0,102.65573465618586,0.12381839708350903,True
28,59,2439,-1147500.0,-212500.0,102.70060951256824,0.12339195396346735,True
28,60,2440,-1142500.0,-212500.0,102.74548440352034,0.12296736495047143,True
28,61,2441,-1137500.0,-212500.0,102.79035932889161,0.12254463004442245,True
28,62,2442,-1132500.0,-212500.0,102.83523428853144,0.12212374924582356,True
28,63,2443,-1127500.0,-212500.0,102.88010928228927,0.12170472255340473,True
28,64,2444,-1122500.0,-212500.0,102.92498431001451,0.12128754996790904,True
28,65,2445,-1117500.0,-212500.0,102.96985937155658,0.12087223148924146,True
28,66,2446,-1112500.0,-212500.0,103.01473446676492,0.12045876711662311,True
28,67,2447,-1107500.0,-212500.0,103.05960959548892,0.12004715685054941,True
28,68,2448,-1102500.0,-212500.0,103.10448475757802,0.11963740069092979,True
28,69,2449,-1097500.0,-212500.0,103.14935995288162,0.11922949863754552,True
28,70,2450,-1092500.0,-212500.0,103.19423518124914,0.11882345069010823,True
28,71,2451,-1087500.0,-212500.0,103.23911044253,0.11841925684873646,True
28,72,2452,-1082500.0,-212500.0,103.28398573657363,0.11801691711302192,True
28,73,2453,-1077500.0,-212500.0,103.3288610632294,0.1176164314831383,True
28,74,2454,-1072500.0,-212500.0,103.37373642234677,0.11721779995918014,True
28,75,2455,-1067500.0,-212500.0,103.41861181377512,0.11682102254064605,True
28,76,2456,-1062500.0,-212500.0,103.46348723736388,0.11642609922763703,True
28,77,2457,-1057500.0,-212500.0,103.50836269296246,0.11603303002032986,True
28,78,2458,-1052500.0,-212500.0,103.55323818042027,0.11564181491778036,True
28,79,2459,-1047500.0,-212500.0,103.5981136995867,0.11525245392068798,True
28,80,2460,-1042500.0,-212500.0,103.6429892503112,0.11486494702902976,True
28,81,2461,-1037500.0,-212500.0,103.68786483244314,0.11447929424203178,True
28,82,2462,-1032500.0,-212500.0,103.73274044583195,0.11409549556007656,True
28,83,2463,-1027500.0,-212500.0,103.77761609032703,0.11371355098296115,False
28,84,2464,-1022500.0,-212500.0,103.82249176577781,0.11333346051081164,False
29,0,2465,-1442500.0,-207500.0,100.05358764410268,0.19698128831191242,False
29,1,2466,-1437500.0,-207500.0,100.09845840001292,0.19644730550794387,False
29,2,2467,-1432500.0,-207500.0,100.1433291992198,0.19591517682773432,False
29,3,2468,-1427500.0,-207500.0,100.1882000415728,0.195384902270221,False
29,4,2469,-1422500.0,-207500.0,100.23307092692139,0.1948564818363847,False
29,5,2470,-1417500.0,-207500.0,100.27794185511506,0.19432991552506312,False
29,6,2471,-1412500.0,-207500.0,100.32281282600331,0.19380520333627116,False
29,7,2472,-1407500.0,-207500.0,100.3676838394356,0.19328234526978902,False
29,8,2473,-1402500.0,-207500.0,100.41255489526142,0.19276134132590195,False
29,9,2474,-1397500.0,-207500.0,100.45742599333026,0.19224219150371624,False
29,10,2475,-1392500.0,-207500.0,100.5022971334916,0.19172489580354443,False
29,11,2476,-1387500.0,-207500.0,100.54716831559489,0.1912094542247729,False
29,12,2477,-1382500.0,-207500.0,100.59203953948965,0.19069586676741027,False
29,13,2478,-1377500.0,-207500.0,100.63691080502534,0.19018413343124993,False
29,14,2479,-1372500.0,-207500.0,100.68178211205142,0.18967425421595724,True
29,15,2480,-1367500.0,-207500.0,100.7266534604174,0.18916622912151815,False
29,16,2481,-1362500.0,-207500.0,100.77152484997272,0.18866005814779074,False
29,17,2482,-1357500.0,-207500.0,100.81639628056686,0.18815574129436918,False
29,18,2483,-1352500.0,-207500.0,100.86126775204933,0.18765327856101213,True
29,19,2484,-1347500.0,-207500.0,100.90613926426956,0.18715266994772992,True
29,20,2485,-1342500.0,-207500.0,100.95101081707703,0.18665391545426918,True
29,21,2486,-1337500.0,-207500.0,100.99588241032124,0.1861570150802975,True
29,22,2487,-1332500.0,-207500.0,101.04075404385163,0.18566196882596797,True
29,23,2488,-1327500.0,-207500.0,101.08562571751767,0.18516877669075116,True
29,24,2489,-1322500.0,-207500.0,101.13049743116885,0.18467743867451547,True
29,25,2490,-1317500.0,-207500.0,101.17536918465463,0.18418795477724523,True
29,26,2491,-1312500.0,-207500.0,101.22024097782446,0.18370032499875774,True
29,27,2492,-1307500.0,-207500.0,101.26511281052782,0.1832145493385383,True
29,28,2493,-1302500.0,-207500.0,101.30998468261419,0.18273062779676236,True
29,29,2494,-1297500.0,-207500.0,101.35485659393298,0.18224856037307816,True
29,30,2495,-1292500.0,-207500.0,101.39972854433373,0.18176834706737624,True
29,31,2496,-1287500.0,-207500.0,101.44460053366583,0.18128998787948772,True
29,32,2497,-1282500.0,-207500.0,101.48947256177881,0.18081348280896953,True
29,33,2498,-1277500.0,-207500.0,101.53434462852208,0.18033883185632194,True
29,34,2499,-1272500.0,-207500.0,101.57921673374513,0.17986603502058368,True
29,35,2500,-1267500.0,-207500.0,101.6240888772974,0.17939509230208692,True
29,36,2501,-1262500.0,-207500.0,101.66896105902836,0.178926003700413,True
29,37,2502,-1257500.0,-207500.0,101.71383327878746,0.17845876921555096,True
29,38,2503,-1252500.0,-207500.0,101.75870553642417,0.17799338884739105,True
29,39,2504,-1247500.0,-207500.0,101.80357783178795,0.1775298625953551,True
29,40,2505,-1242500.0,-207500.0,101.84845016472823,0.17706819045981773,True
29,41,2506,-1237500.0,-207500.0,101.89332253509448,0.17660837244040248,True
29,42,2507,-1232500.0,-207500.0,101.93819494273617,0.17615040853680966,True
29,43,2508,-1227500.0,-207500.0,101.98306738750273,0.17569429874886472,True
29,44,2509,-1222500.0,-207500.0,102.02793986924362,0.17524004307649893,True
29,45,2510,-1217500.0,-207500.0,102.07281238780831,0.1747876415196714,True
29,46,2511,-1212500.0,-207500.0,102.11768494304624,0.17433709407818423,True
29,47,2512,-1207500.0,-207500.0,102.16255753480685,0.17388840075161427,True
29,48,2513,-1202500.0,-207500.0,102.20743016293959,0.173441561540306,True
29,49,2514,-1197500.0,-207500.0,102.25230282729393,0.172996576443561,True
29,50,2515,-1192500.0,-207500.0,102.2971755277193,0.17255344546167242,True
29,51,2516,-1187500.0,-207500.0,102.34204826406514,0.17211216859417283,True
29,52,2517,-1182500.0,-207500.0,102.38692103618092,0.17167274584120648,True
29,53,2518,-1177500.0,-207500.0,102.4317938439161,0.1712351772021474,True
29,54,2519,-1172500.0,-207500.0,102.47666668712007,0.17079946267738075,True
29,55,2520,-1167500.0,-207500.0,102.52153956564233,0.17036560226633604,True
29,56,2521,-1162500.0,-207500.0,102.56641247933229,0.16993359596930793,True
29,57,2522,-1157500.0,-207500.0,102.61128542803941,0.16950344378585946,True
29,58,2523,-1152500.0,-207500.0,102.65615841161313,0.16907514571564972,True
29,59,2524,-1147500.0,-207500.0,102.7010314299029,0.16864870175879393,True
29,60,2525,-1142500.0,-207500.0,102.74590448275814,0.16822411191555184,True
29,61,2526,-1137500.0,-207500.0,102.7907775700283,0.1678013761849454,True
29,62,2527,-1132500.0,-207500.0,102.83565069156283,0.16738049456747506,True
29,63,2528,-1127500.0,-207500.0,102.88052384721117,0.16696146706260756,True
29,64,2529,-1122500.0,-207500.0,102.92539703682273,0.16654429367025636,True
29,65,2530,-1117500.0,-207500.0,102.97027026024699,0.16612897439081026,True
29,66,2531,-1112500.0,-207500.0,103.01514351733334,0.1657155092234203,True
29,67,2532,-1107500.0,-207500.0,103.06001680793128,0.1653038981685502,True
29,68,2533,-1102500.0,-207500.0,103.10489013189019,0.16489414122539703,True
29,69,2534,-1097500.0,-207500.0,103.14976348905952,0.16448623839441165,True
29,70,2535,-1092500.0,-207500.0,103.19463687928871,0.1640801896754013,True
29,71,2536,-1087500.0,-207500.0,103.2395103024272,0.1636759950680158,True
29,72,2537,-1082500.0,-207500.0,103.28438375832441,0.16327365457198148,True
29,73,2538,-1077500.0,-207500.0,103.3292572468298,0.1628731681875487,True
29,74,2539,-1072500.0,-207500.0,103.37413076779276,0.1624745359145088,True
29,75,2540,-1067500.0,-207500.0,103.41900432106274,0.16207775775241812,True
29,76,2541,-1062500.0,-207500.0,103.46387790648919,0.161682833701688,True
29,77,2542,-1057500.0,-207500.0,103.5087515239215,0.16128976376184231,True
29,78,2543,-1052500.0,-207500.0,103.55362517320914,0.1608985479328417,True
29,79,2544,-1047500.0,-207500.0,103.59849885420152,0.16050918621445032,True
29,80,2545,-1042500.0,-207500.0,103.64337256674808,0.16012167860657686,True
29,81,2546,-1037500.0,-207500.0,103.68824631069822,0.15973602510942064,True
29,82,2547,-1032500.0,-207500.0,103.73312008590139,0.15935222572250762,True
29,83,2548,-1027500.0,-207500.0,103.77799389220701,0.15897028044549838,False
29,84,2549,-1022500.0,-207500.0,103.8228677294645,0.1585901892790353,False
30,0,2550,-1442500.0,-202500.0,100.05411795755326,0.24224007072106488,False
30,1,2551,-1437500.0,-202500.0,100.09898687579943,0.24170608634569307,False
30,2,2552,-1432500.0,-202500.0,100.14385583733691,0.24117395610297146,False
30,3,2553,-1427500.0,-202500.0,100.18872484201522,0.24064367999275077,False
30,4,2554,-1422500.0,-202500.0,100.23359388968383,0.24011525801456954,False
30,5,2555,-1417500.0,-202500.0,100.27846298019227,0.23958869016862736,False
30,6,2556,-1412500.0,-202500.0,100.32333211339004,0.23906397645446115,False
30,7,2557,-1407500.0,-202500.0,100.36820128912662,0.2385411168715579,False
30,8,2558,-1402500.0,-202500.0,100.41307050725152,0.23802011141989088,False
30,9,2559,-1397500.0,-202500.0,100.45793976761425,0.2375009600993931,False
30,10,2560,-1392500.0,-202500.0,100.50280907006429,0.2369836629093936,False
30,11,2561,-1387500.0,-202500.0,100.54767841445116,0.23646821985007638,False
30,12,2562,-1382500.0,-202500.0,100.59254780062433,0.235954630920759,False
30,13,2563,-1377500.0,-202500.0,100.63741722843334,0.23544289612149732,True
30,14,2564,-1372500.0,-202500.0,100.68228669772762,0.23493301545239523,True
30,15,2565,-1367500.0,-202500.0,100.72715620835673,0.2344249889124165,False
30,16,2566,-1362500.0,-202500.0,100.77202576017012,0.23391881650174093,False
30,17,2567,-1357500.0,-202500.0,100.81689535301732,0.2334144982202846,False
30,18,2568,-1352500.0,-202500.0,100.86176498674777,0.23291203406783556,True
30,19,2569,-1347500.0,-202500.0,100.906634661211,0.23241142404361695,True
30,20,2570,-1342500.0,-202500.0,100.9515043762565,0.2319126681480772,True
30,21,2571,-1337500.0,-202500.0,100.99637413173375,0.23141576638048547,True
30,22,2572,-1332500.0,-202500.0,101.04124392749223,0.230920718740938,True
30,23,2573,-1327500.0,-202500.0,101.08611376338143,0.23042752522888713,True
30,24,2574,-1322500.0,-202500.0,101.13098363925087,0.22993618584445608,True
30,25,2575,-1317500.0,-202500.0,101.17585355495,0.22944670058732855,True
30,26,2576,-1312500.0,-202500.0,101.22072351032831,0.22895906945713906,True
30,27,2577,-1307500.0,-202500.0,101.26559350523529,0.22847329245374484,True
30,28,2578,-1302500.0,-202500.0,101.31046353952043,0.22798936957690452,True
30,29,2579,-1297500.0,-202500.0,101.3553336130332,0.22750730082670678,True
30,30,2580,-1292500.0,-202500.0,101.4002037256231,0.22702708620247009,True
30,31,2581,-1287500.0,-202500.0,101.44507387713959,0.2265487257040671,True
30,32,2582,-1282500.0,-202500.0,101.48994406743216,0.22607221933160235,True
30,33,2583,-1277500.0,-202500.0,101.5348142963503,0.22559756708454717,True
30,34,2584,-1272500.0,-202500.0,101.57968456374348,0.22512476896283873,True
30,35,2585,-1267500.0,-202500.0,101.62455486946118,0.22465382496620856,True
30,36,2586,-1262500.0,-202500.0,101.66942521335288,0.22418473509458225,True
30,37,2587,-1257500.0,-202500.0,101.71429559526804,0.22371749934760135,True
30,38,2588,-1252500.0,-202500.0,101.75916601505617,0.2232521177249067,True
30,39,2589,-1247500.0,-202500.0,101.80403647256671,0.2227885902267707,True
30,40,2590,-1242500.0,-202500.0,101.84890696764914,0.22232691685289005,True
30,41,2591,-1237500.0,-202500.0,101.89377750015296,0.22186709760261014,True
30,42,2592,-1232500.0,-202500.0,101.93864806992762,0.22140913247616087,True
30,43,2593,-1227500.0,-202500.0,101.98351867682261,0.22095302147338167,True
30,44,2594,-1222500.0,-202500.0,102.02838932068737,0.22049876459347795,True
30,45,2595,-1217500.0,-202500.0,102.0732600013714,0.2200463618369487,True
30,46,2596,-1212500.0,-202500.0,102.11813071872416,0.21959581320316265,True
30,47,2597,-1207500.0,-202500.0,102.16300147259513,0.2191471186924703,True
30,48,2598,-1202500.0,-202500.0,102.20787226283375,0.2187002783044034,True
30,49,2599,-1197500.0,-202500.0,102.25274308928951,0.21825529203823926,True
30,50,2600,-1192500.0,-202500.0,102.29761395181188,0.2178121598943737,True
30,51,2601,-1187500.0,-202500.0,102.34248485025033,0.21737088187242226,True
30,52,2602,-1182500.0,-202500.0,102.3873557844543,0.21693145797247634,True
30,53,2603,-1177500.0,-202500.0,102.43222675427326,0.216493888194013,True
30,54,2604,-1172500.0,-202500.0,102.47709775955671,0.21605817253727694,True
30,55,2605,-1167500.0,-202500.0,102.52196880015408,0.2156243110014991,True
30,56,2606,-1162500.0,-202500.0,102.56683987591484,0.21519230358706784,True
30,57,2607,-1157500.0,-202500.0,102.61171098668844,0.21476215029330908,True
30,58,2608,-1152500.0,-202500.0,102.65658213232436,0.21433385112044298,True
30,59,2609,-1147500.0,-202500.0,102.70145331267207,0.21390740606819195,True
30,60,2610,-1142500.0,-202500.0,102.74632452758101,0.213482815135995,True
30,61,2611,-1137500.0,-202500.0,102.79119577690064,0.21306007832424373,True
30,62,2612,-1132500.0,-202500.0,102.83606706048042,0.21263919563233544,True
30,63,2613,-1127500.0,-202500.0,102.88093837816982,0.21222016706059102,True
30,64,2614,-1122500.0,-202500.0,102.92580972981827,0.21180299260818133,True
30,65,2615,-1117500.0,-202500.0,102.97068111527527,0.21138767227561933,True
30,66,2616,-1112500.0,-202500.0,103.01555253439022,0.2109742060621803,True
30,67,2617,-1107500.0,-202500.0,103.06042398701263,0.2105625939682675,True
30,68,2618,-1102500.0,-202500.0,103.10529547299193,0.21015283599313403,True
30,69,2619,-1097500.0,-202500.0,103.15016699217755,0.209744932136684,True
30,70,2620,-1092500.0,-202500.0,103.19503854441898,0.20933888239936518,True
30,71,2621,-1087500.0,-202500.0,103.23991012956566,0.2089346867804756,True
30,72,2622,-1082500.0,-202500.0,103.28478174746705,0.20853234527991513,True
30,73,2623,-1077500.0,-202500.0,103.32965339797259,0.2081318578974753,True
30,74,2624,-1072500.0,-202500.0,103.37452508093172,0.20773322463343305,True
30,75,2625,-1067500.0,-202500.0,103.41939679619391,0.20733644548720734,True
30,76,2626,-1062500.0,-202500.0,103.46426854360861,0.20694152045844919,True
30,77,2627,-1057500.0,-202500.0,103.50914032302526,0.20654844954751914,True
30,78,2628,-1052500.0,-202500.0,103.55401213429329,0.2061572327542698,True
30,79,2629,-1047500.0,-202500.0,103.59888397726219,0.20576787007809522,True
30,80,2630,-1042500.0,-202500.0,103.64375585178136,0.20538036151901068,True
30,81,2631,-1037500.0,-202500.0,103.68862775770027,0.20499470707722503,True
30,82,2632,-1032500.0,-202500.0,103.73349969486839,0.20461090675208887,True
30,83,2633,-1027500.0,-202500.0,103.7783716631351,0.20422896054370107,False
30,84,2634,-1022500.0,-202500.0,103.82324366234992,0.2038488684517891,False
31,0,2635,-1442500.0,-197500.0,100.05464822756203,0.28750085435299777,False
31,1,2636,-1437500.0,-197500.0,100.09951530829463,0.2869668680815968,False
31,2,2637,-1432500.0,-197500.0,100.14438243231322,0.2864347359532258,False
31,3,2638,-1427500.0,-197500.0,100.18924959946733,0.2859044579677438,False
31,4,2639,-1422500.0,-197500.0,100.23411680960646,0.2853760341249118,False
31,5,2640,-1417500.0,-197500.0,100.27898406258016,0.28484946442429565,False
31,6,2641,-1412500.0,-197500.0,100.32385135823795,0.284324748865869,False
31,7,2642,-1407500.0,-197500.0,100.3687186964293,0.2838018874485539,False
31,8,2643,-1402500.0,-197500.0,100.41358607700379,0.2832808801731495,False
31,9,2644,-1397500.0,-197500.0,100.4584534998109,0.2827617270386058,False
31,10,2645,-1392500.0,-197500.0,100.50332096470017,0.28224442804477656,False
31,11,2646,-1387500.0,-197500.0,100.54818847152109,0.2817289831916996,False
31,12,2647,-1382500.0,-197500.0,100.5930560201232,0.281215392478595,True
31,13,2648,-1377500.0,-197500.0,100.63792361035601,0.28070365590563523,True
31,14,2649,-1372500.0,-197500.0,100.68279124206903,0.2801937734722917,True
31,15,2650,-1367500.0,-197500.0,100.72765891511177,0.2796857451787547,True
31,16,2651,-1362500.0,-197500.0,100.77252662933375,0.27917957102388086,True
31,17,2652,-1357500.0,-197500.0,100.81739438458447,0.2786752510080731,True
31,18,2653,-1352500.0,-197500.0,100.86226218071346,0.27817278513066307,True
31,19,2654,-1347500.0,-197500.0,100.9071300175702,0.2776721733918284,True
31,20,2655,-1342500.0,-197500.0,100.95199789500421,0.27717341579112276,True
31,21,2656,-1337500.0,-197500.0,100.99686581286502,0.27667651232801144,True
31,22,2657,-1332500.0,-197500.0,101.04173377100211,0.2761814630023094,True
31,23,2658,-1327500.0,-197500.0,101.086601769265,0.27568826781434635,True
31,24,2659,-1322500.0,-197500.0,101.1314698075032,0.2751969267631665,True
31,25,2660,-1317500.0,-197500.0,101.17633788556617,0.2747074398484166,True
31,26,2661,-1312500.0,-197500.0,101.2212060033035,0.27421980707070603,True
31,27,2662,-1307500.0,-197500.0,101.26607416056461,0.273734028428979,True
31,28,2663,-1302500.0,-197500.0,101.31094235719904,0.27325010392321997,True
31,29,2664,-1297500.0,-197500.0,101.3558105930563,0.2727680335530918,True
31,30,2665,-1292500.0,-197500.0,101.40067886798586,0.2722878173185967,True
31,31,2666,-1287500.0,-197500.0,101.44554718183726,0.27180945521938543,True
31,32,2667,-1282500.0,-197500.0,101.49041553445996,0.2713329472552056,True
31,33,2668,-1277500.0,-197500.0,101.53528392570348,0.27085829342581313,True
31,34,2669,-1272500.0,-197500.0,101.58015235541733,0.27038549373084675,True
31,35,2670,-1267500.0,-197500.0,101.62502082345097,0.26991454817020616,True
31,36,2671,-1262500.0,-197500.0,101.66988932965393,0.2694454567434796,True
31,37,2672,-1257500.0,-197500.0,101.71475787387568,0.2689782194503997,True
31,38,2673,-1252500.0,-197500.0,101.75962645596573,0.2685128362911945,True
31,39,2674,-1247500.0,-197500.0,101.80449507577356,0.26804930726519605,True
31,40,2675,-1242500.0,-197500.0,101.84936373314869,0.26758763237221184,True
31,41,2676,-1237500.0,-197500.0,101.8942324279406,0.26712781161185384,True
31,42,2677,-1232500.0,-197500.0,101.93910115999874,0.2666698449843755,True
31,43,2678,-1227500.0,-197500.0,101.98396992917267,0.2662137324894259,True
31,44,2679,-1222500.0,-197500.0,102.02883873531184,0.2657594741264385,True
31,45,2680,-1217500.0,-197500.0,102.07370757826574,0.265307069895284,True
31,46,2681,-1212500.0,-197500.0,102.11857645788388,0.2648565197959978,True
31,47,2682,-1207500.0,-197500.0,102.16344537401572,0.26440782382805883,True
31,48,2683,-1202500.0,-197500.0,102.20831432651076,0.263960981991335,True
31,49,2684,-1197500.0,-197500.0,102.2531833152185,0.26351599428586764,True
31,50,2685,-1192500.0,-197500.0,102.2980523399884,0.2630728607112791,True
31,51,2686,-1187500.0,-197500.0,102.34292140066995,0.26263158126683966,True
31,52,2687,-1182500.0,-197500.0,102.38779049711266,0.26219215595306494,True
31,53,2688,-1177500.0,-197500.0,102.43265962916597,0.26175458476945695,True
31,54,2689,-1172500.0,-197500.0,102.47752879667942,0.2613188677157113,True
31,55,2690,-1167500.0,-197500.0,102.52239799950243,0.2608850047917753,True
31,56,2691,-1162500.0,-197500.0,102.56726723748451,0.26045299599736205,True
31,57,2692,-1157500.0,-197500.0,102.61213651047517,0.2600228413324166,True
31,58,2693,-1152500.0,-197500.0,102.65700581832384,0.2595945407962604,True
31,59,2694,-1147500.0,-197500.0,102.70187516088001,0.2591680943893037,True
31,60,2695,-1142500.0,-197500.0,102.74674453799318,0.2587435021106804,True
31,61,2696,-1137500.0,-197500.0,102.79161394951282,0.25832076396073045,True
31,62,2697,-1132500.0,-197500.0,102.8364833952884,0.25789987993910135,True
31,63,2698,-1127500.0,-197500.0,102.8813528751694,0.2574808500454494,True
31,64,2699,-1122500.0,-197500.0,102.92622238900529,0.25706367427995525,True
31,65,2700,-1117500.0,-197500.0,102.97109193664555,0.256648352641854,True
31,66,2701,-1112500.0,-197500.0,103.01596151793967,0.25623488513150894,True
31,67,2702,-1107500.0,-197500.0,103.06083113273709,0.2558232717482504,True
31,68,2703,-1102500.0,-197500.0,103.1057007808873,0.25541351249235156,True
31,69,2704,-1097500.0,-197500.0,103.1505704622398,0.2550056073631697,True
31,70,2705,-1092500.0,-197500.0,103.195440176644,0.2545995563607416,True
31,71,2706,-1087500.0,-197500.0,103.24030992394944,0.25419535948476285,True
31,72,2707,-1082500.0,-197500.0,103.28517970400553,0.2537930167351516,True
31,73,2708,-1077500.0,-197500.0,103.33004951666177,0.25339252811156165,True
31,74,2709,-1072500.0,-197500.0,103.37491936176764,0.25299389361439506,True
31,75,2710,-1067500.0,-197500.0,103.41978923917259,0.25259711324236916,True
31,76,2711,-1062500.0,-197500.0,103.46465914872607,0.2522021869963993,True
31,77,2712,-1057500.0,-197500.0,103.5095290902776,0.2518091148757064,True
31,78,2713,-1052500.0,-197500.0,103.55439906367658,0.25141789688027893,True
31,79,2714,-1047500.0,-197500.0,103.59926906877254,0.25102853300960726,True
31,80,2715,-1042500.0,-197500.0,103.6441391054149,0.25064102326403787,True
31,81,2716,-1037500.0,-197500.0,103.68900917345316,0.25025536764324374,True
31,82,2717,-1032500.0,-197500.0,103.73387927273674,0.24987156614698414,True
31,83,2718,-1027500.0,-197500.0,103.77874940311514,0.24948961877507603,False
31,84,2719,-1022500.0,-197500.0,103.8236195644378,0.2491095255271396,False
32,0,2720,-1442500.0,-192500.0,100.05517845413434,0.3327636667159304,False
32,1,2721,-1437500.0,-192500.0,100.10004369750384,0.3322296782245533,False
32,2,2722,-1432500.0,-192500.0,100.144908984154,0.331697543887228,False
32,3,2723,-1427500.0,-192500.0,100.1897743139344,0.33116726370453237,False
32,4,2724,-1422500.0,-192500.0,100.23463968669454,0.3306388376758562,False
32,5,2725,-1417500.0,-192500.0,100.27950510228398,0.3301122658005697,False
32,6,2726,-1412500.0,-192500.0,100.32437056055224,0.32958754807877166,False
32,7,2727,-1407500.0,-192500.0,100.36923606134887,0.3290646845099869,False
32,8,2728,-1402500.0,-192500.0,100.41410160452342,0.32854367509378757,False
32,9,2729,-1397500.0,-192500.0,100.4589671899254,0.32802451982994985,False
32,10,2730,-1392500.0,-192500.0,100.50383281740437,0.3275072187183079,True
32,11,2731,-1387500.0,-192500.0,100.54869848680985,0.32699177175811106,True
32,12,2732,-1382500.0,-192500.0,100.59356419799138,0.3264781789492211,True
32,13,2733,-1377500.0,-192500.0,100.6384299507985,0.32596644029153826,True
32,14,2734,-1372500.0,-192500.0,100.68329574508071,0.325456555784748,True
32,15,2735,-1367500.0,-192500.0,100.72816158068758,0.32494852542805797,True
32,16,2736,-1362500.0,-192500.0,100.77302745746863,0.3244423492218822,True
32,17,2737,-1357500.0,-192500.0,100.81789337527339,0.3239380271650768,True
32,18,2738,-1352500.0,-192500.0,100.86275933395136,0.32343555925790823,True
32,19,2739,-1347500.0,-192500.0,100.90762533335212,0.3229349455000782,True
32,20,2740,-1342500.0,-192500.0,100.95249137332515,0.3224361858911995,True
32,21,2741,-1337500.0,-192500.0,100.99735745371999,0.32193928043058295,True
32,22,2742,-1332500.0,-192500.0,101.04222357438618,0.321444229118502,True
32,23,2743,-1327500.0,-192500.0,101.08708973517324,0.320951031954441,True
32,24,2744,-1322500.0,-192500.0,101.13195593593069,0.3204596889377378,True
32,25,2745,-1317500.0,-192500.0,101.17682217650805,0.31997020006876087,True
32,26,2746,-1312500.0,-192500.0,101.22168845675485,0.31948256534673936,True
32,27,2747,-1307500.0,-192500.0,101.26655477652061,0.31899678477160215,True
32,28,2748,-1302500.0,-192500.0,101.31142113565485,0.3185128583430149,True
32,29,2749,-1297500.0,-192500.0,101.35628753400707,0.3180307860605745,True
32,30,2750,-1292500.0,-192500.0,101.40115397142682,0.31755056792411984,True
32,31,2751,-1287500.0,-192500.0,101.44602044776362,0.31707220393322655,True
32,32,2752,-1282500.0,-192500.0,101.49088696286695,0.3165956940879755,True
32,33,2753,-1277500.0,-192500.0,101.53575351658635,0.31612103838776545,True
32,34,2754,-1272500.0,-192500.0,101.58062010877136,0.3156482368323157,True
32,35,2755,-1267500.0,-192500.0,101.62548673927145,0.31517728942114004,True
32,36,2756,-1262500.0,-192500.0,101.67035340793618,0.3147081961545205,True
32,37,2757,-1257500.0,-192500.0,101.71522011461502,0.3142409570319499,True
32,38,2758,-1252500.0,-192500.0,101.7600868591575,0.3137755720527937,True
32,39,2759,-1247500.0,-192500.0,101.80495364141315,0.31331204121730216,True
32,40,2760,-1242500.0,-192500.0,101.84982046123146,0.31285036452493614,True
32,41,2761,-1237500.0,-192500.0,101.89468731846195,0.3123905419755161,True
32,42,2762,-1232500.0,-192500.0,101.93955421295412,0.3119325735688127,True
32,43,2763,-1227500.0,-192500.0,101.9844211445575,0.311476459304343,True
32,44,2764,-1222500.0,-192500.0,102.02928811312158,0.3110221991820508,True
32,45,2765,-1217500.0,-192500.0,102.07415511849587,0.3105697932016557,True
32,46,2766,-1212500.0,-192500.0,102.11902216052988,0.31011924136310987,True
32,47,2767,-1207500.0,-192500.0,102.16388923907313,0.30967054366550784,True
32,48,2768,-1202500.0,-192500.0,102.20875635397509,0.30922370010912115,True
32,49,2769,-1197500.0,-192500.0,102.2536235050853,0.30877871069359736,True
32,50,2770,-1192500.0,-192500.0,102.29849069225325,0.30833557541855416,True
32,51,2771,-1187500.0,-192500.0,102.34335791532845,0.30789429428363724,True
32,52,2772,-1182500.0,-192500.0,102.3882251741604,0.30745486728918237,True
32,53,2773,-1177500.0,-192500.0,102.43309246859857,0.3070172944345122,True
32,54,2774,-1172500.0,-192500.0,102.47795979849252,0.30658157571943506,True
32,55,2775,-1167500.0,-192500.0,102.52282716369172,0.3061477111434569,True
32,56,2776,-1162500.0,-192500.0,102.56769456404565,0.3057157007067537,True
32,57,2777,-1157500.0,-192500.0,102.61256199940384,0.3052855444088294,True
32,58,2778,-1152500.0,-192500.0,102.65742946961578,0.3048572422495564,True
32,59,2779,-1147500.0,-192500.0,102.70229697453097,0.30443079422879665,True
32,60,2780,-1142500.0,-192500.0,102.7471645139989,0.3040062003459731,True
32,61,2781,-1137500.0,-192500.0,102.79203208786906,0.303583460600926,True
32,62,2782,-1132500.0,-192500.0,102.83689969599095,0.3031625749938939,True
32,63,2783,-1127500.0,-192500.0,102.88176733821408,0.30274354352425775,True
32,64,2784,-1122500.0,-192500.0,102.92663501438794,0.30232636619164055,True
32,65,2785,-1117500.0,-192500.0,102.97150272436201,0.30191104299614174,True
32,66,2786,-1112500.0,-192500.0,103.01637046798578,0.3014975739371971,True
32,67,2787,-1107500.0,-192500.0,103.06123824510877,0.30108595901506946,True
32,68,2788,-1102500.0,-192500.0,103.10610605558044,0.3006761982288619,True
32,69,2789,-1097500.0,-192500.0,103.15097389925029,0.30026829157890284,True
32,70,2790,-1092500.0,-192500.0,103.19584177596782,0.299862239064965,True
32,71,2791,-1087500.0,-192500.0,103.24070968558253,0.29945804068627496,True
32,72,2792,-1082500.0,-192500.0,103.28557762794387,0.2990556964431871,True
32,73,2793,-1077500.0,-192500.0,103.33044560290135,0.29865520633515946,True
32,74,2794,-1072500.0,-192500.0,103.37531361030447,0.29825657036241765,True
32,75,2795,-1067500.0,-192500.0,103.4201816500027,0.29785978852421335,True
32,76,2796,-1062500.0,-192500.0,103.46504972184553,0.29746486082060447,True
32,77,2797,-1057500.0,-192500.0,103.50991782568245,0.2970717872514826,True
32,78,2798,-1052500.0,-192500.0,103.55478596136294,0.29668056781636826,True
32,79,2799,-1047500.0,-192500.0,103.59965412873649,0.2962912025150926,True
32,80,2800,-1042500.0,-192500.0,103.64452232765257,0.2959036913474463,True
32,81,2801,-1037500.0,-192500.0,103.68939055796068,0.2955180343134139,True
32,82,2802,-1032500.0,-192500.0,103.7342588195103,0.2951342314127155,False
32,83,2803,-1027500.0,-192500.0,103.77912711215089,0.29475228264494424,False
32,84,2804,-1022500.0,-192500.0,103.82399543573196,0.29437218801016857,False
33,0,2805,-1442500.0,-187500.0,100.05570863727552,0.37802853532718345,False
33,1,2806,-1437500.0,-187500.0,100.10057204343238,0.37749454429080864,False
33,2,2807,-1432500.0,-187500.0,100.14543549286459,0.37696240742158044,False
33,3,2808,-1427500.0,-187500.0,100.1902989854217,0.3764321247191898,False
33,4,2809,-1422500.0,-187500.0,100.23516252095332,0.37590369618338537,False
33,5,2810,-1417500.0,-187500.0,100.28002609930896,0.3753771218139151,False
33,6,2811,-1412500.0,-187500.0,100.32488972033816,0.3748524016100016,False
33,7,2812,-1407500.0,-187500.0,100.36975338389054,0.37432953557169374,False
33,8,2813,-1402500.0,-187500.0,100.41461708981561,0.3738085236983492,False
33,9,2814,-1397500.0,-187500.0,100.45948083796293,0.3732893659896656,True
33,10,2815,-1392500.0,-187500.0,100.50434462818207,0.3727720624454278,True
33,11,2816,-1387500.0,-187500.0,100.54920846032256,0.3722566130652644,True
33,12,2817,-1382500.0,-187500.0,100.59407233423399,0.37174301784857,True
33,13,2818,-1377500.0,-187500.0,100.63893624976586,0.37123127679509854,True
33,14,2819,-1372500.0,-187500.0,100.68380020676776,0.3707213899046816,True
33,15,2820,-1367500.0,-187500.0,100.72866420508922,0.37021335717702347,True
33,16,2821,-1362500.0,-187500.0,100.77352824457981,0.36970717861108837,True
33,17,2822,-1357500.0,-187500.0,100.81839232508905,0.3692028542073195,True
33,18,2823,-1352500.0,-187500.0,100.86325644646651,0.36870038396508825,True
33,19,2824,-1347500.0,-187500.0,100.90812060856175,0.3681997678840777,True
33,20,2825,-1342500.0,-187500.0,100.95298481122425,0.36770100596359034,True
33,21,2826,-1337500.0,-187500.0,100.99784905430363,0.36720409820390143,True
33,22,2827,-1332500.0,-187500.0,101.04271333764939,0.36670904460425396,True
33,23,2828,-1327500.0,-187500.0,101.0875776611111,0.3662158451645911,True
33,24,2829,-1322500.0,-187500.0,101.13244202453829,0.36572449988421335,True
33,25,2830,-1317500.0,-187500.0,101.1773064277805,0.36523500876324716,True
33,26,2831,-1312500.0,-187500.0,101.22217087068726,0.36474737180106975,True
33,27,2832,-1307500.0,-187500.0,101.26703535310813,0.36426158899716427,True
33,28,2833,-1302500.0,-187500.0,101.31189987489265,0.3637776603513638,True
33,29,2834,-1297500.0,-187500.0,101.35676443589033,0.36329558586378297,True
33,30,2835,-1292500.0,-187500.0,101.40162903595075,0.36281536553343596,True
33,31,2836,-1287500.0,-187500.0,101.44649367492342,0.3623369993604557,True
33,32,2837,-1282500.0,-187500.0,101.49135835265787,0.36186048734440984,True
33,33,2838,-1277500.0,-187500.0,101.53622306900364,0.3613858294849432,True
33,34,2839,-1272500.0,-187500.0,101.58108782381028,0.36091302578141765,True
33,35,2840,-1267500.0,-187500.0,101.62595261692732,0.360442076234129,True
33,36,2841,-1262500.0,-187500.0,101.67081744820429,0.3599729808423887,True
33,37,2842,-1257500.0,-187500.0,101.71568231749072,0.35950573960622867,True
33,38,2843,-1252500.0,-187500.0,101.76054722463613,0.35904035252466715,True
33,39,2844,-1247500.0,-187500.0,101.80541216949005,0.3585768195980553,True
33,40,2845,-1242500.0,-187500.0,101.85027715190205,0.358115140825936,True
33,41,2846,-1237500.0,-187500.0,101.89514217172162,0.3576553162078314,True
33,42,2847,-1232500.0,-187500.0,101.9400072287983,0.35719734574368195,True
33,43,2848,-1227500.0,-187500.0,101.98487232298162,0.3567412294326971,True
33,44,2849,-1222500.0,-187500.0,102.0297374541211,0.35628696727509773,True
33,45,2850,-1217500.0,-187500.0,102.07460262206627,0.35583455927032576,True
33,46,2851,-1212500.0,-187500.0,102.11946782666666,0.3553840054183376,True
33,47,2852,-1207500.0,-187500.0,102.16433306777179,0.3549353057186025,True
33,48,2853,-1202500.0,-187500.0,102.20919834523119,0.35448846017106594,True
33,49,2854,-1197500.0,-187500.0,102.25406365889438,0.3540434687751957,True
33,50,2855,-1192500.0,-187500.0,102.29892900861087,0.35360033153079945,True
33,51,2856,-1187500.0,-187500.0,102.3437943942302,0.3531590484374305,True
33,52,2857,-1182500.0,-187500.0,102.38865981560188,0.3527196194948273,True
33,53,2858,-1177500.0,-187500.0,102.43352527257542,0.35228204470354385,True
33,54,2859,-1172500.0,-187500.0,102.47839076500038,0.3518463240619833,True
33,55,2860,-1167500.0,-187500.0,102.52325629272624,0.3514124575705428,True
33,56,2861,-1162500.0,-187500.0,102.56812185560254,0.3509804452293071,True
33,57,2862,-1157500.0,-187500.0,102.61298745347878,0.3505502870370176,True
33,58,2863,-1152500.0,-187500.0,102.6578530862045,0.35012198299447733,True
33,59,2864,-1147500.0,-187500.0,102.70271875362918,0.3496955331005623,True
33,60,2865,-1142500.0,-187500.0,102.74758445560235,0.3492709373555189,True
33,61,2866,-1137500.0,-187500.0,102.79245019197356,0.3488481957588346,True
33,62,2867,-1132500.0,-187500.0,102.83731596259229,0.3484273083103554,True
33,63,2868,-1127500.0,-187500.0,102.88218176730805,0.3480082750095666,True
33,64,2869,-1122500.0,-187500.0,102.92704760597036,0.3475910958567019,True
33,65,2870,-1117500.0,-187500.0,102.97191347842875,0.34717577085127405,True
33,66,2871,-1112500.0,-187500.0,103.0167793845327,0.34676229999274605,True
33,67,2872,-1107500.0,-187500.0,103.06164532413175,0.34635068328146573,True
33,68,2873,-1102500.0,-187500.0,103.10651129707537,0.34594092071636895,True
33,69,2874,-1097500.0,-187500.0,103.15137730321311,0.3455330122978893,True
33,70,2875,-1092500.0,-187500.0,103.19624334239447,0.3451269580253206,True
33,71,2876,-1087500.0,-187500.0,103.24110941446895,0.3447227578987444,True
33,72,2877,-1082500.0,-187500.0,103.28597551928605,0.3443204119177155,True
33,73,2878,-1077500.0,-187500.0,103.3308416566953,0.34391992008192435,True
33,74,2879,-1072500.0,-187500.0,103.37570782654618,0.34352128239161456,True
33,75,2880,-1067500.0,-187500.0,103.42057402868821,0.34312449884589097,True
33,76,2881,-1062500.0,-187500.0,103.46544026297089,0.34272956944468375,True
33,77,2882,-1057500.0,-187500.0,103.51030652924373,0.34233649418801043,True
33,78,2883,-1052500.0,-187500.0,103.55517282735623,0.3419452730755371,True
33,79,2884,-1047500.0,-187500.0,103.6000391571579,0.3415559061068507,True
33,80,2885,-1042500.0,-187500.0,103.6449055184982,0.3411683932817416,False
33,81,2886,-1037500.0,-187500.0,103.6897719112267,0.34078273460009695,False
33,82,2887,-1032500.0,-187500.0,103.73463833519286,0.3403989300616854,False
33,83,2888,-1027500.0,-187500.0,103.77950479024618,0.3400169796664991,False
33,84,2889,-1022500.0,-187500.0,103.82437127623616,0.3396368834138381,False
34,0,2890,-1442500.0,-182500.0,100.05623877699091,0.4232954877112127,False
34,1,2891,-1437500.0,-182500.0,100.10110034608556,0.4227614938053285,False
34,2,2892,-1432500.0,-182500.0,100.14596195845026,0.422229354080562,False
34,3,2893,-1427500.0,-182500.0,100.19082361393455,0.4216990685363592,False
34,4,2894,-1422500.0,-182500.0,100.23568531238806,0.42117063717254527,False
34,5,2895,-1417500.0,-182500.0,100.28054705366034,0.42064405998833215,True
34,6,2896,-1412500.0,-182500.0,100.32540883760096,0.42011933698382653,True
34,7,2897,-1407500.0,-182500.0,100.3702706640595,0.41959646815796714,True
34,8,2898,-1402500.0,-182500.0,100.41513253288554,0.41907545351109354,True
34,9,2899,-1397500.0,-182500.0,100.45999444392865,0.4185562930423679,True
34,10,2900,-1392500.0,-182500.0,100.5048563970384,0.4180389867511071,True
34,11,2901,-1387500.0,-182500.0,100.54971839206436,0.4175235346372706,True
34,12,2902,-1382500.0,-182500.0,100.5945804288561,0.41700993670097247,True
34,13,2903,-1377500.0,-182500.0,100.6394425072632,0.4164981929408284,True
34,14,2904,-1372500.0,-182500.0,100.68430462713522,0.41598830335704945,True
34,15,2905,-1367500.0,-182500.0,100.72916678832173,0.41548026794911624,True
34,16,2906,-1362500.0,-182500.0,100.77402899067232,0.41497408671656766,True
34,17,2907,-1357500.0,-182500.0,100.81889123403651,0.4144697596589808,True
34,18,2908,-1352500.0,-182500.0,100.8637535182639,0.41396728677607886,True
34,19,2909,-1347500.0,-182500.0,100.90861584320406,0.41346666806756444,True
34,20,2910,-1342500.0,-182500.0,100.95347820870651,0.4129679035329359,True
34,21,2911,-1337500.0,-182500.0,100.99834061462087,0.4124709931716617,True
34,22,2912,-1332500.0,-182500.0,101.04320306079667,0.41197593698395935,True
34,23,2913,-1327500.0,-182500.0,101.08806554708347,0.4114827349685862,True
34,24,2914,-1322500.0,-182500.0,101.13292807333086,0.41099138712617683,True
34,25,2915,-1317500.0,-182500.0,101.17779063938836,0.410501893455342,True
34,26,2916,-1312500.0,-182500.0,101.22265324510556,0.4100142539566181,True
34,27,2917,-1307500.0,-182500.0,101.267515890332,0.40952846862887754,True
34,28,2918,-1302500.0,-182500.0,101.31237857491726,0.40904453747224717,True
34,29,2919,-1297500.0,-182500.0,101.35724129871087,0.40856246048597783,True
34,30,2920,-1292500.0,-182500.0,101.40210406156241,0.408082237670244,True
34,31,2921,-1287500.0,-182500.0,101.44696686332142,0.4076038690243537,True
34,32,2922,-1282500.0,-182500.0,101.49182970383744,0.40712735454786775,True
34,33,2923,-1277500.0,-182500.0,101.53669258296007,0.4066526942405794,True
34,34,2924,-1272500.0,-182500.0,101.58155550053883,0.4061798881021653,True
34,35,2925,-1267500.0,-182500.0,101.62641845642325,0.40570893613239817,True
34,36,2926,-1262500.0,-182500.0,101.67128145046294,0.4052398383302819,True
34,37,2927,-1257500.0,-182500.0,101.71614448250742,0.4047725946965031,True
34,38,2928,-1252500.0,-182500.0,101.76100755240623,0.4043072052298503,True
34,39,2929,-1247500.0,-182500.0,101.80587066000892,0.40384366993034726,True
34,40,2930,-1242500.0,-182500.0,101.85073380516506,0.40338198879798814,True
34,41,2931,-1237500.0,-182500.0,101.89559698772419,0.4029221618316082,True
34,42,2932,-1232500.0,-182500.0,101.94046020753584,0.4024641890315118,True
34,43,2933,-1227500.0,-182500.0,101.98532346444958,0.40200807039693215,True
34,44,2934,-1222500.0,-182500.0,102.03018675831493,0.4015538059280848,True
34,45,2935,-1217500.0,-182500.0,102.07505008898146,0.4011013956241335,True
34,46,2936,-1212500.0,-182500.0,102.1199134562987,0.4006508394850881,True
34,47,2937,-1207500.0,-182500.0,102.16477686011619,0.40020213751031575,True
34,48,2938,-1202500.0,-182500.0,102.2096403002835,0.399755289699932,True
34,49,2939,-1197500.0,-182500.0,102.25450377665013,0.39931029605317614,True
34,50,2940,-1192500.0,-182500.0,102.29936728906564,0.39886715657019156,True
34,51,2941,-1187500.0,-182500.0,102.34423083737958,0.39842587125002166,True
34,52,2942,-1182500.0,-182500.0,102.3890944214415,0.3979864400926335,True
34,53,2943,-1177500.0,-182500.0,102.4339580411009,0.3975488630983244,True
34,54,2944,-1172500.0,-182500.0,102.47882169620733,0.39711314026613553,True
34,55,2945,-1167500.0,-182500.0,102.52368538661034,0.3966792715953118,True
34,56,2946,-1162500.0,-182500.0,102.56854911215947,0.3962472570864698,True
34,57,2947,-1157500.0,-182500.0,102.61341287270426,0.39581709673899873,True
34,58,2948,-1152500.0,-182500.0,102.65827666809422,0.39538879055242376,True
34,59,2949,-1147500.0,-182500.0,102.7031404981789,0.39496233852660023,True
34,60,2950,-1142500.0,-182500.0,102.74800436280782,0.39453774066118785,True
34,61,2951,-1137500.0,-182500.0,102.79286826183053,0.394114996955836,True
34,62,2952,-1132500.0,-182500.0,102.83773219509658,0.393694107410534,True
34,63,2953,-1127500.0,-182500.0,102.88259616245547,0.39327507202402484,True
34,64,2954,-1122500.0,-182500.0,102.92746016375672,0.39285789079738614,True
34,65,2955,-1117500.0,-182500.0,102.9723241988499,0.39244256372947617,True
34,66,2956,-1112500.0,-182500.0,103.01718826758453,0.39202909082046594,True
34,67,2957,-1107500.0,-182500.0,103.06205236981013,0.391617472069329,True
34,68,2958,-1102500.0,-182500.0,103.10691650537622,0.3912077074765465,False
34,69,2959,-1097500.0,-182500.0,103.15178067413233,0.3907997970414407,True
34,70,2960,-1092500.0,-182500.0,103.19664487592802,0.3903937407638291,True
34,71,2961,-1087500.0,-182500.0,103.24150911061277,0.3899895386432371,True
34,72,2962,-1082500.0,-182500.0,103.28637337803612,0.3895871906798795,True
34,73,2963,-1077500.0,-182500.0,103.33123767804761,0.3891866968730756,True
34,74,2964,-1072500.0,-182500.0,103.37610201049677,0.3887880572225036,True
34,75,2965,-1067500.0,-182500.0,103.42096637523308,0.3883912717282499,True
34,76,2966,-1062500.0,-182500.0,103.46583077210612,0.3879963403898255,True
34,77,2967,-1057500.0,-182500.0,103.51069520096536,0.3876032632067411,True
34,78,2968,-1052500.0,-182500.0,103.55555966166037,0.3872120401792263,True
34,79,2969,-1047500.0,-182500.0,103.60042415404062,0.38682267130639086,False
34,80,2970,-1042500.0,-182500.0,103.64528867795569,0.3864351565884726,False
34,81,2971,-1037500.0,-182500.0,103.69015323325506,0.38604949602495914,False
34,82,2972,-1032500.0,-182500.0,103.73501781978825,0.38566568961593084,False
34,83,2973,-1027500.0,-182500.0,103.77988243740481,0.3852837373604064,False
34,84,2974,-1022500.0,-182500.0,103.8247470859542,0.38490363925889265,False
35,0,2975,-1442500.0,-177500.0,100.05676887328583,0.4685645514003383,False
35,1,2976,-1437500.0,-177500.0,100.1016286054687,0.46803055430059076,False
35,2,2977,-1432500.0,-177500.0,100.14648838091631,0.46749841139680837,False
35,3,2978,-1427500.0,-177500.0,100.19134819947823,0.4669681226884356,False
35,4,2979,-1422500.0,-177500.0,100.23620806100405,0.46643968817543224,False
35,5,2980,-1417500.0,-177500.0,100.28106796534338,0.465913107856562,True
35,6,2981,-1412500.0,-177500.0,100.32592791234583,0.4653883817320858,True
35,7,2982,-1407500.0,-177500.0,100.37078790186098,0.4648655098013502,True
35,8,2983,-1402500.0,-177500.0,100.4156479337384,0.46434449206406125,True
35,9,2984,-1397500.0,-177500.0,100.46050800782773,0.4638253285191281,True
35,10,2985,-1392500.0,-177500.0,100.50536812397851,0.4633080191668494,True
35,11,2986,-1387500.0,-177500.0,100.55022828204037,0.4627925640064448,True
35,12,2987,-1382500.0,-177500.0,100.59508848186289,0.4622789630374639,True
35,13,2988,-1377500.0,-177500.0,100.63994872329562,0.4617672162598263,True
35,14,2989,-1372500.0,-177500.0,100.6848090061882,0.4612573236727504,True
35,15,2990,-1367500.0,-177500.0,100.7296693303902,0.4607492852758338,True
35,16,2991,-1362500.0,-177500.0,100.7745296957512,0.4602431010689466,True
35,17,2992,-1357500.0,-177500.0,100.81939010212079,0.4597387710510048,True
35,18,2993,-1352500.0,-177500.0,100.86425054934853,0.45923629522216985,True
35,19,2994,-1347500.0,-177500.0,100.90911103728405,0.4587356735820192,True
35,20,2995,-1342500.0,-177500.0,100.9539715657769,0.4582369061299154,True
35,21,2996,-1337500.0,-177500.0,100.99883213467668,0.45773999286553246,True
35,22,2997,-1332500.0,-177500.0,101.04369274383293,0.4572449337883686,True
35,23,2998,-1327500.0,-177500.0,101.08855339309528,0.4567517288982631,True
35,24,2999,-1322500.0,-177500.0,101.1334140823133,0.456260378194383,True
35,25,3000,-1317500.0,-177500.0,101.17827481133656,0.45577088167662405,True
35,26,3001,-1312500.0,-177500.0,101.22313558001463,0.45528323934470794,True
35,27,3002,-1307500.0,-177500.0,101.26799638819708,0.45479745119796616,True
35,28,3003,-1302500.0,-177500.0,101.3128572357335,0.45431351723572927,True
35,29,3004,-1297500.0,-177500.0,101.3577181224735,0.45383143745862253,True
35,30,3005,-1292500.0,-177500.0,101.40257904826659,0.4533512118651785,True
35,31,3006,-1287500.0,-177500.0,101.44744001296239,0.45287284045553444,True
35,32,3007,-1282500.0,-177500.0,101.49230101641045,0.45239632322938067,True
35,33,3008,-1277500.0,-177500.0,101.53716205846034,0.45192166018576363,True
35,34,3009,-1272500.0,-177500.0,101.58202313896167,0.45144885132462514,True
35,35,3010,-1267500.0,-177500.0,101.62688425776395,0.4509778966459753,True
35,36,3011,-1262500.0,-177500.0,101.67174541471681,0.45050879614915174,True
35,37,3012,-1257500.0,-177500.0,101.71660660966977,0.4500415498334039,True
35,38,3013,-1252500.0,-177500.0,101.76146784247243,0.44957615769889603,True
35,39,3014,-1247500.0,-177500.0,101.80632911297434,0.4491126197446727,True
35,40,3015,-1242500.0,-177500.0,101.85119042102508,0.44865093597088734,True
35,41,3016,-1237500.0,-177500.0,101.8960517664742,0.4481911063771383,True
35,42,3017,-1232500.0,-177500.0,101.9409131491713,0.44773313096268286,True
35,43,3018,-1227500.0,-177500.0,101.98577456896591,0.44727700972752726,True
35,44,3019,-1222500.0,-177500.0,102.0306360257076,0.44682274267085004,True
35,45,3020,-1217500.0,-177500.0,102.07549751924594,0.446370329792948,True
35,46,3021,-1212500.0,-177500.0,102.12035904943048,0.4459197710930573,True
35,47,3022,-1207500.0,-177500.0,102.1652206161108,0.4454710665707543,True
35,48,3023,-1202500.0,-177500.0,102.21008221913647,0.44502421622582816,True
35,49,3024,-1197500.0,-177500.0,102.25494385835701,0.4445792200580876,True
35,50,3025,-1192500.0,-177500.0,102.299805533622,0.44413607806682526,True
35,51,3026,-1187500.0,-177500.0,102.34466724478102,0.44369479025169284,True
35,52,3027,-1182500.0,-177500.0,102.3895289916836,0.4432553566126432,True
35,53,3028,-1177500.0,-177500.0,102.4343907741793,0.44281777714922044,True
35,54,3029,-1172500.0,-177500.0,102.4792525921177,0.44238205186071466,True
35,55,3030,-1167500.0,-177500.0,102.52411444534833,0.44194818074753467,True
35,56,3031,-1162500.0,-177500.0,102.56897633372076,0.4415161638086776,True
35,57,3032,-1157500.0,-177500.0,102.61383825708454,0.4410860010443176,True
35,58,3033,-1152500.0,-177500.0,102.65870021528922,0.44065769245353864,True
35,59,3034,-1147500.0,-177500.0,102.70356220818435,0.44023123803654246,True
35,60,3035,-1142500.0,-177500.0,102.7484242356195,0.4398066377926163,True
35,61,3036,-1137500.0,-177500.0,102.7932862974442,0.4393838917217274,True
35,62,3037,-1132500.0,-177500.0,102.83814839350802,0.4389629998234244,True
35,63,3038,-1127500.0,-177500.0,102.8830105236605,0.4385439620969925,True
35,64,3039,-1122500.0,-177500.0,102.92787268775119,0.43812677854278625,True
35,65,3040,-1117500.0,-177500.0,102.97273488562963,0.43771144916005106,True
35,66,3041,-1112500.0,-177500.0,103.0175971171454,0.4372979739487511,True
35,67,3042,-1107500.0,-177500.0,103.06245938214802,0.43688635290809136,True
35,68,3043,-1102500.0,-177500.0,103.10732168048703,0.4364765860384341,False
35,69,3044,-1097500.0,-177500.0,103.152184012012,0.43606867333864213,False
35,70,3045,-1092500.0,-177500.0,103.19704637657244,0.4356626148091152,True
35,71,3046,-1087500.0,-177500.0,103.24190877401796,0.43525841044944513,True
35,72,3047,-1082500.0,-177500.0,103.28677120419805,0.4348560602587944,True
35,73,3048,-1077500.0,-177500.0,103.33163366696226,0.43445556423741505,True
35,74,3049,-1072500.0,-177500.0,103.37649616216014,0.4340569223848283,True
35,75,3050,-1067500.0,-177500.0,103.42135868964124,0.43366013470071074,True
35,76,3051,-1062500.0,-177500.0,103.46622124925509,0.43326520118452416,True
35,77,3052,-1057500.0,-177500.0,103.51108384085124,0.4328721218364007,True
35,78,3053,-1052500.0,-177500.0,103.55594646427923,0.43248089665583006,True
35,79,3054,-1047500.0,-177500.0,103.60080911938859,0.432091525642554,False
35,80,3055,-1042500.0,-177500.0,103.64567180602886,0.4317040087960509,False
35,81,3056,-1037500.0,-177500.0,103.69053452404958,0.4313183461163725,False
35,82,3057,-1032500.0,-177500.0,103.73539727330031,0.43093453760284994,False
35,83,3058,-1027500.0,-177500.0,103.78026005363056,0.43055258325560136,False
35,84,3059,-1022500.0,-177500.0,103.82512286488986,0.43017248307431666,False
36,0,3060,-1442500.0,-172500.0,100.05729892616564,0.5138357539355917,False
36,1,3061,-1437500.0,-172500.0,100.10215682158713,0.5133017533171503,False
36,2,3062,-1432500.0,-172500.0,100.14701476026802,0.5127696069110012,False
36,3,3063,-1427500.0,-172500.0,100.19187274205795,0.5122393147162178,False
36,4,3064,-1422500.0,-172500.0,100.23673076680652,0.5117108767323502,True
36,5,3065,-1417500.0,-172500.0,100.28158883436332,0.5111842929591526,True
36,6,3066,-1412500.0,-172500.0,100.326446944578,0.5106595633957566,True
36,7,3067,-1407500.0,-172500.0,100.37130509730015,0.5101366880418386,True
36,8,3068,-1402500.0,-172500.0,100.4161632923794,0.5096156668971725,True
36,9,3069,-1397500.0,-172500.0,100.46102152966533,0.509096499961201,True
36,10,3070,-1392500.0,-172500.0,100.50587980900757,0.5085791872331722,True
36,11,3071,-1387500.0,-172500.0,100.55073813025572,0.5080637287125969,True
36,12,3072,-1382500.0,-172500.0,100.59559649325941,0.5075501243993941,True
36,13,3073,-1377500.0,-172500.0,100.64045489786822,0.5070383742926856,True
36,14,3074,-1372500.0,-172500.0,100.68531334393177,0.5065284783924487,True
36,15,3075,-1367500.0,-172500.0,100.73017183129966,0.50602043669763,True
36,16,3076,-1362500.0,-172500.0,100.77503035982149,0.5055142492082448,True
36,17,3077,-1357500.0,-172500.0,100.81988892934687,0.5050099159238236,True
36,18,3078,-1352500.0,-172500.0,100.86474753972541,0.5045074368435644,True
36,19,3079,-1347500.0,-172500.0,100.90960619080671,0.5040068119672694,True
36,20,3080,-1342500.0,-172500.0,100.95446488244036,0.5035080412942922,True
36,21,3081,-1337500.0,-172500.0,100.99932361447595,0.5030111248244737,True
36,22,3082,-1332500.0,-172500.0,101.04418238676313,0.5025160625571381,True
36,23,3083,-1327500.0,-172500.0,101.08904119915144,0.5020228544920674,True
36,24,3084,-1322500.0,-172500.0,101.1339000514905,0.5015315006285661,True
36,25,3085,-1317500.0,-172500.0,101.17875894362993,0.5010420009660457,True
36,26,3086,-1312500.0,-172500.0,101.22361787541928,0.5005543555046088,True
36,27,3087,-1307500.0,-172500.0,101.26847684670818,0.5000685642432866,True
36,28,3088,-1302500.0,-172500.0,101.31333585734623,0.49958462718191843,True
36,29,3089,-1297500.0,-172500.0,101.35819490718299,0.4991025443202851,True
36,30,3090,-1292500.0,-172500.0,101.4030539960681,0.4986223156576118,True
36,31,3091,-1287500.0,-172500.0,101.4479131238511,0.49814394119347477,True
36,32,3092,-1282500.0,-172500.0,101.49277229038161,0.49766742092757565,True
36,33,3093,-1277500.0,-172500.0,101.53763149550923,0.497192754859071,True
36,34,3094,-1272500.0,-172500.0,101.58249073908352,0.4967199429881107,True
36,35,3095,-1267500.0,-172500.0,101.6273500209541,0.4962489853144436,True
36,36,3096,-1262500.0,-172500.0,101.67220934097054,0.4957798818368473,True
36,37,3097,-1257500.0,-172500.0,101.71706869898244,0.49531263255551805,True
36,38,3098,-1252500.0,-172500.0,101.76192809483938,0.4948472374697771,True
36,39,3099,-1247500.0,-172500.0,101.80678752839094,0.4943836965797038,True
36,40,3100,-1242500.0,-172500.0,101.8516469994867,0.4939220098840348,True
36,41,3101,-1237500.0,-172500.0,101.89650650797628,0.49346217738300474,True
36,42,3102,-1232500.0,-172500.0,101.94136605370925,0.49300419907593335,True
36,43,3103,-1227500.0,-172500.0,101.98622563653515,0.49254807496263625,True
36,44,3104,-1222500.0,-172500.0,102.0310852563036,0.4920938050425687,True
36,45,3105,-1217500.0,-172500.0,102.0759449128642,0.4916413893153902,True
36,46,3106,-1212500.0,-172500.0,102.1208046060665,0.49119082778067175,True
36,47,3107,-1207500.0,-172500.0,102.16566433576007,0.49074212043824744,True
36,48,3108,-1202500.0,-172500.0,102.21052410179453,0.49029526728697764,True
36,49,3109,-1197500.0,-172500.0,102.25538390401942,0.4898502683274446,True
36,50,3110,-1192500.0,-172500.0,102.30024374228435,0.48940712355838106,True
36,51,3111,-1187500.0,-172500.0,102.34510361643888,0.4889658329803691,True
36,52,3112,-1182500.0,-172500.0,102.3899635263326,0.48852639659214114,True
36,53,3113,-1177500.0,-172500.0,102.43482347181505,0.4880888143938591,True
36,54,3114,-1172500.0,-172500.0,102.47968345273583,0.4876530863851109,True
36,55,3115,-1167500.0,-172500.0,102.52454346894453,0.4872192125648908,True
36,56,3116,-1162500.0,-172500.0,102.56940352029069,0.48678719293364214,True
36,57,3117,-1157500.0,-172500.0,102.61426360662392,0.4863570274907955,True
36,58,3118,-1152500.0,-172500.0,102.65912372779377,0.48592871623543166,True
36,59,3119,-1147500.0,-172500.0,102.7039838836498,0.48550225916794376,True
36,60,3120,-1142500.0,-172500.0,102.74884407404161,0.48507765628745936,True
36,61,3121,-1137500.0,-172500.0,102.79370429881875,0.4846549075937882,True
36,62,3122,-1132500.0,-172500.0,102.83856455783081,0.4842340130864945,True
36,63,3123,-1127500.0,-172500.0,102.88342485092731,0.4838149727655809,True
36,64,3124,-1122500.0,-172500.0,102.92828517795789,0.48339778663040756,True
36,65,3125,-1117500.0,-172500.0,102.97314553877206,0.4829824546802942,True
36,66,3126,-1112500.0,-172500.0,103.0180059332194,0.48256897691539785,True
36,67,3127,-1107500.0,-172500.0,103.06286636114949,0.482157353334892,True
36,68,3128,-1102500.0,-172500.0,103.10772682241189,0.4817475839390492,False
36,69,3129,-1097500.0,-172500.0,103.15258731685616,0.48133966872720735,False
36,70,3130,-1092500.0,-172500.0,103.19744784433186,0.4809336076987814,False
36,71,3131,-1087500.0,-172500.0,103.24230840468857,0.4805294008538479,True
36,72,3132,-1082500.0,-172500.0,103.28716899777584,0.48012704819162655,True
36,73,3133,-1077500.0,-172500.0,103.33202962344323,0.4797265497123972,True
36,74,3134,-1072500.0,-172500.0,103.37689028154033,0.4793279054151446,True
36,75,3135,-1067500.0,-172500.0,103.42175097191665,0.47893111530011806,True
36,76,3136,-1062500.0,-172500.0,103.46661169442179,0.47853617936637016,True
36,77,3137,-1057500.0,-172500.0,103.51147244890528,0.4781430976140806,False
36,78,3138,-1052500.0,-172500.0,103.55633323521671,0.4777518700426417,False
36,79,3139,-1047500.0,-172500.0,103.60119405320562,0.4773624966521539,False
36,80,3140,-1042500.0,-172500.0,103.64605490272157,0.4769749774416191,False
36,81,3141,-1037500.0,-172500.0,103.69091578361413,0.47658931241108854,False
36,82,3142,-1032500.0,-172500.0,103.73577669573282,0.47620550156012653,False
36,83,3143,-1027500.0,-172500.0,103.78063763892725,0.47582354488869566,False
36,84,3144,-1022500.0,-172500.0,103.82549861304692,0.4754434423965546,False
37,0,3145,-1442500.0,-167500.0,100.05782893563565,0.5591091228659651,False
37,1,3146,-1437500.0,-167500.0,100.10268499444614,0.5585751184046786,False
37,2,3147,-1432500.0,-167500.0,100.14754109651074,0.558042968171906,False
37,3,3148,-1427500.0,-167500.0,100.19239724167906,0.5575126721680423,False
37,4,3149,-1422500.0,-167500.0,100.23725342980072,0.5569842303925485,True
37,5,3150,-1417500.0,-167500.0,100.28210966072541,0.556457642844448,True
37,6,3151,-1412500.0,-167500.0,100.32696593430269,0.5559329095231831,True
37,7,3152,-1407500.0,-167500.0,100.37182225038224,0.5554100304286621,True
37,8,3153,-1402500.0,-167500.0,100.41667860881367,0.5548890055598119,True
37,9,3154,-1397500.0,-167500.0,100.46153500944662,0.5543698349167069,True
37,10,3155,-1392500.0,-167500.0,100.5063914521307,0.5538525184982543,True
37,11,3156,-1387500.0,-167500.0,100.55124793671557,0.5533370563044021,True
37,12,3157,-1382500.0,-167500.0,100.5961044630508,0.5528234483341554,True
37,13,3158,-1377500.0,-167500.0,100.64096103098608,0.552311694587783,True
37,14,3159,-1372500.0,-167500.0,100.685817640371,0.551801795063871,True
37,15,3160,-1367500.0,-167500.0,100.73067429105517,0.5512937497626408,True
37,16,3161,-1362500.0,-167500.0,100.77553098288824,0.5507875586834663,True
37,17,3162,-1357500.0,-167500.0,100.82038771571982,0.5502832218253138,True
37,18,3163,-1352500.0,-167500.0,100.86524448939954,0.5497807391882383,True
37,19,3164,-1347500.0,-167500.0,100.91010130377701,0.5492801107713324,True
37,20,3165,-1342500.0,-167500.0,100.95495815870186,0.5487813365746125,True
37,21,3166,-1337500.0,-167500.0,100.9998150540237,0.548284416597093,True
37,22,3167,-1332500.0,-167500.0,101.04467198959216,0.5477893508384502,True
37,23,3168,-1327500.0,-167500.0,101.08952896525683,0.5472961392983886,True
37,24,3169,-1322500.0,-167500.0,101.13438598086735,0.5468047819762442,True
37,25,3170,-1317500.0,-167500.0,101.17924303627335,0.5463152788719454,True
37,26,3171,-1312500.0,-167500.0,101.2241001313244,0.5458276299842444,True
37,27,3172,-1307500.0,-167500.0,101.26895726587016,0.5453418353131957,True
37,28,3173,-1302500.0,-167500.0,101.31381443976021,0.5448578948583297,True
37,29,3174,-1297500.0,-167500.0,101.35867165284418,0.544375808618767,True
37,30,3175,-1292500.0,-167500.0,101.40352890497167,0.5438955765946794,True
37,31,3176,-1287500.0,-167500.0,101.4483861959923,0.5434171987851489,True
37,32,3177,-1282500.0,-167500.0,101.49324352575569,0.5429406751898999,True
37,33,3178,-1277500.0,-167500.0,101.53810089411141,0.5424660058081789,True
37,34,3179,-1272500.0,-167500.0,101.58295830090911,0.541993190639866,True
37,35,3180,-1267500.0,-167500.0,101.62781574599839,0.5415222296845872,True
37,36,3181,-1262500.0,-167500.0,101.67267322922883,0.5410531229413852,True
37,37,3182,-1257500.0,-167500.0,101.71753075045007,0.5405858704103921,True
37,38,3183,-1252500.0,-167500.0,101.7623883095117,0.5401204720906595,True
37,39,3184,-1247500.0,-167500.0,101.80724590626333,0.5396569279822508,True
37,40,3185,-1242500.0,-167500.0,101.85210354055455,0.5391952380840245,True
37,41,3186,-1237500.0,-167500.0,101.89696121223497,0.5387354023963535,True
37,42,3187,-1232500.0,-167500.0,101.94181892115421,0.5382774209183098,True
37,43,3188,-1227500.0,-167500.0,101.98667666716186,0.537821293649479,True
37,44,3189,-1222500.0,-167500.0,102.03153445010749,0.5373670205895642,True
37,45,3190,-1217500.0,-167500.0,102.07639226984075,0.5369146017383071,True
37,46,3191,-1212500.0,-167500.0,102.12125012621122,0.536464037094641,True
37,47,3192,-1207500.0,-167500.0,102.16610801906847,0.5360153266588426,True
37,48,3193,-1202500.0,-167500.0,102.21096594826216,0.5355684704300885,True
37,49,3194,-1197500.0,-167500.0,102.25582391364182,0.5351234684079733,True
37,50,3195,-1192500.0,-167500.0,102.3006819150571,0.5346803205923153,True
37,51,3196,-1187500.0,-167500.0,102.34553995235756,0.5342390269822225,True
37,52,3197,-1182500.0,-167500.0,102.39039802539283,0.5337995875780769,True
37,53,3198,-1177500.0,-167500.0,102.43525613401245,0.5333620023789568,True
37,54,3199,-1172500.0,-167500.0,102.48011427806607,0.5329262713840762,True
37,55,3200,-1167500.0,-167500.0,102.52497245740324,0.5324923945938554,True
37,56,3201,-1162500.0,-167500.0,102.56983067187359,0.5320603720074791,True
37,57,3202,-1157500.0,-167500.0,102.61468892132669,0.5316302036242189,True
37,58,3203,-1152500.0,-167500.0,102.65954720561213,0.5312018894444451,True
37,59,3204,-1147500.0,-167500.0,102.7044055245795,0.5307754294666899,True
37,60,3205,-1142500.0,-167500.0,102.74926387807838,0.5303508236917226,True
37,61,3206,-1137500.0,-167500.0,102.79412226595839,0.5299280721184048,True
37,62,3207,-1132500.0,-167500.0,102.8389806880691,0.5295071747464541,True
37,63,3208,-1127500.0,-167500.0,102.88383914426011,0.5290881315759777,True
37,64,3209,-1122500.0,-167500.0,102.92869763438097,0.5286709426059916,True
37,65,3210,-1117500.0,-167500.0,102.9735561582813,0.5282556078359313,True
37,66,3211,-1112500.0,-167500.0,103.01841471581066,0.5278421272662032,True
37,67,3212,-1107500.0,-167500.0,103.06327330681866,0.5274305008958136,True
37,68,3213,-1102500.0,-167500.0,103.10813193115487,0.5270207287247505,False
37,69,3214,-1097500.0,-167500.0,103.15299058866889,0.5266128107523306,True
37,70,3215,-1092500.0,-167500.0,103.19784927921027,0.5262067469785024,True
37,71,3216,-1087500.0,-167500.0,103.24270800262863,0.5258025374022416,True
37,72,3217,-1082500.0,-167500.0,103.28756675877351,0.5254001820240406,False
37,73,3218,-1077500.0,-167500.0,103.33242554749454,0.5249996808430585,True
37,74,3219,-1072500.0,-167500.0,103.37728436864124,0.524601033859019,True
37,75,3220,-1067500.0,-167500.0,103.42214322206324,0.5242042410717227,False
37,76,3221,-1062500.0,-167500.0,103.4670021076101,0.5238093024802697,False
37,77,3222,-1057500.0,-167500.0,103.5118610251314,0.5234162180848096,False
37,78,3223,-1052500.0,-167500.0,103.5567199744767,0.5230249878847729,False
37,79,3224,-1047500.0,-167500.0,103.60157895549563,0.5226356118800071,False
37,80,3225,-1042500.0,-167500.0,103.64643796803769,0.5222480900698145,False
37,81,3226,-1037500.0,-167500.0,103.6912970119525,0.5218624224541202,False
37,82,3227,-1032500.0,-167500.0,103.73615608708964,0.5214786090327219,False
37,83,3228,-1027500.0,-167500.0,103.78101519329867,0.5210966498048722,False
37,84,3229,-1022500.0,-167500.0,103.82587433042916,0.5207165447704166,False
38,0,3230,-1442500.0,-162500.0,100.0583589017012,0.6043846857493955,False
38,1,3231,-1437500.0,-162500.0,100.10321312405108,0.6038506771199513,False
38,2,3232,-1432500.0,-162500.0,100.14806738964971,0.6033185227378712,False
38,3,3233,-1427500.0,-162500.0,100.1929216983468,0.6027882226024976,False
38,4,3234,-1422500.0,-162500.0,100.23777604999195,0.6022597767135821,True
38,5,3235,-1417500.0,-162500.0,100.28263044443484,0.6017331850702634,True
38,6,3236,-1412500.0,-162500.0,100.32748488152514,0.6012084476718856,True
38,7,3237,-1407500.0,-162500.0,100.37233936111245,0.6006855645185022,True
38,8,3238,-1402500.0,-162500.0,100.41719388304645,0.6001645356088637,True
38,9,3239,-1397500.0,-162500.0,100.46204844717677,0.5996453609426065,True
38,10,3240,-1392500.0,-162500.0,100.50690305335308,0.5991280405196973,True
38,11,3241,-1387500.0,-162500.0,100.55175770142499,0.5986125743383817,True
38,12,3242,-1382500.0,-162500.0,100.59661239124219,0.5980989623995315,True
38,13,3243,-1377500.0,-162500.0,100.64146712265429,0.5975872047016947,True
38,14,3244,-1372500.0,-162500.0,100.68632189551094,0.5970773012445075,True
38,15,3245,-1367500.0,-162500.0,100.73117670966178,0.59656925202753,True
38,16,3246,-1362500.0,-162500.0,100.77603156495647,0.5960630570502922,True
38,17,3247,-1357500.0,-162500.0,100.82088646124463,0.5955587163118188,True
38,18,3248,-1352500.0,-162500.0,100.86574139837592,0.5950562298123312,True
38,19,3249,-1347500.0,-162500.0,100.91059637619995,0.5945555975506213,True
38,20,3250,-1342500.0,-162500.0,100.95545139456638,0.5940568195266086,True
38,21,3251,-1337500.0,-162500.0,101.00030645332482,0.5935598957393282,True
38,22,3252,-1332500.0,-162500.0,101.04516155232496,0.5930648261885357,True
38,23,3253,-1327500.0,-162500.0,101.0900166914164,0.5925716108737905,True
38,24,3254,-1322500.0,-162500.0,101.13487187044875,0.5920802497942652,True
38,25,3255,-1317500.0,-162500.0,101.1797270892717,0.591590742949695,True
38,26,3256,-1312500.0,-162500.0,101.22458234773484,0.5911030903395242,True
38,27,3257,-1307500.0,-162500.0,101.26943764568783,0.5906172919633814,True
38,28,3258,-1302500.0,-162500.0,101.31429298298028,0.5901333478203612,True
38,29,3259,-1297500.0,-162500.0,101.35914835946183,0.589651257910258,True
38,30,3260,-1292500.0,-162500.0,101.40400377498212,0.5891710222328268,True
38,31,3261,-1287500.0,-162500.0,101.44885922939075,0.5886926407867541,True
38,32,3262,-1282500.0,-162500.0,101.49371472253739,0.5882161135724567,True
38,33,3263,-1277500.0,-162500.0,101.53857025427163,0.5877414405886786,True
38,34,3264,-1272500.0,-162500.0,101.58342582444313,0.5872686218353217,True
38,35,3265,-1267500.0,-162500.0,101.62828143290149,0.5867976573121031,True
38,36,3266,-1262500.0,-162500.0,101.67313707949633,0.5863285470182238,True
38,37,3267,-1257500.0,-162500.0,101.71799276407732,0.5858612909530508,True
38,38,3268,-1252500.0,-162500.0,101.76284848649402,0.5853958891164274,True
38,39,3269,-1247500.0,-162500.0,101.8077042465961,0.5849323415077204,True
38,40,3270,-1242500.0,-162500.0,101.85256004423317,0.5844706481267536,True
38,41,3271,-1237500.0,-162500.0,101.89741587925486,0.5840108089722811,True
38,42,3272,-1232500.0,-162500.0,101.94227175151077,0.5835528240447975,True
38,43,3273,-1227500.0,-162500.0,101.98712766085055,0.5830966933429985,True
38,44,3274,-1222500.0,-162500.0,102.03198360712378,0.582642416867107,True
38,45,3275,-1217500.0,-162500.0,102.0768395901801,0.582189994616353,True
38,46,3276,-1212500.0,-162500.0,102.12169560986912,0.5817394265900645,True
38,47,3277,-1207500.0,-162500.0,102.16655166604049,0.58129071278787,True
38,48,3278,-1202500.0,-162500.0,102.21140775854377,0.5808438532097588,True
38,49,3279,-1197500.0,-162500.0,102.25626388722863,0.5803988478546983,True
38,50,3280,-1192500.0,-162500.0,102.30112005194465,0.5799556967224827,True
38,51,3281,-1187500.0,-162500.0,102.34597625254146,0.5795143998128282,True
38,52,3282,-1182500.0,-162500.0,102.39083248886865,0.5790749571249354,True
38,53,3283,-1177500.0,-162500.0,102.43568876077588,0.5786373686586955,True
38,54,3284,-1172500.0,-162500.0,102.48054506811273,0.5782016344136688,True
38,55,3285,-1167500.0,-162500.0,102.52540141072879,0.5777677543888224,True
38,56,3286,-1162500.0,-162500.0,102.57025778847373,0.5773357285843973,True
38,57,3287,-1157500.0,-162500.0,102.6151142011971,0.5769055569996514,True
38,58,3288,-1152500.0,-162500.0,102.65997064874854,0.5764772396342033,True
38,59,3289,-1147500.0,-162500.0,102.70482713097766,0.5760507764879825,True
38,60,3290,-1142500.0,-162500.0,102.74968364773406,0.5756261675598476,True
38,61,3291,-1137500.0,-162500.0,102.79454019886734,0.5752034128498836,True
38,62,3292,-1132500.0,-162500.0,102.83939678422712,0.5747825123573091,True
38,63,3293,-1127500.0,-162500.0,102.88425340366301,0.5743634660821015,True
38,64,3294,-1122500.0,-162500.0,102.92911005702459,0.5739462740233041,True
38,65,3295,-1117500.0,-162500.0,102.97396674416149,0.5735309361813802,True
38,66,3296,-1112500.0,-162500.0,103.0188234649233,0.5731174525552947,True
38,67,3297,-1107500.0,-162500.0,103.06368021915964,0.5727058231444306,True
38,68,3298,-1102500.0,-162500.0,103.10853700672007,0.5722960479490372,False
38,69,3299,-1097500.0,-162500.0,103.15339382745424,0.5718881269679038,True
38,70,3300,-1092500.0,-162500.0,103.19825068121173,0.5714820602014823,True
38,71,3301,-1087500.0,-162500.0,103.24310756784213,0.5710778476488445,True
38,72,3302,-1082500.0,-162500.0,103.28796448719507,0.5706754893095077,True
38,73,3303,-1077500.0,-162500.0,103.33282143912012,0.5702749851836235,False
38,74,3304,-1072500.0,-162500.0,103.3776784234669,0.5698763352701544,False
38,75,3305,-1067500.0,-162500.0,103.42253544008499,0.5694795395688903,False
38,76,3306,-1062500.0,-162500.0,103.46739248882399,0.5690845980798447,False
38,77,3307,-1057500.0,-162500.0,103.51224956953351,0.5686915108022235,False
38,78,3308,-1052500.0,-162500.0,103.55710668206312,0.5683002777356698,False
38,79,3309,-1047500.0,-162500.0,103.60196382626243,0.5679108988797485,False
38,80,3310,-1042500.0,-162500.0,103.64682100198107,0.5675233742347153,False
38,81,3311,-1037500.0,-162500.0,103.69167820906858,0.5671377037991425,False
38,82,3312,-1032500.0,-162500.0,103.73653544737455,0.5667538875733145,False
38,83,3313,-1027500.0,-162500.0,103.78139271674863,0.5663719255568821,False
38,84,3314,-1022500.0,-162500.0,103.82625001704037,0.5659918177492341,False
39,0,3315,-1442500.0,-157500.0,100.05888882436764,0.649662470151849,False
39,1,3316,-1437500.0,-157500.0,100.10374121040722,0.649128457029718,False
39,2,3317,-1432500.0,-157500.0,100.14859363969026,0.6485962981740748,False
39,3,3318,-1427500.0,-157500.0,100.19344611206645,0.6480659935846984,False
39,4,3319,-1422500.0,-157500.0,100.23829862738543,0.6475375432609208,True
39,5,3320,-1417500.0,-157500.0,100.28315118549692,0.647010947202298,True
39,6,3321,-1412500.0,-157500.0,100.32800378625053,0.6464862054078706,True
39,7,3322,-1407500.0,-157500.0,100.37285642949597,0.6459633178774682,True
39,8,3323,-1402500.0,-157500.0,100.41770911508289,0.6454422846099669,True
39,9,3324,-1397500.0,-157500.0,100.46256184286095,0.6449231056054103,True
39,10,3325,-1392500.0,-157500.0,100.50741461267982,0.6444057808625593,True
39,11,3326,-1387500.0,-157500.0,100.55226742438917,0.6438903103811275,True
39,12,3327,-1382500.0,-157500.0,100.59712027783867,0.6433766941605081,True
39,13,3328,-1377500.0,-157500.0,100.64197317287794,0.6428649322001917,True
39,14,3329,-1372500.0,-157500.0,100.6868261093567,0.642355024499417,True
39,15,3330,-1367500.0,-157500.0,100.73167908712458,0.6418469710580154,True
39,16,3331,-1362500.0,-157500.0,100.77653210603123,0.6413407718748664,True
39,17,3332,-1357500.0,-157500.0,100.82138516592633,0.6408364269495397,True
39,18,3333,-1352500.0,-157500.0,100.86623826665952,0.6403339362815179,True
39,19,3334,-1347500.0,-157500.0,100.91109140808048,0.6398332998705077,True
39,20,3335,-1342500.0,-157500.0,100.95594459003885,0.6393345177156325,True
39,21,3336,-1337500.0,-157500.0,101.00079781238429,0.6388375898162099,True
39,22,3337,-1332500.0,-157500.0,101.04565107496646,0.6383425161721231,True
39,23,3338,-1327500.0,-157500.0,101.090504377635,0.6378492967827393,True
39,24,3339,-1322500.0,-157500.0,101.13535772023958,0.6373579316469977,True
39,25,3340,-1317500.0,-157500.0,101.18021110262983,0.6368684207647136,True
39,26,3341,-1312500.0,-157500.0,101.22506452465544,0.6363807641353331,True
39,27,3342,-1307500.0,-157500.0,101.26991798616602,0.6358949617583213,True
39,28,3343,-1302500.0,-157500.0,101.31477148701123,0.6354110136331538,True
39,29,3344,-1297500.0,-157500.0,101.35962502704075,0.6349289197592184,True
39,30,3345,-1292500.0,-157500.0,101.40447860610419,0.6344486801359235,True
39,31,3346,-1287500.0,-157500.0,101.44933222405123,0.6339702947626956,True
39,32,3347,-1282500.0,-157500.0,101.49418588073148,0.6334937636391773,True
39,33,3348,-1277500.0,-157500.0,101.53903957599462,0.633019086764747,True
39,34,3349,-1272500.0,-157500.0,101.58389330969027,0.6325462641390757,True
39,35,3350,-1267500.0,-157500.0,101.6287470816681,0.6320752957615338,True
39,36,3351,-1262500.0,-157500.0,101.67360089177772,0.6316061816311402,True
39,37,3352,-1257500.0,-157500.0,101.71845473986882,0.6311389217480534,True
39,38,3353,-1252500.0,-157500.0,101.76330862579098,0.6306735161109916,True
39,39,3354,-1247500.0,-157500.0,101.80816254939391,0.6302099647206969,True
39,40,3355,-1242500.0,-157500.0,101.85301651052721,0.6297482675752846,True
39,41,3356,-1237500.0,-157500.0,101.89787050904052,0.6292884246750204,True
39,42,3357,-1232500.0,-157500.0,101.9427245447835,0.6288304360193523,True
39,43,3358,-1227500.0,-157500.0,101.98757861760576,0.6283743016073015,True
39,44,3359,-1222500.0,-157500.0,102.03243272735696,0.6279200214388708,True
39,45,3360,-1217500.0,-157500.0,102.07728687388673,0.6274675955132852,True
39,46,3361,-1212500.0,-157500.0,102.12214105704473,0.627017023830315,True
39,47,3362,-1207500.0,-157500.0,102.16699527668054,0.6265683063892432,True
39,48,3363,-1202500.0,-157500.0,102.21184953264384,0.6261214431895582,True
39,49,3364,-1197500.0,-157500.0,102.25670382478425,0.6256764342311948,True
39,50,3365,-1192500.0,-157500.0,102.30155815295142,0.6252332795130581,True
39,51,3366,-1187500.0,-157500.0,102.34641251699496,0.6247919790349762,True
39,52,3367,-1182500.0,-157500.0,102.39126691676451,0.6243525327965539,True
39,53,3368,-1177500.0,-157500.0,102.43612135210968,0.6239149407971338,True
39,54,3369,-1172500.0,-157500.0,102.48097582288014,0.6234792030359414,True
39,55,3370,-1167500.0,-157500.0,102.52583032892551,0.6230453195133692,True
39,56,3371,-1162500.0,-157500.0,102.5706848700954,0.6226132902281275,True
39,57,3372,-1157500.0,-157500.0,102.61553944623945,0.6221831151800838,True
39,58,3373,-1152500.0,-157500.0,102.6603940572073,0.6217547943688236,True
39,59,3374,-1147500.0,-157500.0,102.70524870284854,0.6213283277939228,True
39,60,3375,-1142500.0,-157500.0,102.75010338301284,0.6209037154546165,True
39,61,3376,-1137500.0,-157500.0,102.7949580975498,0.6204809573507628,True
39,62,3377,-1132500.0,-157500.0,102.83981284630904,0.6200600534815967,True
39,63,3378,-1127500.0,-157500.0,102.8846676291402,0.6196410038470055,True
39,64,3379,-1122500.0,-157500.0,102.9295224458929,0.6192238084462723,True
39,65,3380,-1117500.0,-157500.0,102.97437729641676,0.6188084672791098,True
39,66,3381,-1112500.0,-157500.0,103.0192321805614,0.6183949803450539,False
39,67,3382,-1107500.0,-157500.0,103.06408709817646,0.6179833476435347,True
39,68,3383,-1102500.0,-157500.0,103.10894204911155,0.6175735691745067,False
39,69,3384,-1097500.0,-157500.0,103.15379703321626,0.6171656449370103,True
39,70,3385,-1092500.0,-157500.0,103.19865205034024,0.6167595749308934,True
39,71,3386,-1087500.0,-157500.0,103.24350710033313,0.6163553591555266,True
39,72,3387,-1082500.0,-157500.0,103.2883621830445,0.6159529976108158,True
39,73,3388,-1077500.0,-157500.0,103.33321729832399,0.6155524902958983,False
39,74,3389,-1072500.0,-157500.0,103.37807244602122,0.6151538372107479,False
39,75,3390,-1067500.0,-157500.0,103.4229276259858,0.6147570383545989,False
39,76,3391,-1062500.0,-157500.0,103.46778283806736,0.6143620937272983,False
39,77,3392,-1057500.0,-157500.0,103.5126380821155,0.6139690033284013,False
39,78,3393,-1052500.0,-157500.0,103.55749335797984,0.6135777671576088,False
39,79,3394,-1047500.0,-157500.0,103.60234866550998,0.6131883852139794,False
39,80,3395,-1042500.0,-157500.0,103.64720400455555,0.6128008574975933,False
39,81,3396,-1037500.0,-157500.0,103.69205937496615,0.6124151840079268,False
39,82,3397,-1032500.0,-157500.0,103.7369147765914,0.6120313647444571,False
39,83,3398,-1027500.0,-157500.0,103.78177020928091,0.6116493997070299,False
39,84,3399,-1022500.0,-157500.0,103.8266256728843,0.6112692888950051,False
40,0,3400,-1442500.0,-152500.0,100.05941870364026,0.694942503648908,False
40,1,3401,-1437500.0,-152500.0,100.10426925351989,0.6944084857089304,False
40,2,3402,-1432500.0,-152500.0,100.14911984663767,0.693876322056318,False
40,3,3403,-1427500.0,-152500.0,100.19397048284328,0.693346012690148,False
40,4,3404,-1422500.0,-152500.0,100.23882116198645,0.6928175576101296,False
40,5,3405,-1417500.0,-152500.0,100.28367188391684,0.6922909568157305,True
40,6,3406,-1412500.0,-152500.0,100.32852264848414,0.6917662103060976,True
40,7,3407,-1407500.0,-152500.0,100.37337345553802,0.6912433180803973,True
40,8,3408,-1402500.0,-152500.0,100.41822430492819,0.6907222801380891,True
40,9,3409,-1397500.0,-152500.0,100.46307519650432,0.6902030964788075,True
40,10,3410,-1392500.0,-152500.0,100.5079261301161,0.6896857671018568,True
40,11,3411,-1387500.0,-152500.0,100.55277710561322,0.6891702920063381,True
40,12,3412,-1382500.0,-152500.0,100.59762812284532,0.688656671191644,True
40,13,3413,-1377500.0,-152500.0,100.64247918166214,0.6881449046576058,True
40,14,3414,-1372500.0,-152500.0,100.68733028191333,0.6876349924029364,True
40,15,3415,-1367500.0,-152500.0,100.73218142344857,0.6871269344277502,True
40,16,3416,-1362500.0,-152500.0,100.77703260611754,0.6866207307308583,True
40,17,3417,-1357500.0,-152500.0,100.82188382976992,0.6861163813117239,True
40,18,3418,-1352500.0,-152500.0,100.86673509425539,0.6856138861701708,True
40,19,3419,-1347500.0,-152500.0,100.91158639942361,0.6851132453050507,True
40,20,3420,-1342500.0,-152500.0,100.95643774512426,0.6846144587160027,True
40,21,3421,-1337500.0,-152500.0,101.00128913120703,0.684117526402473,True
40,22,3422,-1332500.0,-152500.0,101.04614055752157,0.6836224483636933,True
40,23,3423,-1327500.0,-152500.0,101.09099202391758,0.6831292245991878,True
40,24,3424,-1322500.0,-152500.0,101.13584353024471,0.6826378551084324,True
40,25,3425,-1317500.0,-152500.0,101.18069507635263,0.682148339890641,True
40,26,3426,-1312500.0,-152500.0,101.22554666209103,0.6816606789452806,True
40,27,3427,-1307500.0,-152500.0,101.27039828730958,0.6811748722719544,True
40,28,3428,-1302500.0,-152500.0,101.31524995185792,0.6806909198700232,True
40,29,3429,-1297500.0,-152500.0,101.36010165558574,0.680208821738751,True
40,30,3430,-1292500.0,-152500.0,101.40495339834268,0.6797285778778491,True
40,31,3431,-1287500.0,-152500.0,101.44980517997845,0.6792501882862902,True
40,32,3432,-1282500.0,-152500.0,101.4946570003427,0.678773652963748,True
40,33,3433,-1277500.0,-152500.0,101.53950885928508,0.6782989719101484,True
40,34,3434,-1272500.0,-152500.0,101.58436075665524,0.6778261451241445,True
40,35,3435,-1267500.0,-152500.0,101.62921269230289,0.6773551726053326,True
40,36,3436,-1262500.0,-152500.0,101.67406466607765,0.6768860543535523,True
40,37,3437,-1257500.0,-152500.0,101.71891667782921,0.676418790367944,True
40,38,3438,-1252500.0,-152500.0,101.76376872740721,0.6759533806480267,True
40,39,3439,-1247500.0,-152500.0,101.80862081466132,0.6754898251930772,True
40,40,3440,-1242500.0,-152500.0,101.85347293944122,0.6750281240032479,True
40,41,3441,-1237500.0,-152500.0,101.89832510159653,0.6745682770769792,True
40,42,3442,-1232500.0,-152500.0,101.94317730097691,0.6741102844142877,True
40,43,3443,-1227500.0,-152500.0,101.98802953743206,0.6736541460146166,True
40,44,3444,-1222500.0,-152500.0,102.03288181081159,0.6731998618775059,True
40,45,3445,-1217500.0,-152500.0,102.07773412096516,0.6727474320021177,True
40,46,3446,-1212500.0,-152500.0,102.12258646774247,0.6722968563884786,True
40,47,3447,-1207500.0,-152500.0,102.16743885099314,0.6718481350351184,True
40,48,3448,-1202500.0,-152500.0,102.2122912705668,0.6714012679422499,True
40,49,3449,-1197500.0,-152500.0,102.25714372631315,0.6709562551096183,True
40,50,3450,-1192500.0,-152500.0,102.30199621808181,0.6705130965356672,True
40,51,3451,-1187500.0,-152500.0,102.34684874572244,0.6700717922209782,True
40,52,3452,-1182500.0,-152500.0,102.3917013090847,0.6696323421642771,True
40,53,3453,-1177500.0,-152500.0,102.43655390801823,0.669194746365291,True
40,54,3454,-1172500.0,-152500.0,102.48140654237267,0.6687590048238345,True
40,55,3455,-1167500.0,-152500.0,102.52625921199768,0.6683251175388084,True
40,56,3456,-1162500.0,-152500.0,102.57111191674292,0.6678930845100471,True
40,57,3457,-1157500.0,-152500.0,102.61596465645802,0.6674629057371231,True
40,58,3458,-1152500.0,-152500.0,102.66081743099262,0.6670345812195307,True
40,59,3459,-1147500.0,-152500.0,102.70567024019638,0.6666081109565309,True
40,60,3460,-1142500.0,-152500.0,102.75052308391895,0.6661834949477355,True
40,61,3461,-1137500.0,-152500.0,102.79537596200996,0.6657607331929501,True
40,62,3462,-1132500.0,-152500.0,102.84022887431904,0.6653398256912032,True
40,63,3463,-1127500.0,-152500.0,102.88508182069587,0.6649207724423007,True
40,64,3464,-1122500.0,-152500.0,102.92993480099005,0.6645035734456315,True
40,65,3465,-1117500.0,-152500.0,102.97478781505126,0.6640882287007973,False
40,66,3466,-1112500.0,-152500.0,103.01964086272913,0.6636747382070894,False
40,67,3467,-1107500.0,-152500.0,103.06449394387329,0.6632631019646839,False
40,68,3468,-1102500.0,-152500.0,103.10934705833337,0.6628533199725806,True
40,69,3469,-1097500.0,-152500.0,103.15420020595901,0.6624453922302066,True
40,70,3470,-1092500.0,-152500.0,103.1990533865999,0.6620393187374761,True
40,71,3471,-1087500.0,-152500.0,103.2439066001056,0.661635099493632,True
40,72,3472,-1082500.0,-152500.0,103.2887598463258,0.6612327344985197,False
40,73,3473,-1077500.0,-152500.0,103.33361312511013,0.660832223751412,False
40,74,3474,-1072500.0,-152500.0,103.37846643630822,0.6604335672518238,False
40,75,3475,-1067500.0,-152500.0,103.42331977976967,0.6600367649994455,False
40,76,3476,-1062500.0,-152500.0,103.46817315534415,0.6596418169940746,False
40,77,3477,-1057500.0,-152500.0,103.5130265628813,0.6592487232345458,False
40,78,3478,-1052500.0,-152500.0,103.55788000223072,0.6588574837212301,False
40,79,3479,-1047500.0,-152500.0,103.60273347324208,0.6584680984531276,False
40,80,3480,-1042500.0,-152500.0,103.647586975765,0.6580805674298413,False
40,81,3481,-1037500.0,-152500.0,103.69244050964909,0.6576948906513825,False
40,82,3482,-1032500.0,-152500.0,103.737294074744,0.6573110681165374,False
40,83,3483,-1027500.0,-152500.0,103.78214767089935,0.6569290998258419,False
40,84,3484,-1022500.0,-152500.0,103.82700129796476,0.6565489857781998,False
41,0,3485,-1442500.0,-147500.0,100.05994853952443,0.7402248138244965,False
41,1,3486,-1437500.0,-147500.0,100.10479725339441,0.7396907907417571,False
41,2,3487,-1432500.0,-147500.0,100.14964601049724,0.7391586219680114,False
41,3,3488,-1427500.0,-147500.0,100.1944948106826,0.7386283075025782,False
41,4,3489,-1422500.0,-147500.0,100.23934365380023,0.7380998473450299,True
41,5,3490,-1417500.0,-147500.0,100.28419253969984,0.7375732414939957,True
41,6,3491,-1412500.0,-147500.0,100.32904146823113,0.737048489949633,True
41,7,3492,-1407500.0,-147500.0,100.37389043924378,0.7365255927107769,True
41,8,3493,-1402500.0,-147500.0,100.41873945258752,0.7360045497766523,True
41,9,3494,-1397500.0,-147500.0,100.46358850811203,0.7354853611472918,True
41,10,3495,-1392500.0,-147500.0,100.50843760566703,0.7349680268207741,True
41,11,3496,-1387500.0,-147500.0,100.55328674510223,0.7344525467978232,True
41,12,3497,-1382500.0,-147500.0,100.5981359262673,0.7339389210766559,True
41,13,3498,-1377500.0,-147500.0,100.64298514901196,0.7334271496570927,True
41,14,3499,-1372500.0,-147500.0,100.68783441318591,0.7329172325387028,True
41,15,3500,-1367500.0,-147500.0,100.73268371863884,0.7324091697201219,True
41,16,3501,-1362500.0,-147500.0,100.77753306522045,0.7319029612016114,True
41,17,3502,-1357500.0,-147500.0,100.82238245278042,0.7313986069817592,True
41,18,3503,-1352500.0,-147500.0,100.86723188116848,0.7308961070604381,True
41,19,3504,-1347500.0,-147500.0,100.91208135023429,0.7303954614366756,True
41,20,3505,-1342500.0,-147500.0,100.95693085982755,0.7298966701099663,True
41,21,3506,-1337500.0,-147500.0,101.00178040979797,0.7293997330796692,True
41,22,3507,-1332500.0,-147500.0,101.04662999999523,0.7289046503451732,True
41,23,3508,-1327500.0,-147500.0,101.09147963026903,0.728411421905605,True
41,24,3509,-1322500.0,-147500.0,101.13632930046906,0.7279200477607822,True
41,25,3510,-1317500.0,-147500.0,101.18117901044498,0.7274305279096381,True
41,26,3511,-1312500.0,-147500.0,101.22602876004652,0.7269428623517779,True
41,27,3512,-1307500.0,-147500.0,101.27087854912332,0.7264570510865922,True
41,28,3513,-1302500.0,-147500.0,101.31572837752512,0.7259730941134446,True
41,29,3514,-1297500.0,-147500.0,101.36057824510158,0.7254909914315615,True
41,30,3515,-1292500.0,-147500.0,101.40542815170238,0.7250107430406666,True
41,31,3516,-1287500.0,-147500.0,101.45027809717722,0.7245323489396478,True
41,32,3517,-1282500.0,-147500.0,101.49512808137577,0.7240558091284331,True
41,33,3518,-1277500.0,-147500.0,101.53997810414774,0.7235811236063688,True
41,34,3519,-1272500.0,-147500.0,101.58482816534276,0.7231082923722268,True
41,35,3520,-1267500.0,-147500.0,101.62967826481055,0.7226373154262777,True
41,36,3521,-1262500.0,-147500.0,101.67452840240081,0.7221681927671586,True
41,37,3522,-1257500.0,-147500.0,101.71937857796316,0.7217009243949364,True
41,38,3523,-1252500.0,-147500.0,101.76422879134734,0.7212355103085113,True
41,39,3524,-1247500.0,-147500.0,101.80907904240297,0.7207719505076793,True
41,40,3525,-1242500.0,-147500.0,101.8539293309798,0.7203102449916041,True
41,41,3526,-1237500.0,-147500.0,101.89877965692745,0.7198503937599461,True
41,42,3527,-1232500.0,-147500.0,101.9436300200956,0.7193923968116658,True
41,43,3528,-1227500.0,-147500.0,101.98848042033394,0.7189362541467542,True
41,44,3529,-1222500.0,-147500.0,102.03333085749215,0.718481965764368,True
41,45,3530,-1217500.0,-147500.0,102.0781813314199,0.7180295316641002,True
41,46,3531,-1212500.0,-147500.0,102.12303184196685,0.7175789518450395,True
41,47,3532,-1207500.0,-147500.0,102.16788238898269,0.7171302263069746,True
41,48,3533,-1202500.0,-147500.0,102.21273297231708,0.7166833550490532,True
41,49,3534,-1197500.0,-147500.0,102.2575835918197,0.7162383380711329,True
41,50,3535,-1192500.0,-147500.0,102.30243424734022,0.715795175372206,True
41,51,3536,-1187500.0,-147500.0,102.34728493872831,0.7153538669518785,True
41,52,3537,-1182500.0,-147500.0,102.3921356658336,0.7149144128097752,True
41,53,3538,-1177500.0,-147500.0,102.43698642850583,0.7144768129452594,True
41,54,3539,-1172500.0,-147500.0,102.48183722659462,0.714041067357714,True
41,55,3540,-1167500.0,-147500.0,102.52668805994966,0.7136071760467846,True
41,56,3541,-1162500.0,-147500.0,102.57153892842058,0.7131751390115819,True
41,57,3542,-1157500.0,-147500.0,102.61638983185708,0.71274495625186,True
41,58,3543,-1152500.0,-147500.0,102.6612407701088,0.7123166277671573,True
41,59,3544,-1147500.0,-147500.0,102.70609174302544,0.7118901535565773,True
41,60,3545,-1142500.0,-147500.0,102.75094275045662,0.7114655336200385,True
41,61,3546,-1137500.0,-147500.0,102.79579379225203,0.7110427679569358,True
41,62,3547,-1132500.0,-147500.0,102.84064486826132,0.7106218565660608,True
41,63,3548,-1127500.0,-147500.0,102.88549597833415,0.7102027994479951,True
41,64,3549,-1122500.0,-147500.0,102.9303471223202,0.7097855966015024,False
41,65,3550,-1117500.0,-147500.0,102.9751983000691,0.709370248026405,False
41,66,3551,-1112500.0,-147500.0,103.02004951143054,0.7089567537220898,True
41,67,3552,-1107500.0,-147500.0,103.06490075625416,0.7085451136876996,False
41,68,3553,-1102500.0,-147500.0,103.10975203438962,0.7081353279233403,False
41,69,3554,-1097500.0,-147500.0,103.15460334568658,0.7077273964278833,False
41,70,3555,-1092500.0,-147500.0,103.1994546899947,0.7073213192015422,False
41,71,3556,-1087500.0,-147500.0,103.24430606716362,0.7069170962434219,False
41,72,3557,-1082500.0,-147500.0,103.289157477043,0.7065147275528222,False
41,73,3558,-1077500.0,-147500.0,103.33400891948251,0.7061142131298698,False
41,74,3559,-1072500.0,-147500.0,103.37886039433178,0.7057155529733103,False
41,75,3560,-1067500.0,-147500.0,103.4237119014405,0.7053187470833095,False
41,76,3561,-1062500.0,-147500.0,103.46856344065829,0.7049237954590415,False
41,77,3562,-1057500.0,-147500.0,103.51341501183481,0.7045306981001859,False
41,78,3563,-1052500.0,-147500.0,103.5582666148197,0.7041394550062191,False
41,79,3564,-1047500.0,-147500.0,103.60311824946264,0.7037500661765681,False
41,80,3565,-1042500.0,-147500.0,103.64796991561326,0.7033625316109908,False
41,81,3566,-1037500.0,-147500.0,103.69282161312121,0.702976851308458,False
41,82,3567,-1032500.0,-147500.0,103.73767334183614,0.702593025269302,False
41,83,3568,-1027500.0,-147500.0,103.7825251016077,0.7022110534928335,False
41,84,3569,-1022500.0,-147500.0,103.82737689228553,0.7018309359781503,False
42,0,3570,-1442500.0,-142500.0,100.06047833202545,0.7855094282719793,False
42,1,3571,-1437500.0,-142500.0,100.10532521003607,0.7849753997215325,False
42,2,3572,-1432500.0,-142500.0,100.15017213127423,0.7844432255030432,False
42,3,3573,-1427500.0,-142500.0,100.19501909558966,0.7839129056153137,True
42,4,3574,-1422500.0,-142500.0,100.23986610283205,0.7833844400582157,True
42,5,3575,-1417500.0,-142500.0,100.28471315285118,0.7828578288306792,True
42,6,3576,-1412500.0,-142500.0,100.32956024549675,0.7823330719319757,True
42,7,3577,-1407500.0,-142500.0,100.37440738061846,0.7818101693615033,True
42,8,3578,-1402500.0,-142500.0,100.41925455806607,0.7812891211188837,True
42,9,3579,-1397500.0,-142500.0,100.46410177768927,0.7807699272026041,True
42,10,3580,-1392500.0,-142500.0,100.5089490393378,0.7802525876125017,True
42,11,3581,-1387500.0,-142500.0,100.55379634286136,0.7797371023475216,True
42,12,3582,-1382500.0,-142500.0,100.59864368810969,0.7792234714073669,True
42,13,3583,-1377500.0,-142500.0,100.64349107493251,0.7787116947913043,True
42,14,3584,-1372500.0,-142500.0,100.68833850317951,0.7782017724982906,True
42,15,3585,-1367500.0,-142500.0,100.73318597270043,0.7776937045278465,True
42,16,3586,-1362500.0,-142500.0,100.77803348334497,0.7771874908795521,True
42,17,3587,-1357500.0,-142500.0,100.82288103496286,0.7766831315519385,True
42,18,3588,-1352500.0,-142500.0,100.8677286274038,0.7761806265449758,True
42,19,3589,-1347500.0,-142500.0,100.91257626051753,0.7756799758581301,True
42,20,3590,-1342500.0,-142500.0,100.95742393415371,0.7751811794899433,True
42,21,3591,-1337500.0,-142500.0,101.00227164816208,0.7746842374406027,True
42,22,3592,-1332500.0,-142500.0,101.04711940239237,0.7741891497089725,True
42,23,3593,-1327500.0,-142500.0,101.09196719669427,0.7736959162940936,True
42,24,3594,-1322500.0,-142500.0,101.13681503091748,0.7732045371960474,True
42,25,3595,-1317500.0,-142500.0,101.18166290491172,0.77271501241375,True
42,26,3596,-1312500.0,-142500.0,101.22651081852669,0.7722273419464569,True
42,27,3597,-1307500.0,-142500.0,101.2713587716121,0.7717415257937077,True
42,28,3598,-1302500.0,-142500.0,101.31620676401766,0.7712575639546628,True
42,29,3599,-1297500.0,-142500.0,101.36105479559308,0.7707754564289302,True
42,30,3600,-1292500.0,-142500.0,101.40590286618804,0.7702952032156434,True
42,31,3601,-1287500.0,-142500.0,101.45075097565227,0.7698168043141876,True
42,32,3602,-1282500.0,-142500.0,101.49559912383546,0.7693402597241829,True
42,33,3603,-1277500.0,-142500.0,101.5404473105873,0.7688655694445014,True
42,34,3604,-1272500.0,-142500.0,101.58529553575751,0.7683927334748031,True
42,35,3605,-1267500.0,-142500.0,101.63014379919578,0.7679217518148261,True
42,36,3606,-1262500.0,-142500.0,101.67499210075181,0.7674526244631529,True
42,37,3607,-1257500.0,-142500.0,101.71984044027532,0.7669853514195423,True
42,38,3608,-1252500.0,-142500.0,101.76468881761596,0.7665199326835883,True
42,39,3609,-1247500.0,-142500.0,101.80953723262347,0.7660563682546238,True
42,40,3610,-1242500.0,-142500.0,101.85438568514753,0.7655946581318059,True
42,41,3611,-1237500.0,-142500.0,101.89923417503783,0.7651348023142742,True
42,42,3612,-1232500.0,-142500.0,101.94408270214407,0.7646768008019263,True
42,43,3613,-1227500.0,-142500.0,101.98893126631596,0.7642206535941262,True
42,44,3614,-1222500.0,-142500.0,102.03377986740318,0.7637663606901598,True
42,45,3615,-1217500.0,-142500.0,102.07862850525541,0.7633139220892854,True
42,46,3616,-1212500.0,-142500.0,102.12347717972234,0.7628633377909553,True
42,47,3617,-1207500.0,-142500.0,102.1683258906537,0.762414607794642,True
42,48,3618,-1202500.0,-142500.0,102.21317463789914,0.7619677320996538,True
42,49,3619,-1197500.0,-142500.0,102.25802342130837,0.7615227107056685,True
42,50,3620,-1192500.0,-142500.0,102.30287224073108,0.761079543612082,True
42,51,3621,-1187500.0,-142500.0,102.34772109601693,0.7606382308178151,True
42,52,3622,-1182500.0,-142500.0,102.39256998701565,0.7601987723229356,True
42,53,3623,-1177500.0,-142500.0,102.43741891357688,0.7597611681264429,True
42,54,3624,-1172500.0,-142500.0,102.48226787555033,0.7593254182278031,True
42,55,3625,-1167500.0,-142500.0,102.52711687278571,0.7588915226265608,False
42,56,3626,-1162500.0,-142500.0,102.57196590513266,0.7584594813222513,False
42,57,3627,-1157500.0,-142500.0,102.61681497244089,0.7580292943140012,False
42,58,3628,-1152500.0,-142500.0,102.66166407456008,0.7576009616011526,False
42,59,3629,-1147500.0,-142500.0,102.70651321133991,0.757174483183738,False
42,60,3630,-1142500.0,-142500.0,102.75136238263005,0.7567498590608955,False
42,61,3631,-1137500.0,-142500.0,102.79621158828022,0.7563270892319772,False
42,62,3632,-1132500.0,-142500.0,102.84106082814004,0.7559061736966283,False
42,63,3633,-1127500.0,-142500.0,102.88591010205924,0.755487112454027,False
42,64,3634,-1122500.0,-142500.0,102.93075940988749,0.7550699055040225,False
42,65,3635,-1117500.0,-142500.0,102.97560875147443,0.7546545528455222,True
42,66,3636,-1112500.0,-142500.0,103.02045812666977,0.75424105447859,True
42,67,3637,-1107500.0,-142500.0,103.0653075353232,0.753829410402289,False
42,68,3638,-1102500.0,-142500.0,103.11015697728438,0.7534196206159164,True
42,69,3639,-1097500.0,-142500.0,103.15500645240299,0.7530116851198292,False
42,70,3640,-1092500.0,-142500.0,103.19985596052868,0.7526056039123326,False
42,71,3641,-1087500.0,-142500.0,103.24470550151115,0.7522013769938727,False
42,72,3642,-1082500.0,-142500.0,103.28955507520007,0.7517990043630468,False
42,73,3643,-1077500.0,-142500.0,103.33440468144512,0.7513984860203404,False
42,74,3644,-1072500.0,-142500.0,103.37925432009594,0.7509998219644006,False
42,75,3645,-1067500.0,-142500.0,103.42410399100224,0.750603012194896,False
42,76,3646,-1062500.0,-142500.0,103.46895369401368,0.7502080567116708,False
42,77,3647,-1057500.0,-142500.0,103.51380342897993,0.7498149555140831,False
42,78,3648,-1052500.0,-142500.0,103.55865319575065,0.749423708601355,False
42,79,3649,-1047500.0,-142500.0,103.60350299417551,0.7490343159732149,False
42,80,3650,-1042500.0,-142500.0,103.64835282410418,0.7486467776292748,False
42,81,3651,-1037500.0,-142500.0,103.69320268538634,0.7482610935686117,False
42,82,3652,-1032500.0,-142500.0,103.73805257787164,0.7478772637909646,False
42,83,3653,-1027500.0,-142500.0,103.78290250140977,0.7474952882962864,False
42,84,3654,-1022500.0,-142500.0,103.82775245585036,0.7471151670833441,False
43,0,3655,-1442500.0,-137500.0,100.06100808114867,0.8307963745935519,False
43,1,3656,-1437500.0,-137500.0,100.10585312345022,0.830262340250449,False
43,2,3657,-1432500.0,-137500.0,100.15069820897398,0.8297301602631947,True
43,3,3658,-1427500.0,-137500.0,100.1955433375697,0.8291998346306283,True
43,4,3659,-1422500.0,-137500.0,100.24038850908717,0.8286713633522806,True
43,5,3660,-1417500.0,-137500.0,100.28523372337608,0.8281447464274104,True
43,6,3661,-1412500.0,-137500.0,100.3300789802862,0.8276199838551224,True
43,7,3662,-1407500.0,-137500.0,100.37492427966727,0.8270970756350475,True
43,8,3663,-1402500.0,-137500.0,100.419769621369,0.8265760217660777,True
43,9,3664,-1397500.0,-137500.0,100.46461500524117,0.8260568222473796,True
43,10,3665,-1392500.0,-137500.0,100.5094604311335,0.825539477078401,True
43,11,3666,-1387500.0,-137500.0,100.55430589889573,0.8250239862581448,True
43,12,3667,-1382500.0,-137500.0,100.59915140837761,0.8245103497862266,True
43,13,3668,-1377500.0,-137500.0,100.64399695942885,0.8239985676617377,True
43,14,3669,-1372500.0,-137500.0,100.6888425518992,0.8234886398838682,True
43,15,3670,-1367500.0,-137500.0,100.7336881856384,0.8229805664520322,True
43,16,3671,-1362500.0,-137500.0,100.77853386049617,0.822474347365431,True
43,17,3672,-1357500.0,-137500.0,100.82337957632225,0.8219699826235485,True
43,18,3673,-1352500.0,-137500.0,100.86822533296638,0.8214674722251987,True
43,19,3674,-1347500.0,-137500.0,100.91307113027827,0.8209668161699648,True
43,20,3675,-1342500.0,-137500.0,100.95791696810767,0.8204680144572457,True
43,21,3676,-1337500.0,-137500.0,101.0027628463043,0.8199710670858774,True
43,22,3677,-1332500.0,-137500.0,101.04760876471789,0.8194759740555916,True
43,23,3678,-1327500.0,-137500.0,101.09245472319817,0.818982735365682,True
43,24,3679,-1322500.0,-137500.0,101.13730072159487,0.8184913510152116,True
43,25,3680,-1317500.0,-137500.0,101.18214675975771,0.8180018210033694,True
43,26,3681,-1312500.0,-137500.0,101.22699283753643,0.8175141453300547,True
43,27,3682,-1307500.0,-137500.0,101.27183895478073,0.8170283239938467,True
43,28,3683,-1302500.0,-137500.0,101.31668511134036,0.8165443569946853,True
43,29,3684,-1297500.0,-137500.0,101.36153130706502,0.8160622443312474,True
43,30,3685,-1292500.0,-137500.0,101.40637754180445,0.8155819860032223,True
43,31,3686,-1287500.0,-137500.0,101.45122381540835,0.8151035820103384,True
43,32,3687,-1282500.0,-137500.0,101.49607012772647,0.8146270323512561,True
43,33,3688,-1277500.0,-137500.0,101.54091647860851,0.8141523370252192,True
43,34,3689,-1272500.0,-137500.0,101.5857628679042,0.81367949603226,True
43,35,3690,-1267500.0,-137500.0,101.63060929546324,0.8132085093712152,True
43,36,3691,-1262500.0,-137500.0,101.67545576113538,0.8127393770413711,True
43,37,3692,-1257500.0,-137500.0,101.7203022647703,0.8122720990425666,True
43,38,3693,-1252500.0,-137500.0,101.76514880621774,0.8118066753735346,True
43,39,3694,-1247500.0,-137500.0,101.80999538532741,0.8113431060339023,True
43,40,3695,-1242500.0,-137500.0,101.85484200194902,0.8108813910230356,True
43,41,3696,-1237500.0,-137500.0,101.8996886559323,0.8104215303402913,True
43,42,3697,-1232500.0,-137500.0,101.94453534712693,0.8099635239851919,True
43,43,3698,-1227500.0,-137500.0,101.98938207538266,0.8095073719566772,True
43,44,3699,-1222500.0,-137500.0,102.03422884054918,0.8090530742544952,True
43,45,3700,-1217500.0,-137500.0,102.07907564247621,0.8086006308773827,True
43,46,3701,-1212500.0,-137500.0,102.12392248101345,0.8081500418255744,True
43,47,3702,-1207500.0,-137500.0,102.16876935601061,0.8077013070982466,True
43,48,3703,-1202500.0,-137500.0,102.21361626731743,0.8072544266944499,True
43,49,3704,-1197500.0,-137500.0,102.25846321478357,0.8068094006134771,True
43,50,3705,-1192500.0,-137500.0,102.30331019825876,0.8063662288548763,True
43,51,3706,-1187500.0,-137500.0,102.34815721759271,0.8059249114183017,True
43,52,3707,-1182500.0,-137500.0,102.39300427263512,0.8054854483025826,True
43,53,3708,-1177500.0,-137500.0,102.4378513632357,0.8050478395078515,False
43,54,3709,-1172500.0,-137500.0,102.48269848924414,0.8046120850327831,True
43,55,3710,-1167500.0,-137500.0,102.52754565051016,0.8041781848773352,True
43,56,3711,-1162500.0,-137500.0,102.57239284688349,0.8037461390405832,True
43,57,3712,-1157500.0,-137500.0,102.61724007821377,0.803315947521806,True
43,58,3713,-1152500.0,-137500.0,102.66208734435072,0.802887610320983,True
43,59,3714,-1147500.0,-137500.0,102.70693464514407,0.8024611274369672,True
43,60,3715,-1142500.0,-137500.0,102.7517819804435,0.8020364988692529,True
43,61,3716,-1137500.0,-137500.0,102.79662935009871,0.8016137246176177,True
43,62,3717,-1132500.0,-137500.0,102.8414767539594,0.8011928046810223,True
43,63,3718,-1127500.0,-137500.0,102.88632419187529,0.8007737390589826,True
43,64,3719,-1122500.0,-137500.0,102.93117166369602,0.8003565277512192,True
43,65,3720,-1117500.0,-137500.0,102.97601916927135,0.7999411707569478,True
43,66,3721,-1112500.0,-137500.0,103.02086670845094,0.7995276680754424,True
43,67,3722,-1107500.0,-137500.0,103.0657142810845,0.7991160197064446,False
43,68,3723,-1102500.0,-137500.0,103.1105618870217,0.7987062256491809,False
43,69,3724,-1097500.0,-137500.0,103.15540952611228,0.7982982859033259,False
43,70,3725,-1092500.0,-137500.0,103.20025719820589,0.7978922004678057,False
43,71,3726,-1087500.0,-137500.0,103.24510490315224,0.7974879693425002,False
43,72,3727,-1082500.0,-137500.0,103.28995264080102,0.7970855925272406,False
43,73,3728,-1077500.0,-137500.0,103.33480041100194,0.7966850700206243,False
43,74,3729,-1072500.0,-137500.0,103.37964821360464,0.7962864018226387,False
43,75,3730,-1067500.0,-137500.0,103.42449604845886,0.7958895879325143,False
43,76,3731,-1062500.0,-137500.0,103.46934391541429,0.7954946283498119,False
43,77,3732,-1057500.0,-137500.0,103.51419181432058,0.7951015230740249,False
43,78,3733,-1052500.0,-137500.0,103.55903974502745,0.7947102721045308,False
43,79,3734,-1047500.0,-137500.0,103.60388770738457,0.7943208754410765,False
43,80,3735,-1042500.0,-137500.0,103.64873570124163,0.7939333330824953,False
43,81,3736,-1037500.0,-137500.0,103.69358372644832,0.7935476450289148,False
43,82,3737,-1032500.0,-137500.0,103.73843178285433,0.7931638112793343,False
43,83,3738,-1027500.0,-137500.0,103.78327987030936,0.7927818318337945,False
43,84,3739,-1022500.0,-137500.0,103.82812798866306,0.792401706691218,False
44,0,3740,-1442500.0,-132500.0,100.06153778689941,0.8760856804019991,False
44,1,3741,-1437500.0,-132500.0,100.10638099364212,0.8755516399407809,False
44,2,3742,-1432500.0,-132500.0,100.15122424360175,0.8750194538604052,True
44,3,3743,-1427500.0,-132500.0,100.19606753662805,0.8744891221600398,True
44,4,3744,-1422500.0,-132500.0,100.24091087257081,0.8739606448388932,True
44,5,3745,-1417500.0,-132500.0,100.28575425127977,0.8734340218960581,True
44,6,3746,-1412500.0,-132500.0,100.33059767260471,0.8729092533306865,True
44,7,3747,-1407500.0,-132500.0,100.37544113639538,0.872386339142301,True
44,8,3748,-1402500.0,-132500.0,100.42028464250153,0.8718652793298906,True
44,9,3749,-1397500.0,-132500.0,100.46512819077292,0.8713460738925816,True
44,10,3750,-1392500.0,-132500.0,100.50997178105932,0.8708287228295881,True
44,11,3751,-1387500.0,-132500.0,100.55481541321048,0.870313226140409,True
44,12,3752,-1382500.0,-132500.0,100.59965908707615,0.8697995838238226,True
44,13,3753,-1377500.0,-132500.0,100.64450280250608,0.869287795879426,True
44,14,3754,-1372500.0,-132500.0,100.68934655935004,0.8687778623065068,True
44,15,3755,-1367500.0,-132500.0,100.73419035745778,0.8682697831037884,True
44,16,3756,-1362500.0,-132500.0,100.77903419667905,0.8677635582710561,True
44,17,3757,-1357500.0,-132500.0,100.8238780768636,0.8672591878071233,True
44,18,3758,-1352500.0,-132500.0,100.86872199786116,0.8667566717115726,True
44,19,3759,-1347500.0,-132500.0,100.9135659595215,0.8662560099832879,True
44,20,3760,-1342500.0,-132500.0,100.9584099616944,0.8657572026220188,True
44,21,3761,-1337500.0,-132500.0,101.00325400422955,0.8652602496263107,True
44,22,3762,-1332500.0,-132500.0,101.04809808697672,0.8647651509964311,True
44,23,3763,-1327500.0,-132500.0,101.09294220978568,0.8642719067305378,True
44,24,3764,-1322500.0,-132500.0,101.13778637250613,0.8637805168284236,True
44,25,3765,-1317500.0,-132500.0,101.18263057498784,0.86329098128962,True
44,26,3766,-1312500.0,-132500.0,101.22747481708058,0.8628033001128322,True
44,27,3767,-1307500.0,-132500.0,101.27231909863404,0.8623174732975448,True
44,28,3768,-1302500.0,-132500.0,101.31716341949802,0.8618335008429707,True
44,29,3769,-1297500.0,-132500.0,101.3620077795222,0.8613513827490143,True
44,30,3770,-1292500.0,-132500.0,101.40685217855636,0.8608711190138792,True
44,31,3771,-1287500.0,-132500.0,101.45169661645023,0.8603927096377922,True
44,32,3772,-1282500.0,-132500.0,101.49654109305357,0.859916154619562,True
44,33,3773,-1277500.0,-132500.0,101.54138560821609,0.859441453958649,True
44,34,3774,-1272500.0,-132500.0,101.58623016178753,0.8589686076537952,True
44,35,3775,-1267500.0,-132500.0,101.63107475361764,0.8584976157054157,True
44,36,3776,-1262500.0,-132500.0,101.67591938355613,0.8580284781118948,True
44,37,3777,-1257500.0,-132500.0,101.72076405145278,0.8575611948725406,True
44,38,3778,-1252500.0,-132500.0,101.7656087571573,0.8570957659873918,True
44,39,3779,-1247500.0,-132500.0,101.8104535005194,0.8566321914553408,True
44,40,3780,-1242500.0,-132500.0,101.85529828138885,0.8561704712753189,True
44,41,3781,-1237500.0,-132500.0,101.90014309961538,0.8557106054470567,True
44,42,3782,-1232500.0,-132500.0,101.94498795504872,0.8552525939700804,True
44,43,3783,-1227500.0,-132500.0,101.98983284753857,0.8547964368431102,True
44,44,3784,-1222500.0,-132500.0,102.03467777693469,0.8543421340661317,True
44,45,3785,-1217500.0,-132500.0,102.0795227430868,0.8538896856381778,True
44,46,3786,-1212500.0,-132500.0,102.12436774584462,0.8534390915585839,True
44,47,3787,-1207500.0,-132500.0,102.16921278505791,0.8529903518261995,True
44,48,3788,-1202500.0,-132500.0,102.21405786057636,0.8525434664411694,True
44,49,3789,-1197500.0,-132500.0,102.25890297224971,0.8520984354022665,True
44,50,3790,-1192500.0,-132500.0,102.30374811992769,0.8516552587095004,True
44,51,3791,-1187500.0,-132500.0,102.34859330346004,0.851213936361588,True
44,52,3792,-1182500.0,-132500.0,102.39343852269644,0.8507744683581221,False
44,53,3793,-1177500.0,-132500.0,102.43828377748665,0.8503368546983557,True
44,54,3794,-1172500.0,-132500.0,102.4831290676804,0.849901095381893,True
44,55,3795,-1167500.0,-132500.0,102.52797439312738,0.8494671904077059,True
44,56,3796,-1162500.0,-132500.0,102.57281975367731,0.8490351397758381,True
44,57,3797,-1157500.0,-132500.0,102.61766514917994,0.8486049434847385,True
44,58,3798,-1152500.0,-132500.0,102.66251057948497,0.8481766015344314,True
44,59,3799,-1147500.0,-132500.0,102.70735604444216,0.8477501139243693,True
44,60,3800,-1142500.0,-132500.0,102.75220154390117,0.8473254806532171,True
44,61,3801,-1137500.0,-132500.0,102.79704707771174,0.8469027017209141,True
44,62,3802,-1132500.0,-132500.0,102.84189264572359,0.8464817771270119,True
44,63,3803,-1127500.0,-132500.0,102.88673824778644,0.846062706870663,True
44,64,3804,-1122500.0,-132500.0,102.93158388375001,0.8456454909510802,True
44,65,3805,-1117500.0,-132500.0,102.976429553464,0.8452301293679627,True
44,66,3806,-1112500.0,-132500.0,103.02127525677814,0.8448166221203387,False
44,67,3807,-1107500.0,-132500.0,103.06612099354213,0.8444049692081619,True
44,68,3808,-1102500.0,-132500.0,103.11096676360569,0.8439951706300148,True
44,69,3809,-1097500.0,-132500.0,103.15581256681853,0.8435872263862407,False
44,70,3810,-1092500.0,-132500.0,103.20065840303036,0.8431811364757646,False
44,71,3811,-1087500.0,-132500.0,103.2455042720909,0.8427769008979292,False
44,72,3812,-1082500.0,-132500.0,103.29035017384986,0.8423745196523699,False
44,73,3813,-1077500.0,-132500.0,103.33519610815692,0.8419739927383145,False
44,74,3814,-1072500.0,-132500.0,103.38004207486185,0.8415753201555451,False
44,75,3815,-1067500.0,-132500.0,103.42488807381429,0.8411785019030579,False
44,76,3816,-1062500.0,-132500.0,103.469734104864,0.840783537980714,False
44,77,3817,-1057500.0,-132500.0,103.51458016786066,0.8403904283874032,False
44,78,3818,-1052500.0,-132500.0,103.55942626265399,0.839999173122988,False
44,79,3819,-1047500.0,-132500.0,103.60427238909368,0.8396097721865928,False
44,80,3820,-1042500.0,-132500.0,103.64911854702946,0.8392222255778676,False
44,81,3821,-1037500.0,-132500.0,103.693964736311,0.838836533296667,False
44,82,3822,-1032500.0,-132500.0,103.73881095678804,0.8384526953416691,False
44,83,3823,-1027500.0,-132500.0,103.78365720831026,0.8380707117126621,False
44,84,3824,-1022500.0,-132500.0,103.82850349072737,0.8376905824090649,False
45,0,3825,-1442500.0,-127500.0,100.06206744928298,0.9213773733182762,False
45,1,3826,-1437500.0,-127500.0,100.1069088206171,0.9208433264141092,False
45,2,3827,-1432500.0,-127500.0,100.15175023516282,0.9203111339166183,True
45,3,3828,-1427500.0,-127500.0,100.19659169276996,0.9197807958252424,True
45,4,3829,-1422500.0,-127500.0,100.24143319328826,0.9192523121393539,True
45,5,3830,-1417500.0,-127500.0,100.2862747365675,0.9187256828579562,True
45,6,3831,-1412500.0,-127500.0,100.3311163224575,0.9182009079800151,True
45,7,3832,-1407500.0,-127500.0,100.375957950808,0.9176779875046939,True
45,8,3833,-1402500.0,-127500.0,100.4207996214688,0.9171569214314171,True
45,9,3834,-1397500.0,-127500.0,100.46564133428967,0.9166377097593781,True
45,10,3835,-1392500.0,-127500.0,100.51048308912037,0.9161203524874318,True
45,11,3836,-1387500.0,-127500.0,100.5553248858107,0.9156048496152502,True
45,12,3837,-1382500.0,-127500.0,100.60016672421041,0.9150912011413214,True
45,13,3838,-1377500.0,-127500.0,100.64500860416929,0.9145794070652411,True
45,14,3839,-1372500.0,-127500.0,100.68985052553712,0.9140694673865983,True
45,15,3840,-1367500.0,-127500.0,100.73469248816365,0.9135613821036701,True
45,16,3841,-1362500.0,-127500.0,100.77953449189864,0.9130551512164067,True
45,17,3842,-1357500.0,-127500.0,100.8243765365919,0.9125507747235049,True
45,18,3843,-1352500.0,-127500.0,100.86921862209317,0.912048252624471,True
45,19,3844,-1347500.0,-127500.0,100.91406074825224,0.9115475849184614,True
45,20,3845,-1342500.0,-127500.0,100.95890291491884,0.911048771604935,True
45,21,3846,-1337500.0,-127500.0,101.00374512194277,0.9105518126823597,True
45,22,3847,-1332500.0,-127500.0,101.04858736917379,0.9100567081505871,True
45,23,3848,-1327500.0,-127500.0,101.09342965646165,0.9095634580085526,True
45,24,3849,-1322500.0,-127500.0,101.13827198365613,0.9090720622558384,True
45,25,3850,-1317500.0,-127500.0,101.18311435060698,0.9085825208915191,True
45,26,3851,-1312500.0,-127500.0,101.22795675716398,0.9080948339144479,True
45,27,3852,-1307500.0,-127500.0,101.27279920317687,0.9076090013242863,True
45,28,3853,-1302500.0,-127500.0,101.31764168849543,0.9071250231200643,True
45,29,3854,-1297500.0,-127500.0,101.3624842129694,0.9066428993012509,True
45,30,3855,-1292500.0,-127500.0,101.40732677644856,0.9061626298669656,True
45,31,3856,-1287500.0,-127500.0,101.45216937878267,0.9056842148163692,True
45,32,3857,-1282500.0,-127500.0,101.49701201982145,0.905207654148806,True
45,33,3858,-1277500.0,-127500.0,101.54185469941473,0.9047329478631573,True
45,34,3859,-1272500.0,-127500.0,101.58669741741218,0.9042600959594597,True
45,35,3860,-1267500.0,-127500.0,101.63154017366361,0.90378909843644,True
45,36,3861,-1262500.0,-127500.0,101.67638296801876,0.9033199552934676,True
45,37,3862,-1257500.0,-127500.0,101.72122580032737,0.9028526665296795,True
45,38,3863,-1252500.0,-127500.0,101.76606867043924,0.902387232144592,True
45,39,3864,-1247500.0,-127500.0,101.81091157820407,0.9019236521372952,True
45,40,3865,-1242500.0,-127500.0,101.85575452347162,0.9014619265074346,True
45,41,3866,-1237500.0,-127500.0,101.90059750609167,0.9010020552535378,True
45,42,3867,-1232500.0,-127500.0,101.94544052591394,0.9005440383757779,True
45,43,3868,-1227500.0,-127500.0,101.99028358278821,0.9000878758726163,True
45,44,3869,-1222500.0,-127500.0,102.03512667656419,0.8996335677442663,True
45,45,3870,-1217500.0,-127500.0,102.07996980709166,0.8991811139892784,True
45,46,3871,-1212500.0,-127500.0,102.12481297422035,0.8987305146071494,True
45,47,3872,-1207500.0,-127500.0,102.16965617780001,0.8982817695973938,True
45,48,3873,-1202500.0,-127500.0,102.2144994176804,0.8978348789590718,True
45,49,3874,-1197500.0,-127500.0,102.25934269371123,0.8973898426915842,True
45,50,3875,-1192500.0,-127500.0,102.30418600574227,0.8969466607941775,True
45,51,3876,-1187500.0,-127500.0,102.34902935362328,0.8965053332664098,False
45,52,3877,-1182500.0,-127500.0,102.39387273720396,0.8960658601071887,False
45,53,3878,-1177500.0,-127500.0,102.43871615633408,0.8956282413161426,True
45,54,3879,-1172500.0,-127500.0,102.48355961086338,0.8951924768925595,True
45,55,3880,-1167500.0,-127500.0,102.52840310064158,0.8947585668358855,True
45,56,3881,-1162500.0,-127500.0,102.57324662551846,0.8943265111451674,True
45,57,3882,-1157500.0,-127500.0,102.61809018534373,0.8938963098200368,True
45,58,3883,-1152500.0,-127500.0,102.66293377996712,0.8934679628597079,True
45,59,3884,-1147500.0,-127500.0,102.70777740923839,0.8930414702632891,True
45,60,3885,-1142500.0,-127500.0,102.75262107300726,0.8926168320305211,True
45,61,3886,-1137500.0,-127500.0,102.79746477112349,0.8921940481606506,True
45,62,3887,-1132500.0,-127500.0,102.84230850343678,0.8917731186527587,True
45,63,3888,-1127500.0,-127500.0,102.8871522697969,0.8913540435064331,True
45,64,3889,-1122500.0,-127500.0,102.93199607005356,0.8909368227214284,True
45,65,3890,-1117500.0,-127500.0,102.97683990405652,0.8905214562961086,False
45,66,3891,-1112500.0,-127500.0,103.02168377165549,0.8901079442308517,True
45,67,3892,-1107500.0,-127500.0,103.06652767270019,0.8896962865244226,True
45,68,3893,-1102500.0,-127500.0,103.11137160704037,0.8892864831762675,True
45,69,3894,-1097500.0,-127500.0,103.15621557452579,0.8888785341861533,False
45,70,3895,-1092500.0,-127500.0,103.20105957500613,0.8884724395532659,False
45,71,3896,-1087500.0,-127500.0,103.24590360833115,0.8880681992765574,False
45,72,3897,-1082500.0,-127500.0,103.29074767435056,0.8876658133559149,False
45,73,3898,-1077500.0,-127500.0,103.33559177291409,0.8872652817907781,False
45,74,3899,-1072500.0,-127500.0,103.38043590387149,0.8868666045801116,False
45,75,3900,-1067500.0,-127500.0,103.42528006707246,0.8864697817237461,False
45,76,3901,-1062500.0,-127500.0,103.47012426236675,0.8860748132206768,False
45,77,3902,-1057500.0,-127500.0,103.51496848960407,0.885681699070648,False
45,78,3903,-1052500.0,-127500.0,103.55981274863416,0.8852904392730064,False
45,79,3904,-1047500.0,-127500.0,103.60465703930672,0.8849010338270797,False
45,80,3905,-1042500.0,-127500.0,103.6495013614715,0.8845134827321481,False
45,81,3906,-1037500.0,-127500.0,103.6943457149782,0.8841277859878035,False
45,82,3907,-1032500.0,-127500.0,103.73919009967655,0.8837439435936087,False
45,83,3908,-1027500.0,-127500.0,103.78403451541628,0.883361955548973,False
45,84,3909,-1022500.0,-127500.0,103.8288789620471,0.8829818218527112,False
46,0,3910,-1442500.0,-122500.0,100.06259706830473,0.9666714809742128,False
46,1,3911,-1437500.0,-122500.0,100.10743660438047,0.9661374273014338,False
46,2,3912,-1432500.0,-122500.0,100.15227618366251,0.9656052280627161,True
46,3,3913,-1427500.0,-122500.0,100.19711580600067,0.965074883257425,True
46,4,3914,-1422500.0,-122500.0,100.24195547124472,0.9645463928849413,True
46,5,3915,-1417500.0,-122500.0,100.2867951792445,0.9640197569437677,True
46,6,3916,-1412500.0,-122500.0,100.33163492984977,0.9634949754335416,True
46,7,3917,-1407500.0,-122500.0,100.37647472291034,0.9629720483532205,True
46,8,3918,-1402500.0,-122500.0,100.42131455827601,0.9624509757016876,True
46,9,3919,-1397500.0,-122500.0,100.46615443579657,0.9619317574785418,True
46,10,3920,-1392500.0,-122500.0,100.51099435532181,0.9614143936826077,True
46,11,3921,-1387500.0,-122500.0,100.55583431670152,0.9608988843129996,True
46,12,3922,-1382500.0,-122500.0,100.60067431978553,0.9603852293690169,True
46,13,3923,-1377500.0,-122500.0,100.64551436442358,0.9598734288497052,True
46,14,3924,-1372500.0,-122500.0,100.69035445046548,0.9593634827541975,True
46,15,3925,-1367500.0,-122500.0,100.73519457776102,0.9588553910820925,True
46,16,3926,-1362500.0,-122500.0,100.78003474616,0.9583491538314078,True
46,17,3927,-1357500.0,-122500.0,100.8248749555122,0.9578447710026071,True
46,18,3928,-1352500.0,-122500.0,100.8697152056674,0.957342242594085,True
46,19,3929,-1347500.0,-122500.0,100.91455549647539,0.9568415686052248,True
46,20,3930,-1342500.0,-122500.0,100.95939582778597,0.9563427490353401,True
46,21,3931,-1337500.0,-122500.0,101.0042361994489,0.9558457838831677,True
46,22,3932,-1332500.0,-122500.0,101.04907661131399,0.9553506731485645,True
46,23,3933,-1327500.0,-122500.0,101.093917063231,0.9548574168301059,True
46,24,3934,-1322500.0,-122500.0,101.13875755504975,0.9543660149272564,True
46,25,3935,-1317500.0,-122500.0,101.18359808661997,0.9538764674390428,True
46,26,3936,-1312500.0,-122500.0,101.22843865779147,0.9533887743648013,True
46,27,3937,-1307500.0,-122500.0,101.27327926841403,0.9529029357036245,True
46,28,3938,-1302500.0,-122500.0,101.31811991833743,0.9524189514549645,True
46,29,3939,-1297500.0,-122500.0,101.36296060741144,0.9519368216177324,True
46,30,3940,-1292500.0,-122500.0,101.40780133548583,0.9514565461913924,True
46,31,3941,-1287500.0,-122500.0,101.45264210241041,0.9509781251749984,True
46,32,3942,-1282500.0,-122500.0,101.49748290803491,0.9505015585677727,True
46,33,3943,-1277500.0,-122500.0,101.54232375220916,0.9500268463687629,True
46,34,3944,-1272500.0,-122500.0,101.58716463478288,0.9495539885775234,True
46,35,3945,-1267500.0,-122500.0,101.63200555560587,0.9490829851932312,True
46,36,3946,-1262500.0,-122500.0,101.67684651452791,0.948613836215015,True
46,37,3947,-1257500.0,-122500.0,101.72168751139877,0.9481465416419085,True
46,38,3948,-1252500.0,-122500.0,101.7665285460682,0.9476811014735478,True
46,39,3949,-1247500.0,-122500.0,101.811369618386,0.9472175157090268,True
46,40,3950,-1242500.0,-122500.0,101.85621072820192,0.9467557843474403,True
46,41,3951,-1237500.0,-122500.0,101.90105187536572,0.946295907388244,True
46,42,3952,-1232500.0,-122500.0,101.94589305972721,0.9458378848304857,True
46,43,3953,-1227500.0,-122500.0,101.99073428113611,0.9453817166738079,True
46,44,3954,-1222500.0,-122500.0,102.03557553944222,0.9449274029169896,True
46,45,3955,-1217500.0,-122500.0,102.0804168344953,0.9444749435594414,True
46,46,3956,-1212500.0,-122500.0,102.1252581661451,0.9440243386005173,True
46,47,3957,-1207500.0,-122500.0,102.1700995342414,0.9435755880396222,True
46,48,3958,-1202500.0,-122500.0,102.21494093863396,0.9431286918756726,True
46,49,3959,-1197500.0,-122500.0,102.25978237917253,0.9426836501083289,True
46,50,3960,-1192500.0,-122500.0,102.30462385570691,0.9422404627368222,False
46,51,3961,-1187500.0,-122500.0,102.34946536808683,0.9417991297598702,True
46,52,3962,-1182500.0,-122500.0,102.39430691616204,0.9413596511773488,True
46,53,3963,-1177500.0,-122500.0,102.43914849978233,0.9409220269886867,False
46,54,3964,-1172500.0,-122500.0,102.48399011879746,0.9404862571929363,False
46,55,3965,-1167500.0,-122500.0,102.52883177305716,0.9400523417887792,True
46,56,3966,-1162500.0,-122500.0,102.57367346241122,0.9396202807767376,True
46,57,3967,-1157500.0,-122500.0,102.61851518670937,0.9391900741550095,True
46,58,3968,-1152500.0,-122500.0,102.66335694580138,0.9387617219236617,True
46,59,3969,-1147500.0,-122500.0,102.70819873953701,0.9383352240817695,True
46,60,3970,-1142500.0,-122500.0,102.753040567766,0.9379105806282543,True
46,61,3971,-1137500.0,-122500.0,102.79788243033815,0.9374877915630395,True
46,62,3972,-1132500.0,-122500.0,102.84272432710316,0.9370668568850868,True
46,63,3973,-1127500.0,-122500.0,102.8875662579108,0.9366477765939137,True
46,64,3974,-1122500.0,-122500.0,102.93240822261083,0.9362305506887755,True
46,65,3975,-1117500.0,-122500.0,102.977250221053,0.9358151791687531,True
46,66,3976,-1112500.0,-122500.0,103.02209225308707,0.935401662033746,True
46,67,3977,-1107500.0,-122500.0,103.06693431856277,0.934989999282653,True
46,68,3978,-1102500.0,-122500.0,103.11177641732986,0.9345801909146163,True
46,69,3979,-1097500.0,-122500.0,103.1566185492381,0.9341722369298584,False
46,70,3980,-1092500.0,-122500.0,103.20146071413723,0.9337661373269117,False
46,71,3981,-1087500.0,-122500.0,103.24630291187698,0.9333618921053681,False
46,72,3982,-1082500.0,-122500.0,103.29114514230713,0.932959501264578,False
46,73,3983,-1077500.0,-122500.0,103.33598740527741,0.9325589648039322,False
46,74,3984,-1072500.0,-122500.0,103.38082970063756,0.932160282723035,False
46,75,3985,-1067500.0,-122500.0,103.42567202823733,0.9317634550208216,False
46,76,3986,-1062500.0,-122500.0,103.47051438792647,0.9313684816969953,False
46,77,3987,-1057500.0,-122500.0,103.51535677955474,0.9309753627504843,False
46,78,3988,-1052500.0,-122500.0,103.56019920297184,0.930584098181411,False
46,79,3989,-1047500.0,-122500.0,103.60504165802756,0.9301946879885005,False
46,80,3990,-1042500.0,-122500.0,103.64988414457159,0.9298071321712365,False
46,81,3991,-1037500.0,-122500.0,103.69472666245373,0.9294214307293465,False
46,82,3992,-1032500.0,-122500.0,103.73956921152369,0.9290375836618785,False
46,83,3993,-1027500.0,-122500.0,103.7844117916312,0.9286555909684061,False
46,84,3994,-1022500.0,-122500.0,103.82925440262602,0.9282754526484749,False
47,0,3995,-1442500.0,-117500.0,100.06312664396997,1.0119680310108492,False
47,1,3996,-1437500.0,-117500.0,100.10796434493753,1.0114339702439996,False
47,2,3997,-1432500.0,-117500.0,100.15280208910609,1.0109017639398026,True
47,3,3998,-1427500.0,-117500.0,100.19763987632547,1.0103714120977387,True
47,4,3999,-1422500.0,-117500.0,100.2424777064455,1.0098429147163268,True
47,5,4000,-1417500.0,-117500.0,100.28731557931599,1.0093162717950481,True
47,6,4001,-1412500.0,-117500.0,100.33215349478674,1.008791483332706,True
47,7,4002,-1407500.0,-117500.0,100.37699145270759,1.0082685493284145,True
47,8,4003,-1402500.0,-117500.0,100.42182945292834,1.0077474697813886,True
47,9,4004,-1397500.0,-117500.0,100.46666749529878,1.007228244690787,True
47,10,4005,-1392500.0,-117500.0,100.51150557966876,1.0067108740555553,True
47,11,4006,-1387500.0,-117500.0,100.5563437058881,1.0061953578745937,True
47,12,4007,-1382500.0,-117500.0,100.60118187380657,1.0056816961473765,True
47,13,4008,-1377500.0,-117500.0,100.646020083274,1.0051698888729117,True
47,14,4009,-1372500.0,-117500.0,100.6908583341402,1.0046599360502382,True
47,15,4010,-1367500.0,-117500.0,100.73569662625498,1.0041518376787262,True
47,16,4011,-1362500.0,-117500.0,100.78053495946814,1.003645593756818,True
47,17,4012,-1357500.0,-117500.0,100.82537333362949,1.0031412042846528,True
47,18,4013,-1352500.0,-117500.0,100.87021174858883,1.0026386692603453,True
47,19,4014,-1347500.0,-117500.0,100.91505020419599,1.0021379886838475,True
47,20,4015,-1342500.0,-117500.0,100.95988870030074,1.0016391625533676,True
47,21,4016,-1337500.0,-117500.0,101.0047272367529,1.0011421908691531,True
47,22,4017,-1332500.0,-117500.0,101.04956581340228,1.0006470736295476,True
47,23,4018,-1327500.0,-117500.0,101.09440443009866,1.000153810833991,True
47,24,4019,-1322500.0,-117500.0,101.13924308669188,0.9996624024816458,True
47,25,4020,-1317500.0,-117500.0,101.18408178303169,0.9991728485713935,True
47,26,4021,-1312500.0,-117500.0,101.22892051896793,0.9986851491028956,True
47,27,4022,-1307500.0,-117500.0,101.27375929435036,0.9981993040751507,True
47,28,4023,-1302500.0,-117500.0,101.31859810902881,0.9977153134867736,True
47,29,4024,-1297500.0,-117500.0,101.36343696285306,0.997233177337732,True
47,30,4025,-1292500.0,-117500.0,101.40827585567294,0.9967528956265229,True
47,31,4026,-1287500.0,-117500.0,101.4531147873382,0.9962744683527859,True
47,32,4027,-1282500.0,-117500.0,101.49795375769864,0.9957978955156297,True
47,33,4028,-1277500.0,-117500.0,101.54279276660408,0.9953231771139999,True
47,34,4029,-1272500.0,-117500.0,101.5876318139043,0.9948503131470344,True
47,35,4030,-1267500.0,-117500.0,101.63247089944909,0.9943793036146906,True
47,36,4031,-1262500.0,-117500.0,101.67731002308824,0.9939101485152497,True
47,37,4032,-1257500.0,-117500.0,101.72214918467155,0.9934428478484261,True
47,38,4033,-1252500.0,-117500.0,101.7669883840488,0.9929774016128377,True
47,39,4034,-1247500.0,-117500.0,101.81182762106978,0.9925138098086429,True
47,40,4035,-1242500.0,-117500.0,101.8566668955843,0.9920520724342847,True
47,41,4036,-1237500.0,-117500.0,101.90150620744211,0.9915921894892901,True
47,42,4037,-1232500.0,-117500.0,101.94634555649303,0.9911341609727129,True
47,43,4038,-1227500.0,-117500.0,101.99118494258683,0.990677986884036,True
47,44,4039,-1222500.0,-117500.0,102.0360243655733,0.9902236672222257,True
47,45,4040,-1217500.0,-117500.0,102.0808638253022,0.989771201986793,True
47,46,4041,-1212500.0,-117500.0,102.12570332162335,0.9893205911764256,True
47,47,4042,-1207500.0,-117500.0,102.17054285438654,0.9888718347909132,True
47,48,4043,-1202500.0,-117500.0,102.21538242344151,0.9884249328293387,True
47,49,4044,-1197500.0,-117500.0,102.26022202863807,0.9879798852910229,False
47,50,4045,-1192500.0,-117500.0,102.305061669826,0.9875366921750875,True
47,51,4046,-1187500.0,-117500.0,102.34990134685506,0.9870953534808032,True
47,52,4047,-1182500.0,-117500.0,102.39474105957505,0.9866558692069944,True
47,53,4048,-1177500.0,-117500.0,102.43958080783575,0.9862182393535806,True
47,54,4049,-1172500.0,-117500.0,102.48442059148694,0.9857824639198068,False
47,55,4050,-1167500.0,-117500.0,102.52926041037838,0.9853485429046446,True
47,56,4051,-1162500.0,-117500.0,102.57410026435986,0.9849164763074792,True
47,57,4052,-1157500.0,-117500.0,102.61894015328114,0.9844862641277017,True
47,58,4053,-1152500.0,-117500.0,102.66378007699203,0.9840579063639893,True
47,59,4054,-1147500.0,-117500.0,102.70862003534228,0.9836314030164803,True
47,60,4055,-1142500.0,-117500.0,102.75346002818165,0.9832067540839738,True
47,61,4056,-1137500.0,-117500.0,102.79830005535993,0.9827839595658895,False
47,62,4057,-1132500.0,-117500.0,102.84314011672689,0.9823630194612447,True
47,63,4058,-1127500.0,-117500.0,102.88798021213232,0.981943933769719,True
47,64,4059,-1122500.0,-117500.0,102.93282034142597,0.9815267024903725,True
47,65,4060,-1117500.0,-117500.0,102.9776605044576,0.9811113256228554,True
47,66,4061,-1112500.0,-117500.0,103.022500701077,0.9806978031657527,True
47,67,4062,-1107500.0,-117500.0,103.06734093113397,0.9802861351190076,True
47,68,4063,-1102500.0,-117500.0,103.11218119447821,0.9798763214820458,False
47,69,4064,-1097500.0,-117500.0,103.15702149095952,0.9794683622535434,False
47,70,4065,-1092500.0,-117500.0,103.20186182042768,0.9790622574333365,False
47,71,4066,-1087500.0,-117500.0,103.24670218273243,0.9786580070206033,False
47,72,4067,-1082500.0,-117500.0,103.29154257772356,0.9782556110145887,False
47,73,4068,-1077500.0,-117500.0,103.33638300525084,0.9778550694147246,False
47,74,4069,-1072500.0,-117500.0,103.381223465164,0.9774563822203425,False
47,75,4070,-1067500.0,-117500.0,103.42606395731283,0.9770595494306588,False
47,76,4071,-1062500.0,-117500.0,103.47090448154708,0.9766645710451278,False
47,77,4072,-1057500.0,-117500.0,103.51574503771654,0.9762714470631061,False
47,78,4073,-1052500.0,-117500.0,103.56058562567094,0.9758801774837045,False
47,79,4074,-1047500.0,-117500.0,103.60542624526003,0.9754907623067783,False
47,80,4075,-1042500.0,-117500.0,103.65026689633363,0.9751032015312665,False
47,81,4076,-1037500.0,-117500.0,103.69510757874144,0.9747174951566913,False
47,82,4077,-1032500.0,-117500.0,103.73994829233327,0.9743336431821913,False
47,83,4078,-1027500.0,-117500.0,103.78478903695883,0.973951645607557,False
47,84,4079,-1022500.0,-117500.0,103.8296298124679,0.9735715024319311,False
48,0,4080,-1442500.0,-112500.0,100.06365617628401,1.057267051079611,False
48,1,4081,-1437500.0,-112500.0,100.10849204229359,1.0567329828934855,False
48,2,4082,-1432500.0,-112500.0,100.15332795149885,1.0562007691995912,True
48,3,4083,-1427500.0,-112500.0,100.19816390374966,1.0556704099971133,True
48,4,4084,-1422500.0,-112500.0,100.24299989889582,1.0551419052848052,True
48,5,4085,-1417500.0,-112500.0,100.2878359367872,1.054615255062191,True
48,6,4086,-1412500.0,-112500.0,100.33267201727362,1.054090459327936,True
48,7,4087,-1407500.0,-112500.0,100.37750814020492,1.053567518081276,True
48,8,4088,-1402500.0,-112500.0,100.42234430543093,1.053046431320902,True
48,9,4089,-1397500.0,-112500.0,100.46718051280148,1.0525271990464662,True
48,10,4090,-1392500.0,-112500.0,100.51201676216638,1.0520098212563178,True
48,11,4091,-1387500.0,-112500.0,100.5568530533755,1.0514942979500645,True
48,12,4092,-1382500.0,-112500.0,100.60168938627865,1.0509806291268937,True
48,13,4093,-1377500.0,-112500.0,100.64652576072565,1.0504688147852643,True
48,14,4094,-1372500.0,-112500.0,100.69136217656634,1.0499588549245786,True
48,15,4095,-1367500.0,-112500.0,100.73619863365053,1.0494507495441718,True
48,16,4096,-1362500.0,-112500.0,100.78103513182808,1.0489444986425425,True
48,17,4097,-1357500.0,-112500.0,100.82587167094877,1.0484401022191479,True
48,18,4098,-1352500.0,-112500.0,100.87070825086246,1.0479375602732648,True
48,19,4099,-1347500.0,-112500.0,100.91554487141896,1.0474368728035393,True
48,20,4100,-1342500.0,-112500.0,100.96038153246809,1.0469380398094341,True
48,21,4101,-1337500.0,-112500.0,101.00521823385968,1.0464410612898016,True
48,22,4102,-1332500.0,-112500.0,101.05005497544353,1.04594593724363,True
48,23,4103,-1327500.0,-112500.0,101.0948917570695,1.0454526676703795,True
48,24,4104,-1322500.0,-112500.0,101.13972857858737,1.0449612525690473,True
48,25,4105,-1317500.0,-112500.0,101.18456543984699,1.0444716919386592,True
48,26,4106,-1312500.0,-112500.0,101.22940234069814,1.0439839857785307,True
48,27,4107,-1307500.0,-112500.0,101.27423928099067,1.0434981340875407,True
48,28,4108,-1302500.0,-112500.0,101.31907626057439,1.043014136864786,True
48,29,4109,-1297500.0,-112500.0,101.3639132792991,1.0425319941096534,True
48,30,4110,-1292500.0,-112500.0,101.40875033701462,1.042051705821475,True
48,31,4111,-1287500.0,-112500.0,101.45358743357079,1.0415732719989046,True
48,32,4112,-1282500.0,-112500.0,101.49842456881738,1.0410966926409961,True
48,33,4113,-1277500.0,-112500.0,101.54326174260424,1.04062196774764,True
48,34,4114,-1272500.0,-112500.0,101.58809895478116,1.0401490973173084,True
48,35,4115,-1267500.0,-112500.0,101.63293620519795,1.0396780813492668,True
48,36,4116,-1262500.0,-112500.0,101.67777349370444,1.0392089198426862,True
48,37,4117,-1257500.0,-112500.0,101.7226108201504,1.038741612797161,True
48,38,4118,-1252500.0,-112500.0,101.76744818438567,1.0382761602112838,True
48,39,4119,-1247500.0,-112500.0,101.81228558626007,1.0378125620846546,True
48,40,4120,-1242500.0,-112500.0,101.85712302562338,1.0373508184162683,True
48,41,4121,-1237500.0,-112500.0,101.90196050232541,1.0368909292051165,True
48,42,4122,-1232500.0,-112500.0,101.94679801621598,1.0364328944506067,True
48,43,4123,-1227500.0,-112500.0,101.99163556714488,1.0359767141520582,True
48,44,4124,-1222500.0,-112500.0,102.0364731549619,1.0355223883082707,True
48,45,4125,-1217500.0,-112500.0,102.08131077951688,1.0350699169189561,True
48,46,4126,-1212500.0,-112500.0,102.12614844065959,1.0346192999829478,True
48,47,4127,-1207500.0,-112500.0,102.17098613823987,1.0341705374996653,True
48,48,4128,-1202500.0,-112500.0,102.21582387210746,1.0337236294677263,False
48,49,4129,-1197500.0,-112500.0,102.26066164211223,1.0332785758872383,False
48,50,4130,-1192500.0,-112500.0,102.30549944810393,1.0328353767566156,True
48,51,4131,-1187500.0,-112500.0,102.35033728993238,1.0323940320755691,True
48,52,4132,-1182500.0,-112500.0,102.39517516744738,1.0319545418431142,True
48,53,4133,-1177500.0,-112500.0,102.4400130804987,1.0315169060587086,True
48,54,4134,-1172500.0,-112500.0,102.48485102893618,1.0310811247215712,True
48,55,4135,-1167500.0,-112500.0,102.52968901260957,1.030647197830574,True
48,56,4136,-1162500.0,-112500.0,102.5745270313687,1.030215125385009,True
48,57,4137,-1157500.0,-112500.0,102.61936508506335,1.029784907384642,False
48,58,4138,-1152500.0,-112500.0,102.66420317354331,1.029356543828028,True
48,59,4139,-1147500.0,-112500.0,102.70904129665838,1.0289300347148786,False
48,60,4140,-1142500.0,-112500.0,102.75387945425837,1.0285053800445059,False
48,61,4141,-1137500.0,-112500.0,102.79871764619303,1.0280825798156243,True
48,62,4142,-1132500.0,-112500.0,102.84355587231218,1.0276616340282305,True
48,63,4143,-1127500.0,-112500.0,102.8883941324656,1.0272425426807883,True
48,64,4144,-1122500.0,-112500.0,102.9332324265031,1.026825305773104,True
48,65,4145,-1117500.0,-112500.0,102.97807075427444,1.026409923304376,True
48,66,4146,-1112500.0,-112500.0,103.02290911562945,1.0259963952740716,True
48,67,4147,-1107500.0,-112500.0,103.06774751041786,1.0255847216806846,False
48,68,4148,-1102500.0,-112500.0,103.11258593848947,1.0251749025245294,False
48,69,4149,-1097500.0,-112500.0,103.15742439969411,1.0247669378043178,False
48,70,4150,-1092500.0,-112500.0,103.20226289388152,1.0243608275192253,False
48,71,4151,-1087500.0,-112500.0,103.24710142090153,1.0239565716689427,False
48,72,4152,-1082500.0,-112500.0,103.29193998060389,1.0235541702523159,False
48,73,4153,-1077500.0,-112500.0,103.33677857283837,1.0231536232693048,False
48,74,4154,-1072500.0,-112500.0,103.38161719745477,1.0227549307183494,False
48,75,4155,-1067500.0,-112500.0,103.4264558543029,1.022358092599605,False
48,76,4156,-1062500.0,-112500.0,103.4712945432325,1.021963108911662,False
48,77,4157,-1057500.0,-112500.0,103.51613326409338,1.0215699796541187,False
48,78,4158,-1052500.0,-112500.0,103.5609720167353,1.021178704826822,False
48,79,4159,-1047500.0,-112500.0,103.60581080100806,1.0207892844283224,False
48,80,4160,-1042500.0,-112500.0,103.65064961676143,1.020401718458286,False
48,81,4161,-1037500.0,-112500.0,103.69548846384517,1.02001600691587,False
48,82,4162,-1032500.0,-112500.0,103.74032734210908,1.0196321498006413,False
48,83,4163,-1027500.0,-112500.0,103.78516625140293,1.0192501471117803,False
48,84,4164,-1022500.0,-112500.0,103.8300051915765,1.018869998848812,False
49,0,4165,-1442500.0,-107500.0,100.06418566525221,1.1025685688424207,False
49,1,4166,-1437500.0,-107500.0,100.10901969645394,1.1020344929111283,False
49,2,4167,-1432500.0,-107500.0,100.15385377084607,1.1015022715030063,True
49,3,4168,-1427500.0,-107500.0,100.19868788827844,1.1009719046168174,True
49,4,4169,-1422500.0,-107500.0,100.24352204860094,1.1004433922519201,True
49,5,4170,-1417500.0,-107500.0,100.28835625166339,1.0999167344068594,True
49,6,4171,-1412500.0,-107500.0,100.33319049731564,1.0993919310807063,True
49,7,4172,-1407500.0,-107500.0,100.37802478540756,1.0988689822728082,True
49,8,4173,-1402500.0,-107500.0,100.422859115789,1.0983478879816349,True
49,9,4174,-1397500.0,-107500.0,100.46769348830979,1.097828648206549,True
49,10,4175,-1392500.0,-107500.0,100.51252790281981,1.097311262946776,True
49,11,4176,-1387500.0,-107500.0,100.55736235916889,1.0967957322007402,True
49,12,4177,-1382500.0,-107500.0,100.60219685720688,1.0962820559679993,True
49,13,4178,-1377500.0,-107500.0,100.64703139678362,1.095770234247659,True
49,14,4179,-1372500.0,-107500.0,100.69186597774896,1.0952602670381577,True
49,15,4180,-1367500.0,-107500.0,100.73670059995275,1.0947521543387628,True
49,16,4181,-1362500.0,-107500.0,100.78153526324486,1.094245896148946,True
49,17,4182,-1357500.0,-107500.0,100.82636996747507,1.0937414924670665,True
49,18,4183,-1352500.0,-107500.0,100.87120471249328,1.0932389432930896,True
49,19,4184,-1347500.0,-107500.0,100.9160394981493,1.0927382486250325,True
49,20,4185,-1342500.0,-107500.0,100.96087432429299,1.092239408462755,True
49,21,4186,-1337500.0,-107500.0,101.00570919077418,1.0917424228048807,True
49,22,4187,-1332500.0,-107500.0,101.05054409744272,1.091247291650429,True
49,23,4188,-1327500.0,-107500.0,101.09537904414842,1.0907540149989483,True
49,24,4189,-1322500.0,-107500.0,101.14021403074115,1.0902625928489744,True
49,25,4190,-1317500.0,-107500.0,101.18504905707073,1.0897730251999984,True
49,26,4191,-1312500.0,-107500.0,101.229884122987,1.0892853120508792,True
49,27,4192,-1307500.0,-107500.0,101.2747192283398,1.088799453400746,True
49,28,4193,-1302500.0,-107500.0,101.31955437297897,1.0883154492485518,True
49,29,4194,-1297500.0,-107500.0,101.36438955675432,1.0878332995939446,True
49,30,4195,-1292500.0,-107500.0,101.4092247795157,1.087353004435281,True
49,31,4196,-1287500.0,-107500.0,101.45406004111294,1.0868745637722061,True
49,32,4197,-1282500.0,-107500.0,101.49889534139587,1.086397977603687,True
49,33,4198,-1277500.0,-107500.0,101.54373068021432,1.0859232459288113,True
49,34,4199,-1272500.0,-107500.0,101.58856605741813,1.0854503687465624,True
49,35,4200,-1267500.0,-107500.0,101.63340147285712,1.0849793460560135,True
49,36,4201,-1262500.0,-107500.0,101.67823692638112,1.0845101778565844,True
49,37,4202,-1257500.0,-107500.0,101.72307241783994,1.0840428641476894,True
49,38,4203,-1252500.0,-107500.0,101.76790794708344,1.083577404927507,True
49,39,4204,-1247500.0,-107500.0,101.81274351396144,1.0831138001960605,True
49,40,4205,-1242500.0,-107500.0,101.85757911832374,1.0826520499518295,True
49,41,4206,-1237500.0,-107500.0,101.90241476002018,1.0821921541944763,True
49,42,4207,-1232500.0,-107500.0,101.94725043890058,1.0817341129229463,True
49,43,4208,-1227500.0,-107500.0,101.99208615481479,1.0812779261362127,True
49,44,4209,-1222500.0,-107500.0,102.03692190761258,1.0808235938338024,True
49,45,4210,-1217500.0,-107500.0,102.08175769714381,1.0803711160146836,True
49,46,4211,-1212500.0,-107500.0,102.1265935232583,1.0799204926779888,True
49,47,4212,-1207500.0,-107500.0,102.17142938580585,1.0794717238230824,True
49,48,4213,-1202500.0,-107500.0,102.2162652846363,1.0790248094490134,False
49,49,4214,-1197500.0,-107500.0,102.26110121959944,1.078579749554741,True
49,50,4215,-1192500.0,-107500.0,102.30593719054512,1.0781365441399011,True
49,51,4216,-1187500.0,-107500.0,102.35077319732315,1.0776951932030965,True
49,52,4217,-1182500.0,-107500.0,102.39560923978335,1.0772556967438995,True
49,53,4218,-1177500.0,-107500.0,102.44044531777551,1.0768180547617106,False
49,54,4219,-1172500.0,-107500.0,102.48528143114946,1.0763822672551384,True
49,55,4220,-1167500.0,-107500.0,102.53011757975503,1.0759483342239655,True
49,56,4221,-1162500.0,-107500.0,102.57495376344201,1.0755162556669622,True
49,57,4222,-1157500.0,-107500.0,102.61978998206023,1.0750860315835191,False
49,58,4223,-1152500.0,-107500.0,102.6646262354595,1.0746576619730335,False
49,59,4224,-1147500.0,-107500.0,102.7094625234896,1.0742311468344603,True
49,60,4225,-1142500.0,-107500.0,102.7542988460004,1.0738064861671006,True
49,61,4226,-1137500.0,-107500.0,102.79913520284165,1.0733836799701086,True
49,62,4227,-1132500.0,-107500.0,102.8439715938632,1.07296272824279,True
49,63,4228,-1127500.0,-107500.0,102.88880801891484,1.072543630984335,True
49,64,4229,-1122500.0,-107500.0,102.93364447784639,1.072126388194102,True
49,65,4230,-1117500.0,-107500.0,102.97848097050763,1.0717109998713106,True
49,66,4231,-1112500.0,-107500.0,103.02331749674842,1.0712974660150554,False
49,67,4232,-1107500.0,-107500.0,103.06815405641852,1.0708857866244381,False
49,68,4233,-1102500.0,-107500.0,103.11299064936776,1.070475961699352,False
49,69,4234,-1097500.0,-107500.0,103.15782727544591,1.0700679912382915,False
49,70,4235,-1092500.0,-107500.0,103.20266393450282,1.06966187524117,False
49,71,4236,-1087500.0,-107500.0,103.24750062638826,1.0692576137065932,False
49,72,4237,-1082500.0,-107500.0,103.29233735095204,1.0688552066343515,False
49,73,4238,-1077500.0,-107500.0,103.33717410804398,1.068454654023699,False
49,74,4239,-1072500.0,-107500.0,103.38201089751387,1.0680559558736575,False
49,75,4240,-1067500.0,-107500.0,103.42684771921148,1.0676591121835182,False
49,76,4241,-1062500.0,-107500.0,103.47168457298666,1.0672641229529443,False
49,77,4242,-1057500.0,-107500.0,103.51652145868918,1.066870988180436,False
49,78,4243,-1052500.0,-107500.0,103.56135837616885,1.0664797078660861,False
49,79,4244,-1047500.0,-107500.0,103.60619532527546,1.0660902820086582,False
49,80,4245,-1042500.0,-107500.0,103.65103230585883,1.0657027106077022,False
49,81,4246,-1037500.0,-107500.0,103.69586931776873,1.0653169936626574,False
49,82,4247,-1032500.0,-107500.0,103.74070636085494,1.0649331311729504,False
49,83,4248,-1027500.0,-107500.0,103.78554343496732,1.0645511231368612,False
49,84,4249,-1022500.0,-107500.0,103.8303805399556,1.0641709695549804,False
50,0,4250,-1442500.0,-102500.0,100.06471511087986,1.1478726119705394,False
50,1,4251,-1437500.0,-102500.0,100.1095473074239,1.1473385279690007,False
50,2,4252,-1432500.0,-102500.0,100.15437954715304,1.1468062985221337,False
50,3,4253,-1427500.0,-102500.0,100.19921182991715,1.1462759236290083,True
50,4,4254,-1422500.0,-102500.0,100.24404415556609,1.1457474032887922,True
50,5,4255,-1417500.0,-102500.0,100.28887652394975,1.145220737500111,True
50,6,4256,-1412500.0,-102500.0,100.33370893491798,1.1446959262625187,True
50,7,4257,-1407500.0,-102500.0,100.37854138832067,1.1441729695743754,True
50,8,4258,-1402500.0,-102500.0,100.42337388400769,1.143651867434414,True
50,9,4259,-1397500.0,-102500.0,100.4682064218289,1.143132619842569,True
50,10,4260,-1392500.0,-102500.0,100.51303900163417,1.1426152267971943,True
50,11,4261,-1387500.0,-102500.0,100.55787162327336,1.1420996882974481,True
50,12,4262,-1382500.0,-102500.0,100.60270428659634,1.1415860043422912,True
50,13,4263,-1377500.0,-102500.0,100.647536991453,1.1410741749305948,True
50,14,4264,-1372500.0,-102500.0,100.69236973769314,1.1405642000614726,True
50,15,4265,-1367500.0,-102500.0,100.7372025251667,1.1400560797336745,True
50,16,4266,-1362500.0,-102500.0,100.7820353537235,1.1395498139467004,True
50,17,4267,-1357500.0,-102500.0,100.82686822321341,1.1390454026990968,True
50,18,4268,-1352500.0,-102500.0,100.87170113348628,1.1385428459901652,True
50,19,4269,-1347500.0,-102500.0,100.91653408439198,1.1380421438187702,True
50,20,4270,-1342500.0,-102500.0,100.9613670757804,1.1375432961838272,True
50,21,4271,-1337500.0,-102500.0,101.00620010750136,1.1370463030850035,True
50,22,4272,-1332500.0,-102500.0,101.05103317940471,1.1365511645203663,True
50,23,4273,-1327500.0,-102500.0,101.09586629134031,1.1360578804896275,True
50,24,4274,-1322500.0,-102500.0,101.14069944315807,1.1355664509917835,True
50,25,4275,-1317500.0,-102500.0,101.18553263470778,1.1350768760256276,True
50,26,4276,-1312500.0,-102500.0,101.23036586583935,1.1345891555899965,True
50,27,4277,-1307500.0,-102500.0,101.27519913640258,1.1341032896845362,True
50,28,4278,-1302500.0,-102500.0,101.32003244624734,1.1336192783080479,True
50,29,4279,-1297500.0,-102500.0,101.36486579522351,1.1331371214597044,True
50,30,4280,-1292500.0,-102500.0,101.4096991831809,1.132656819138158,True
50,31,4281,-1287500.0,-102500.0,101.4545326099694,1.1321783713427431,True
50,32,4282,-1282500.0,-102500.0,101.49936607543883,1.1317017780728449,True
50,33,4283,-1277500.0,-102500.0,101.54419957943905,1.1312270393269144,True
50,34,4284,-1272500.0,-102500.0,101.58903312181992,1.1307541551046267,True
50,35,4285,-1267500.0,-102500.0,101.63386670243129,1.130283125404721,True
50,36,4286,-1262500.0,-102500.0,101.67870032112296,1.1298139502261557,True
50,37,4287,-1257500.0,-102500.0,101.72353397774484,1.1293466295685062,True
50,38,4288,-1252500.0,-102500.0,101.76836767214672,1.1288811634305347,True
50,39,4289,-1247500.0,-102500.0,101.81320140417847,1.128417551811433,True
50,40,4290,-1242500.0,-102500.0,101.85803517368996,1.127955794710115,True
50,41,4291,-1237500.0,-102500.0,101.90286898053098,1.1274958921258609,True
50,42,4292,-1232500.0,-102500.0,101.9477028245514,1.1270378440580846,True
50,43,4293,-1227500.0,-102500.0,101.99253670560107,1.1265816505054154,True
50,44,4294,-1222500.0,-102500.0,102.03737062352981,1.1261273114672008,True
50,45,4295,-1217500.0,-102500.0,102.08220457818749,1.1256748269425738,True
50,46,4296,-1212500.0,-102500.0,102.12703856942392,1.1252241969305596,True
50,47,4297,-1207500.0,-102500.0,102.17187259708895,1.1247754214303751,True
50,48,4298,-1202500.0,-102500.0,102.21670666103239,1.1243285004413492,False
50,49,4299,-1197500.0,-102500.0,102.26154076110413,1.1238834339622106,True
50,50,4300,-1192500.0,-102500.0,102.30637489715399,1.123440221992489,True
50,51,4301,-1187500.0,-102500.0,102.35120906903177,1.1229988645309537,True
50,52,4302,-1182500.0,-102500.0,102.39604327658733,1.1225593615772995,True
50,53,4303,-1177500.0,-102500.0,102.44087751967052,1.12212171313015,True
50,54,4304,-1172500.0,-102500.0,102.48571179813115,1.1216859191889281,True
50,55,4305,-1167500.0,-102500.0,102.53054611181906,1.121251979752775,True
50,56,4306,-1162500.0,-102500.0,102.5753804605841,1.1208198948210502,False
50,57,4307,-1157500.0,-102500.0,102.62021484427606,1.120389664392642,False
50,58,4308,-1152500.0,-102500.0,102.6650492627448,1.119961288466499,False
50,59,4309,-1147500.0,-102500.0,102.70988371584015,1.1195347670423907,True
50,60,4310,-1142500.0,-102500.0,102.75471820341193,1.119110100119314,True
50,61,4311,-1137500.0,-102500.0,102.79955272530998,1.118687287696326,True
50,62,4312,-1132500.0,-102500.0,102.84438728138412,1.1182663297728348,True
50,63,4313,-1127500.0,-102500.0,102.88922187148415,1.1178472263479007,True
50,64,4314,-1122500.0,-102500.0,102.93405649545996,1.117429977420548,False
50,65,4315,-1117500.0,-102500.0,102.97889115316133,1.1170145829901066,False
50,66,4316,-1112500.0,-102500.0,103.02372584443808,1.116601043056123,False
50,67,4317,-1107500.0,-102500.0,103.06856056914006,1.1161893576171802,False
50,68,4318,-1102500.0,-102500.0,103.11339532711709,1.1157795266734454,False
50,69,4319,-1097500.0,-102500.0,103.15823011821897,1.1153715502229198,False
50,70,4320,-1092500.0,-102500.0,103.20306494229555,1.1149654282659136,False
50,71,4321,-1087500.0,-102500.0,103.24789979919665,1.1145611608008772,False
50,72,4322,-1082500.0,-102500.0,103.29273468877206,1.114158747827672,False
50,73,4323,-1077500.0,-102500.0,103.33756961087164,1.1137581893450614,False
50,74,4324,-1072500.0,-102500.0,103.38240456534518,1.1133594853526083,False
50,75,4325,-1067500.0,-102500.0,103.42723955204252,1.1129626358494975,False
50,76,4326,-1062500.0,-102500.0,103.47207457081348,1.11256764083471,False
50,77,4327,-1057500.0,-102500.0,103.51690962150784,1.1121745003080077,False
50,78,4328,-1052500.0,-102500.0,103.56174470397546,1.111783214268162,False
50,79,4329,-1047500.0,-102500.0,103.60657981806614,1.1113937827147582,False
50,80,4330,-1042500.0,-102500.0,103.65141496362969,1.111006205646729,False
50,81,4331,-1037500.0,-102500.0,103.69625014051594,1.1106204830637494,False
50,82,4332,-1032500.0,-102500.0,103.7410853485747,1.1102366149649319,False
50,83,4333,-1027500.0,-102500.0,103.78592058765578,1.1098546013495505,False
50,84,4334,-1022500.0,-102500.0,103.830755857609,1.1094744422164111,False
51,0,4335,-1442500.0,-97500.0,100.06524451317229,1.1931792081475412,False
51,1,4336,-1437500.0,-97500.0,100.11007487520877,1.1926451157494649,False
51,2,4337,-1432500.0,-97500.0,100.15490528042504,1.1921128779393875,True
51,3,4338,-1427500.0,-97500.0,100.19973572867099,1.1915824947158444,True
51,4,4339,-1422500.0,-97500.0,100.24456621979652,1.1910539660782262,True
51,5,4340,-1417500.0,-97500.0,100.28939675365153,1.1905272920249927,True
51,6,4341,-1412500.0,-97500.0,100.33422733008588,1.1900024725551734,True
51,7,4342,-1407500.0,-97500.0,100.37905794894947,1.1894795076676892,True
51,8,4343,-1402500.0,-97500.0,100.42388861009219,1.1889583973618543,True
51,9,4344,-1397500.0,-97500.0,100.46871931336395,1.1884391416365037,True
51,10,4345,-1392500.0,-97500.0,100.5135500586146,1.1879217404900342,True
51,11,4346,-1387500.0,-97500.0,100.55838084569403,1.1874061939217695,True
51,12,4347,-1382500.0,-97500.0,100.60321167445215,1.1868925019307988,True
51,13,4348,-1377500.0,-97500.0,100.64804254473883,1.1863806645155819,True
51,14,4349,-1372500.0,-97500.0,100.69287345640394,1.185870681675672,True
51,15,4350,-1367500.0,-97500.0,100.7377044092974,1.1853625534098398,True
51,16,4351,-1362500.0,-97500.0,100.78253540326904,1.1848562797168676,True
51,17,4352,-1357500.0,-97500.0,100.82736643816877,1.1843518605958587,True
51,18,4353,-1352500.0,-97500.0,100.87219751384646,1.1838492960458031,True
51,19,4354,-1347500.0,-97500.0,100.91702863015199,1.1833485860654782,True
51,20,4355,-1342500.0,-97500.0,100.96185978693525,1.1828497306543135,True
51,21,4356,-1337500.0,-97500.0,101.0066909840461,1.1823527298106582,True
51,22,4357,-1332500.0,-97500.0,101.05152222133444,1.181857583534057,True
51,23,4358,-1327500.0,-97500.0,101.09635349865012,1.1813642918234897,True
51,24,4359,-1322500.0,-97500.0,101.14118481584302,1.1808728546775584,True
51,25,4360,-1317500.0,-97500.0,101.186016172763,1.1803832720955674,True
51,26,4361,-1312500.0,-97500.0,101.23084756925998,1.1798955440767303,True
51,27,4362,-1307500.0,-97500.0,101.2756790051838,1.179409670619718,True
51,28,4363,-1302500.0,-97500.0,101.32051048038433,1.1789256517232614,True
51,29,4364,-1297500.0,-97500.0,101.36534199471146,1.1784434873870868,True
51,30,4365,-1292500.0,-97500.0,101.41017354801501,1.1779631776097963,True
51,31,4366,-1287500.0,-97500.0,101.45500514014492,1.1774847223904172,True
51,32,4367,-1282500.0,-97500.0,101.499836770951,1.177008121728135,True
51,33,4368,-1277500.0,-97500.0,101.54466844028316,1.176533375622222,True
51,34,4369,-1272500.0,-97500.0,101.58950014799123,1.1760604840711453,True
51,35,4370,-1267500.0,-97500.0,101.63433189392511,1.1755894470745132,True
51,36,4371,-1262500.0,-97500.0,101.67916367793462,1.1751202646308954,True
51,37,4372,-1257500.0,-97500.0,101.72399549986969,1.1746529367395329,True
51,38,4373,-1252500.0,-97500.0,101.76882735958013,1.1741874633995841,True
51,39,4374,-1247500.0,-97500.0,101.81365925691581,1.1737238446100962,True
51,40,4375,-1242500.0,-97500.0,101.85849119172661,1.1732620803702623,True
51,41,4376,-1237500.0,-97500.0,101.90332316386238,1.1728021706789353,True
51,42,4377,-1232500.0,-97500.0,101.94815517317299,1.1723441155355778,True
51,43,4378,-1227500.0,-97500.0,101.9929872195083,1.1718879149384231,True
51,44,4379,-1222500.0,-97500.0,102.03781930271813,1.1714335688874622,True
51,45,4380,-1217500.0,-97500.0,102.08265142265239,1.1709810773812521,True
51,46,4381,-1212500.0,-97500.0,102.12748357916094,1.1705304404192374,True
51,47,4382,-1207500.0,-97500.0,102.1723157720936,1.1700816580003868,True
51,48,4383,-1202500.0,-97500.0,102.21714800130023,1.1696347301235828,False
51,49,4384,-1197500.0,-97500.0,102.26198026663072,1.169189656788304,True
51,50,4385,-1192500.0,-97500.0,102.30681256793488,1.1687464379935422,True
51,51,4386,-1187500.0,-97500.0,102.3516449050626,1.168305073738266,True
51,52,4387,-1182500.0,-97500.0,102.39647727786372,1.1678655640216165,True
51,53,4388,-1177500.0,-97500.0,102.44130968618808,1.1674279088428472,True
51,54,4389,-1172500.0,-97500.0,102.48614212988555,1.1669921082013575,False
51,55,4390,-1167500.0,-97500.0,102.53097460880599,1.16655816209563,False
51,56,4391,-1162500.0,-97500.0,102.57580712279922,1.1661260705254213,False
51,57,4392,-1157500.0,-97500.0,102.62063967171513,1.1656958334894398,False
51,58,4393,-1152500.0,-97500.0,102.66547225540351,1.1652674509871108,False
51,59,4394,-1147500.0,-97500.0,102.71030487371426,1.1648409230173293,False
51,60,4395,-1142500.0,-97500.0,102.75513752649722,1.164416249579531,False
51,61,4396,-1137500.0,-97500.0,102.79997021360221,1.1639934306726596,False
51,62,4397,-1132500.0,-97500.0,102.84480293487911,1.1635724662960345,False
51,63,4398,-1127500.0,-97500.0,102.88963569017774,1.163153356448655,False
51,64,4399,-1122500.0,-97500.0,102.93446847934796,1.162736101129952,False
51,65,4400,-1117500.0,-97500.0,102.9793013022396,1.1623207003390392,False
51,66,4401,-1112500.0,-97500.0,103.02413415870254,1.1619071540747368,False
51,67,4402,-1107500.0,-97500.0,103.06896704858656,1.1614954623367197,False
51,68,4403,-1102500.0,-97500.0,103.11379997174156,1.1610856251239823,False
51,69,4404,-1097500.0,-97500.0,103.15863292801735,1.16067764243548,False
51,70,4405,-1092500.0,-97500.0,103.20346591726378,1.1602715142707987,False
51,71,4406,-1087500.0,-97500.0,103.2482989393307,1.1598672406290282,False
51,72,4407,-1082500.0,-97500.0,103.29313199406793,1.1594648215093626,False
51,73,4408,-1077500.0,-97500.0,103.33796508132532,1.159064256910609,False
51,74,4409,-1072500.0,-97500.0,103.38279820095272,1.1586655468326805,False
51,75,4410,-1067500.0,-97500.0,103.42763135279993,1.1582686912743212,False
51,76,4411,-1062500.0,-97500.0,103.47246453671684,1.1578736902352298,False
51,77,4412,-1057500.0,-97500.0,103.51729775255325,1.1574805437138238,False
51,78,4413,-1052500.0,-97500.0,103.562131000159,1.157089251709968,False
51,79,4414,-1047500.0,-97500.0,103.60696427938393,1.1566998142228668,False
51,80,4415,-1042500.0,-97500.0,103.65179759007786,1.1563122312516183,False
51,81,4416,-1037500.0,-97500.0,103.69663093209066,1.15592650279559,False
51,82,4417,-1032500.0,-97500.0,103.74146430527213,1.1555426288534498,False
51,83,4418,-1027500.0,-97500.0,103.78629770947211,1.1551606094254825,False
51,84,4419,-1022500.0,-97500.0,103.83113114454044,1.154780444509914,False
52,0,4420,-1442500.0,-92500.0,100.06577387213483,1.2384883850659025,False
52,1,4421,-1437500.0,-92500.0,100.11060239981383,1.2379542839459463,False
52,2,4422,-1432500.0,-92500.0,100.15543097066735,1.2374220374476006,True
52,3,4423,-1427500.0,-92500.0,100.20025958454528,1.236891645570222,True
52,4,4424,-1422500.0,-92500.0,100.24508824129751,1.236363108312534,True
52,5,4425,-1417500.0,-92500.0,100.28991694077395,1.2358364256732357,True
52,6,4426,-1412500.0,-92500.0,100.33474568282452,1.2353115976514137,True
52,7,4427,-1407500.0,-92500.0,100.37957446729912,1.2347886242460815,True
52,8,4428,-1402500.0,-92500.0,100.42440329404768,1.2342675054557315,True
52,9,4429,-1397500.0,-92500.0,100.46923216292008,1.233748241280092,True
52,10,4430,-1392500.0,-92500.0,100.51406107376623,1.2332308317167333,True
52,11,4431,-1387500.0,-92500.0,100.55889002643603,1.2327152767658305,True
52,12,4432,-1382500.0,-92500.0,100.60371902077941,1.2322015764256018,True
52,13,4433,-1377500.0,-92500.0,100.64854805664622,1.2316897306952352,True
52,14,4434,-1372500.0,-92500.0,100.69337713388641,1.2311797395732196,True
52,15,4435,-1367500.0,-92500.0,100.73820625234987,1.230671603058956,True
52,16,4436,-1362500.0,-92500.0,100.78303541188647,1.2301653211514318,True
52,17,4437,-1357500.0,-92500.0,100.82786461234613,1.2296608938492097,True
52,18,4438,-1352500.0,-92500.0,100.87269385357878,1.2291583211512156,True
52,19,4439,-1347500.0,-92500.0,100.91752313543427,1.2286576030568637,True
52,20,4440,-1342500.0,-92500.0,100.96235245776249,1.2281587395647107,True
52,21,4441,-1337500.0,-92500.0,101.00718182041338,1.22766173067356,True
52,22,4442,-1332500.0,-92500.0,101.0520112232368,1.2271665763830566,True
52,23,4443,-1327500.0,-92500.0,101.09684066608267,1.2266732766914914,True
52,24,4444,-1322500.0,-92500.0,101.14167014880086,1.2261818315980895,True
52,25,4445,-1317500.0,-92500.0,101.18649967124126,1.2256922411017943,True
52,26,4446,-1312500.0,-92500.0,101.23132923325379,1.2252045052015161,True
52,27,4447,-1307500.0,-92500.0,101.27615883468832,1.2247186238963303,True
52,28,4448,-1302500.0,-92500.0,101.32098847539473,1.224234597184957,True
52,29,4449,-1297500.0,-92500.0,101.36581815522294,1.223752425066901,True
52,30,4450,-1292500.0,-92500.0,101.41064787402281,1.2232721075406856,True
52,31,4451,-1287500.0,-92500.0,101.45547763164424,1.2227936446058176,True
52,32,4452,-1282500.0,-92500.0,101.50030742793712,1.222317036260677,True
52,33,4453,-1277500.0,-92500.0,101.54513726275133,1.2218422825044721,True
52,34,4454,-1272500.0,-92500.0,101.58996713593676,1.2213693833366108,True
52,35,4455,-1267500.0,-92500.0,101.63479704734327,1.2208983387556724,True
52,36,4456,-1262500.0,-92500.0,101.67962699682079,1.2204291487607533,True
52,37,4457,-1257500.0,-92500.0,101.72445698421916,1.219961813350962,True
52,38,4458,-1252500.0,-92500.0,101.76928700938826,1.2194963325253179,True
52,39,4459,-1247500.0,-92500.0,101.81411707217804,1.2190327062827355,True
52,40,4460,-1242500.0,-92500.0,101.85894717243829,1.2185709346226612,True
52,41,4461,-1237500.0,-92500.0,101.90377731001895,1.2181110175434968,True
52,42,4462,-1232500.0,-92500.0,101.94860748476987,1.2176529550446258,True
52,43,4463,-1227500.0,-92500.0,101.99343769654095,1.217196747125381,True
52,44,4464,-1222500.0,-92500.0,102.03826794518204,1.2167423937843453,True
52,45,4465,-1217500.0,-92500.0,102.08309823054304,1.2162898950206766,True
52,46,4466,-1212500.0,-92500.0,102.12792855247383,1.2158392508335065,True
52,47,4467,-1207500.0,-92500.0,102.17275891082427,1.215390461221887,True
52,48,4468,-1202500.0,-92500.0,102.21758930544422,1.214943526185199,False
52,49,4469,-1197500.0,-92500.0,102.26241973618359,1.2144984457221737,True
52,50,4470,-1192500.0,-92500.0,102.30725020289223,1.214055219831993,True
52,51,4471,-1187500.0,-92500.0,102.35208070542004,1.2136138485134758,True
52,52,4472,-1182500.0,-92500.0,102.39691124361684,1.2131743317662669,True
52,53,4473,-1177500.0,-92500.0,102.44174181733254,1.2127366695890873,True
52,54,4474,-1172500.0,-92500.0,102.48657242641701,1.2123008619809805,False
52,55,4475,-1167500.0,-92500.0,102.5314030707201,1.2118669089413359,False
52,56,4476,-1162500.0,-92500.0,102.5762337500917,1.2114348104687414,False
52,57,4477,-1157500.0,-92500.0,102.62106446438167,1.2110045665630569,False
52,58,4478,-1152500.0,-92500.0,102.66589521343988,1.2105761772227355,False
52,59,4479,-1147500.0,-92500.0,102.71072599711617,1.2101496424471332,False
52,60,4480,-1142500.0,-92500.0,102.75555681526045,1.209724962235473,False
52,61,4481,-1137500.0,-92500.0,102.80038766772256,1.2093021365870968,False
52,62,4482,-1132500.0,-92500.0,102.84521855435236,1.208881165500783,False
52,63,4483,-1127500.0,-92500.0,102.89004947499974,1.2084620489756797,False
52,64,4484,-1122500.0,-92500.0,102.93488042951452,1.2080447870107758,False
52,65,4485,-1117500.0,-92500.0,102.97971141774661,1.207629379605822,False
52,66,4486,-1112500.0,-92500.0,103.02454243954585,1.2072158267591484,False
52,67,4487,-1107500.0,-92500.0,103.0693734947621,1.2068041284704076,False
52,68,4488,-1102500.0,-92500.0,103.11420458324523,1.2063942847391842,False
52,69,4489,-1097500.0,-92500.0,103.15903570484508,1.2059862955637468,False
52,70,4490,-1092500.0,-92500.0,103.20386685941153,1.2055801609438228,False
52,71,4491,-1087500.0,-92500.0,103.24869804679444,1.205175880878464,False
52,72,4492,-1082500.0,-92500.0,103.29352926684363,1.2047734553666396,False
52,73,4493,-1077500.0,-92500.0,103.33836051940902,1.2043728844080888,False
52,74,4494,-1072500.0,-92500.0,103.38319180434041,1.2039741680011649,False
52,75,4495,-1067500.0,-92500.0,103.4280231214877,1.2035773061455286,False
52,76,4496,-1062500.0,-92500.0,103.47285447070071,1.2031822988407865,False
52,77,4497,-1057500.0,-92500.0,103.51768585182931,1.2027891460853735,False
52,78,4498,-1052500.0,-92500.0,103.56251726472335,1.202397847878866,False
52,79,4499,-1047500.0,-92500.0,103.60734870923271,1.2020084042206742,False
52,80,4500,-1042500.0,-92500.0,103.6521801852072,1.2016208151094854,False
52,81,4501,-1037500.0,-92500.0,103.69701169249669,1.2012350805449186,False
52,82,4502,-1032500.0,-92500.0,103.74184323095103,1.2008512005259568,False
52,83,4503,-1027500.0,-92500.0,103.78667480042009,1.2004691750521226,False
52,84,4504,-1022500.0,-92500.0,103.8315064007537,1.2000890041222025,False
53,0,4505,-1442500.0,-87500.0,100.06630318777277,1.2838001704303668,False
53,1,4506,-1437500.0,-87500.0,100.11112988124442,1.2832660602621193,False
53,2,4507,-1432500.0,-87500.0,100.15595661788527,1.2827338047509698,True
53,3,4508,-1427500.0,-87500.0,100.20078339754524,1.2822034038959798,True
53,4,4509,-1422500.0,-87500.0,100.24561022007425,1.2816748576958858,True
53,5,4510,-1417500.0,-87500.0,100.29043708532224,1.281148166149229,True
53,6,4511,-1412500.0,-87500.0,100.33526399313914,1.2806233292552869,True
53,7,4512,-1407500.0,-87500.0,100.38009094337485,1.2801003470128554,True
53,8,4513,-1402500.0,-87500.0,100.42491793587932,1.2795792194204427,True
53,9,4514,-1397500.0,-87500.0,100.46974497050246,1.2790599464770374,True
53,10,4515,-1392500.0,-87500.0,100.51457204709422,1.278542528181819,True
53,11,4516,-1387500.0,-87500.0,100.55939916550449,1.2780269645331324,True
53,12,4517,-1382500.0,-87500.0,100.6042263255832,1.277513255530492,True
53,13,4518,-1377500.0,-87500.0,100.64905352718027,1.2770014011720838,True
53,14,4519,-1372500.0,-87500.0,100.69388077014563,1.2764914014572666,True
53,15,4520,-1367500.0,-87500.0,100.7387080543292,1.2759832563844644,True
53,16,4521,-1362500.0,-87500.0,100.78353537958085,1.2754769659531688,True
53,17,4522,-1357500.0,-87500.0,100.82836274575057,1.274972530162236,True
53,18,4523,-1352500.0,-87500.0,100.87319015268824,1.274469949009762,True
53,19,4524,-1347500.0,-87500.0,100.91801760024377,1.2739692224958654,True
53,20,4525,-1342500.0,-87500.0,100.9628450882671,1.2734703506181755,True
53,21,4526,-1337500.0,-87500.0,101.00767261660812,1.2729733333767874,True
53,22,4527,-1332500.0,-87500.0,101.05250018511674,1.2724781707696111,True
53,23,4528,-1327500.0,-87500.0,101.09732779364289,1.2719848627963093,True
53,24,4529,-1322500.0,-87500.0,101.14215544203648,1.2714934094553207,True
53,25,4530,-1317500.0,-87500.0,101.1869831301474,1.2710038107456891,True
53,26,4531,-1312500.0,-87500.0,101.2318108578256,1.2705160666669704,True
53,27,4532,-1307500.0,-87500.0,101.27663862492095,1.2700301772170415,True
53,28,4533,-1302500.0,-87500.0,101.32146643128335,1.2695461423957324,True
53,29,4534,-1297500.0,-87500.0,101.36629427676277,1.2690639622015047,True
53,30,4535,-1292500.0,-87500.0,101.41112216120905,1.26858363663336,True
53,31,4536,-1287500.0,-87500.0,101.45595008447212,1.2681051656907516,True
53,32,4537,-1282500.0,-87500.0,101.50077804640189,1.2676285493717308,True
53,33,4538,-1277500.0,-87500.0,101.54560604684828,1.2671537876762913,True
53,34,4539,-1272500.0,-87500.0,101.59043408566117,1.266680880602713,True
53,35,4540,-1267500.0,-87500.0,101.63526216269045,1.2662098281500895,True
53,36,4541,-1262500.0,-87500.0,101.68009027778605,1.2657406303175627,True
53,37,4542,-1257500.0,-87500.0,101.72491843079787,1.2652732871039272,True
53,38,4543,-1252500.0,-87500.0,101.76974662157579,1.2648077985087345,True
53,39,4544,-1247500.0,-87500.0,101.81457484996974,1.2643441645300852,True
53,40,4545,-1242500.0,-87500.0,101.85940311582958,1.263882385167626,True
53,41,4546,-1237500.0,-87500.0,101.90423141900524,1.26342246042031,True
53,42,4547,-1232500.0,-87500.0,101.94905975934661,1.2629643902868943,True
53,43,4548,-1227500.0,-87500.0,101.99388813670359,1.2625081747666234,True
53,44,4549,-1222500.0,-87500.0,102.03871655092605,1.262053813858138,True
53,45,4550,-1217500.0,-87500.0,102.08354500186391,1.2616013075612413,True
53,46,4551,-1212500.0,-87500.0,102.12837348936708,1.2611506558742915,True
53,47,4552,-1207500.0,-87500.0,102.1732020132854,1.2607018587963998,False
53,48,4553,-1202500.0,-87500.0,102.21803057346882,1.2602549163266301,True
53,49,4554,-1197500.0,-87500.0,102.2628591697672,1.259809828464402,True
53,50,4555,-1192500.0,-87500.0,102.30768780203044,1.2593665952082878,True
53,51,4556,-1187500.0,-87500.0,102.35251647010844,1.2589252165573752,True
53,52,4557,-1182500.0,-87500.0,102.39734517385108,1.258485692511084,True
53,53,4558,-1177500.0,-87500.0,102.44217391310825,1.2580480230682896,True
53,54,4559,-1172500.0,-87500.0,102.48700268772983,1.2576122082280348,False
53,55,4560,-1167500.0,-87500.0,102.53183149756573,1.2571782479893236,False
53,56,4561,-1162500.0,-87500.0,102.57666034246581,1.2567461423513335,False
53,57,4562,-1157500.0,-87500.0,102.62148922227999,1.2563158913130446,False
53,58,4563,-1152500.0,-87500.0,102.66631813685814,1.2558874948735084,False
53,59,4564,-1147500.0,-87500.0,102.71114708605012,1.2554609530319354,False
53,60,4565,-1142500.0,-87500.0,102.75597606970585,1.2550362657879073,False
53,61,4566,-1137500.0,-87500.0,102.8008050876752,1.254613433139302,False
53,62,4567,-1132500.0,-87500.0,102.84563413980806,1.2541924550862338,False
53,63,4568,-1127500.0,-87500.0,102.8904632259543,1.253773331627683,False
53,64,4569,-1122500.0,-87500.0,102.93529234596382,1.2533560627623463,False
53,65,4570,-1117500.0,-87500.0,102.98012149968648,1.2529406484897139,False
53,66,4571,-1112500.0,-87500.0,103.02495068697216,1.2525270888085627,False
53,67,4572,-1107500.0,-87500.0,103.06977990767076,1.2521153837182655,False
53,68,4573,-1102500.0,-87500.0,103.11460916163217,1.2517055332180909,False
53,69,4574,-1097500.0,-87500.0,103.15943844870623,1.2512975373068487,False
53,70,4575,-1092500.0,-87500.0,103.20426776874282,1.2508913959838976,False
53,71,4576,-1087500.0,-87500.0,103.24909712159184,1.2504871092480596,False
53,72,4577,-1082500.0,-87500.0,103.2939265071032,1.2500846770990246,False
53,73,4578,-1077500.0,-87500.0,103.33875592512669,1.24968409953549,False
53,74,4579,-1072500.0,-87500.0,103.38358537551224,1.2492853765568686,False
53,75,4580,-1067500.0,-87500.0,103.42841485810972,1.2488885081621948,False
53,76,4581,-1062500.0,-87500.0,103.47324437276899,1.2484934943504864,False
53,77,4582,-1057500.0,-87500.0,103.51807391933993,1.2481003351211903,False
53,78,4583,-1052500.0,-87500.0,103.56290349767242,1.2477090304733747,False
53,79,4584,-1047500.0,-87500.0,103.60773310761633,1.2473195804062478,False
53,80,4585,-1042500.0,-87500.0,103.65256274902151,1.246931984918883,False
53,81,4586,-1037500.0,-87500.0,103.69739242173787,1.2465462440104353,False
53,82,4587,-1032500.0,-87500.0,103.74222212561524,1.2461623576802108,False
53,83,4588,-1027500.0,-87500.0,103.78705186050352,1.2457803259274425,False
53,84,4589,-1022500.0,-87500.0,103.83188162625257,1.2454001487514028,False
54,0,4590,-1442500.0,-82500.0,100.06683246009146,1.3291145919554361,False
54,1,4591,-1437500.0,-82500.0,100.11165731950582,1.3285804724134127,True
54,2,4592,-1432500.0,-82500.0,100.15648222208407,1.3280482075646118,True
54,3,4593,-1427500.0,-82500.0,100.20130716767615,1.327517797408294,True
54,4,4594,-1422500.0,-82500.0,100.24613215613202,1.326989241943049,True
54,5,4595,-1417500.0,-82500.0,100.29095718730163,1.3264625411677378,True
54,6,4596,-1412500.0,-82500.0,100.33578226103492,1.3259376950813255,True
54,7,4597,-1407500.0,-82500.0,100.38060737718183,1.3254147036822648,True
54,8,4598,-1402500.0,-82500.0,100.42543253559228,1.3248935669698052,True
54,9,4599,-1397500.0,-82500.0,100.47025773611627,1.3243742849420712,True
54,10,4600,-1392500.0,-82500.0,100.51508297860367,1.3238568575987486,True
54,11,4601,-1387500.0,-82500.0,100.55990826290449,1.323341284938037,True
54,12,4602,-1382500.0,-82500.0,100.60473358886863,1.322827566959,True
54,13,4603,-1377500.0,-82500.0,100.64955895634601,1.3223157036606112,True
54,14,4604,-1372500.0,-82500.0,100.69438436518664,1.3218056950413886,True
54,15,4605,-1367500.0,-82500.0,100.73920981524039,1.3212975411003325,True
54,16,4606,-1362500.0,-82500.0,100.78403530635721,1.3207912418362961,True
54,17,4607,-1357500.0,-82500.0,100.82886083838704,1.3202867972483945,True
54,18,4608,-1352500.0,-82500.0,100.87368641117985,1.319784207335047,True
54,19,4609,-1347500.0,-82500.0,100.91851202458552,1.3192834720953959,True
54,20,4610,-1342500.0,-82500.0,100.96333767845401,1.318784591528239,True
54,21,4611,-1337500.0,-82500.0,101.00816337263525,1.318287565632393,True
54,22,4612,-1332500.0,-82500.0,101.05298910697917,1.317792394406863,True
54,23,4613,-1327500.0,-82500.0,101.0978148813357,1.3172990778507374,True
54,24,4614,-1322500.0,-82500.0,101.14264069555476,1.3168076159622262,True
54,25,4615,-1317500.0,-82500.0,101.1874665494863,1.3163180087410453,True
54,26,4616,-1312500.0,-82500.0,101.23229244298024,1.3158302561854949,True
54,27,4617,-1307500.0,-82500.0,101.27711837588649,1.3153443582945885,True
54,28,4618,-1302500.0,-82500.0,101.321944348055,1.3148603150673575,True
54,29,4619,-1297500.0,-82500.0,101.36677035933569,1.3143781265030325,True
54,30,4620,-1292500.0,-82500.0,101.4115964095785,1.3138977925997082,True
54,31,4621,-1287500.0,-82500.0,101.45642249863332,1.3134193133572118,True
54,32,4622,-1282500.0,-82500.0,101.50124862635009,1.31294268877375,True
54,33,4623,-1277500.0,-82500.0,101.54607479257874,1.3124679188489858,True
54,34,4624,-1272500.0,-82500.0,101.59090099716917,1.3119950035812185,True
54,35,4625,-1267500.0,-82500.0,101.63572723997133,1.3115239429695567,True
54,36,4626,-1262500.0,-82500.0,101.68055352083512,1.311054737013162,True
54,37,4627,-1257500.0,-82500.0,101.72537983961048,1.3105873857108283,True
54,38,4628,-1252500.0,-82500.0,101.77020619614731,1.310121889061131,True
54,39,4629,-1247500.0,-82500.0,101.81503259029553,1.3096582470640874,True
54,40,4630,-1242500.0,-82500.0,101.85985902190507,1.3091964597175292,True
54,41,4631,-1237500.0,-82500.0,101.90468549082584,1.3087365270211946,True
54,42,4632,-1232500.0,-82500.0,101.94951199690775,1.3082784489735637,True
54,43,4633,-1227500.0,-82500.0,101.99433854000073,1.3078222255740046,True
54,44,4634,-1222500.0,-82500.0,102.03916511995466,1.3073678568210179,True
54,45,4635,-1217500.0,-82500.0,102.0839917366195,1.3069153427144151,True
54,46,4636,-1212500.0,-82500.0,102.12881838984514,1.3064646832523303,True
54,47,4637,-1207500.0,-82500.0,102.17364507948147,1.306015878434338,False
54,48,4638,-1202500.0,-82500.0,102.21847180537844,1.30556892825897,True
54,49,4639,-1197500.0,-82500.0,102.26329856738596,1.305123832725646,True
54,50,4640,-1192500.0,-82500.0,102.3081253653539,1.30468059183331,True
54,51,4641,-1187500.0,-82500.0,102.35295219913222,1.3042392055808167,True
54,52,4642,-1182500.0,-82500.0,102.39777906857078,1.3037996739671451,True
54,53,4643,-1177500.0,-82500.0,102.44260597351953,1.3033619969916364,True
54,54,4644,-1172500.0,-82500.0,102.48743291382834,1.3029261746531928,True
54,55,4645,-1167500.0,-82500.0,102.53225988934715,1.302492206950868,False
54,56,4646,-1162500.0,-82500.0,102.57708689992585,1.3020600938833813,False
54,57,4647,-1157500.0,-82500.0,102.62191394541435,1.3016298354499731,False
54,58,4648,-1152500.0,-82500.0,102.66674102566253,1.3012014316499114,False
54,59,4649,-1147500.0,-82500.0,102.71156814052033,1.300774882482131,False
54,60,4650,-1142500.0,-82500.0,102.75639528983763,1.3003501879458423,False
54,61,4651,-1137500.0,-82500.0,102.80122247346435,1.299927348039649,False
54,62,4652,-1132500.0,-82500.0,102.84604969125037,1.2995063627632624,False
54,63,4653,-1127500.0,-82500.0,102.8908769430456,1.2990872321151794,False
54,64,4654,-1122500.0,-82500.0,102.93570422869995,1.2986699560944046,False
54,65,4655,-1117500.0,-82500.0,102.98053154806331,1.2982545347005705,False
54,66,4656,-1112500.0,-82500.0,103.02535890098558,1.2978409679327019,False
54,67,4657,-1107500.0,-82500.0,103.07018628731666,1.297429255789622,False
54,68,4658,-1102500.0,-82500.0,103.11501370690642,1.2970193982704254,False
54,69,4659,-1097500.0,-82500.0,103.15984115960482,1.2966113953744598,False
54,70,4660,-1092500.0,-82500.0,103.2046686452617,1.2962052471003715,False
54,71,4661,-1087500.0,-82500.0,103.24949616372699,1.2958009534479444,False
54,72,4662,-1082500.0,-82500.0,103.29432371485055,1.2953985144157192,False
54,73,4663,-1077500.0,-82500.0,103.3391512984823,1.2949979300028496,False
54,74,4664,-1072500.0,-82500.0,103.38397891447212,1.2945992002091058,False
54,75,4665,-1067500.0,-82500.0,103.42880656266993,1.2942023250329635,False
54,76,4666,-1062500.0,-82500.0,103.4736342429256,1.2938073044735328,False
54,77,4667,-1057500.0,-82500.0,103.51846195508901,1.293414138530211,False
54,78,4668,-1052500.0,-82500.0,103.56328969901007,1.293022827202129,False
54,79,4669,-1047500.0,-82500.0,103.60811747453866,1.2926333704886261,False
54,80,4670,-1042500.0,-82500.0,103.6529452815247,1.292245768388356,False
54,81,4671,-1037500.0,-82500.0,103.69777311981802,1.2918600209009863,False
54,82,4672,-1032500.0,-82500.0,103.74260098926855,1.2914761280250653,False
54,83,4673,-1027500.0,-82500.0,103.78742888972619,1.2910940897604763,False
54,84,4674,-1022500.0,-82500.0,103.83225682104079,1.290713906105886,False
55,0,4675,-1442500.0,-77500.0,100.06736168909622,1.3744316773682057,True
55,1,4676,-1437500.0,-77500.0,100.11218471460333,1.3738975481259768,True
55,2,4677,-1432500.0,-77500.0,100.15700778326902,1.3733652736146864,True
55,3,4678,-1427500.0,-77500.0,100.20183089494328,1.3728348538330029,True
55,4,4679,-1422500.0,-77500.0,100.24665404947608,1.3723062887802424,True
55,5,4680,-1417500.0,-77500.0,100.29147724671735,1.3717795784543614,True
55,6,4681,-1412500.0,-77500.0,100.33630048651708,1.371254722855105,True
55,7,4682,-1407500.0,-77500.0,100.38112376872522,1.370731721980301,True
55,8,4683,-1402500.0,-77500.0,100.42594709319174,1.3702105758291632,True
55,9,4684,-1397500.0,-77500.0,100.4707704597666,1.3696912844003521,True
55,10,4685,-1392500.0,-77500.0,100.51559386829976,1.3691738476931343,True
55,11,4686,-1387500.0,-77500.0,100.56041731864116,1.368658265705494,True
55,12,4687,-1382500.0,-77500.0,100.60524081064078,1.368144538436699,True
55,13,4688,-1377500.0,-77500.0,100.65006434414859,1.3676326658854012,True
55,14,4689,-1372500.0,-77500.0,100.6948879190145,1.3671226480507395,True
55,15,4690,-1367500.0,-77500.0,100.7397115350885,1.3666144849311617,True
55,16,4691,-1362500.0,-77500.0,100.78453519222055,1.3661081765253755,True
55,17,4692,-1357500.0,-77500.0,100.82935889026058,1.3656037228323983,True
55,18,4693,-1352500.0,-77500.0,100.87418262905857,1.3651011238513877,True
55,19,4694,-1347500.0,-77500.0,100.91900640846444,1.3646003795805206,True
55,20,4695,-1342500.0,-77500.0,100.96383022832816,1.3641014900190882,True
55,21,4696,-1337500.0,-77500.0,101.0086540884997,1.363604455165987,True
55,22,4697,-1332500.0,-77500.0,101.05347798882896,1.3631092750195348,True
55,23,4698,-1327500.0,-77500.0,101.09830192916594,1.36261594957884,True
55,24,4699,-1322500.0,-77500.0,101.14312590936056,1.3621244788432239,True
55,25,4700,-1317500.0,-77500.0,101.18794992926279,1.3616348628111097,True
55,26,4701,-1312500.0,-77500.0,101.23277398872254,1.3611471014811698,True
55,27,4702,-1307500.0,-77500.0,101.2775980875898,1.360661194852851,True
55,28,4703,-1302500.0,-77500.0,101.32242222571446,1.3601771429247125,True
55,29,4704,-1297500.0,-77500.0,101.36724640294652,1.3596949456951306,True
55,30,4705,-1292500.0,-77500.0,101.4120706191359,1.3592146031639383,True
55,31,4706,-1287500.0,-77500.0,101.45689487413254,1.358736115329574,True
55,32,4707,-1282500.0,-77500.0,101.50171916778639,1.3582594821907186,True
55,33,4708,-1277500.0,-77500.0,101.54654349994739,1.3577847037465165,True
55,34,4709,-1272500.0,-77500.0,101.59136787046546,1.3573117799957384,True
55,35,4710,-1267500.0,-77500.0,101.63619227919057,1.3568407109374236,True
55,36,4711,-1262500.0,-77500.0,101.68101672597263,1.3563714965707614,True
55,37,4712,-1257500.0,-77500.0,101.72584121066161,1.3559041368940152,True
55,38,4713,-1252500.0,-77500.0,101.77066573310744,1.3554386319064642,True
55,39,4714,-1247500.0,-77500.0,101.81549029316002,1.35497498160747,True
55,40,4715,-1242500.0,-77500.0,101.86031489066933,1.3545131859950412,True
55,41,4716,-1237500.0,-77500.0,101.9051395254853,1.354053245068797,True
55,42,4717,-1232500.0,-77500.0,101.94996419745782,1.353595158827472,True
55,43,4718,-1227500.0,-77500.0,101.99478890643688,1.3531389272699912,True
55,44,4719,-1222500.0,-77500.0,102.0396136522724,1.3526845503953187,True
55,45,4720,-1217500.0,-77500.0,102.08443843481427,1.3522320282024098,True
55,46,4721,-1212500.0,-77500.0,102.12926325391248,1.3517813606904836,True
55,47,4722,-1207500.0,-77500.0,102.17408810941691,1.3513325478581177,False
55,48,4723,-1202500.0,-77500.0,102.21891300117754,1.35088558970445,False
55,49,4724,-1197500.0,-77500.0,102.26373792904425,1.3504404862285244,True
55,50,4725,-1192500.0,-77500.0,102.308562892867,1.3499972374290987,True
55,51,4726,-1187500.0,-77500.0,102.35338789249572,1.349555843305532,True
55,52,4727,-1182500.0,-77500.0,102.39821292778032,1.3491163038564862,True
55,53,4728,-1177500.0,-77500.0,102.44303799857073,1.3486786190808537,True
55,54,4729,-1172500.0,-77500.0,102.48786310471687,1.3482427889782764,True
55,55,4730,-1167500.0,-77500.0,102.53268824606867,1.3478088135470745,False
55,56,4731,-1162500.0,-77500.0,102.57751342247607,1.3473766927863506,False
55,57,4732,-1157500.0,-77500.0,102.62233863378898,1.3469464266956788,False
55,58,4733,-1152500.0,-77500.0,102.66716387985733,1.3465180152732585,False
55,59,4734,-1147500.0,-77500.0,102.71198916053103,1.3460914585189336,False
55,60,4735,-1142500.0,-77500.0,102.75681447566,1.3456667564312486,False
55,61,4736,-1137500.0,-77500.0,102.80163982509417,1.3452439090092143,False
55,62,4737,-1132500.0,-77500.0,102.84646520868347,1.3448229162522016,False
55,63,4738,-1127500.0,-77500.0,102.8912906262778,1.3444037781588076,False
55,64,4739,-1122500.0,-77500.0,102.93611607772706,1.343986494728317,False
55,65,4740,-1117500.0,-77500.0,102.98094156288123,1.343571065959975,False
55,66,4741,-1112500.0,-77500.0,103.02576708159016,1.343157491852447,False
55,67,4742,-1107500.0,-77500.0,103.07059263370381,1.3427457724049885,False
55,68,4743,-1102500.0,-77500.0,103.1154182190721,1.3423359076169814,False
55,69,4744,-1097500.0,-77500.0,103.16024383754493,1.3419278974868274,False
55,70,4745,-1092500.0,-77500.0,103.20506948897217,1.3415217420141443,False
55,71,4746,-1087500.0,-77500.0,103.24989517320381,1.3411174411977613,False
55,72,4747,-1082500.0,-77500.0,103.29472089008974,1.3407149950368475,False
55,73,4748,-1077500.0,-77500.0,103.33954663947985,1.3403144035306058,False
55,74,4749,-1072500.0,-77500.0,103.38437242122406,1.3399156666779626,False
55,75,4750,-1067500.0,-77500.0,103.4291982351723,1.3395187844780636,False
55,76,4751,-1062500.0,-77500.0,103.47402408117445,1.3391237569297096,False
55,77,4752,-1057500.0,-77500.0,103.51884995908044,1.3387305840324344,False
55,78,4753,-1052500.0,-77500.0,103.56367586874019,1.3383392657856605,False
55,79,4754,-1047500.0,-77500.0,103.60850181000359,1.3379498021877267,False
55,80,4755,-1042500.0,-77500.0,103.65332778272054,1.3375621932379884,False
55,81,4756,-1037500.0,-77500.0,103.69815378674097,1.3371764389358654,False
55,82,4757,-1032500.0,-77500.0,103.74297982191477,1.3367925392803688,False
55,83,4758,-1027500.0,-77500.0,103.78780588809187,1.3364104942704644,False
55,84,4759,-1022500.0,-77500.0,103.83263198512216,1.3360303039053023,False
56,0,4760,-1442500.0,-72500.0,100.06789087479233,1.419751454405878,False
56,1,4761,-1437500.0,-72500.0,100.11271206654223,1.4192173151372451,False
56,2,4762,-1432500.0,-72500.0,100.15753330144543,1.418685030638317,False
56,3,4763,-1427500.0,-72500.0,100.2023545793519,1.418154600907931,False
56,4,4764,-1422500.0,-72500.0,100.24717590011163,1.4176260259443165,False
56,5,4765,-1417500.0,-72500.0,100.29199726357461,1.4170993057466674,True
56,6,4766,-1412500.0,-72500.0,100.33681866959084,1.4165744403133769,True
56,7,4767,-1407500.0,-72500.0,100.38164011801025,1.4160514296437579,True
56,8,4768,-1402500.0,-72500.0,100.42646160868287,1.4155302737358413,True
56,9,4769,-1397500.0,-72500.0,100.47128314145866,1.4150109725889428,True
56,10,4770,-1392500.0,-72500.0,100.51610471618758,1.4144935262015894,True
56,11,4771,-1387500.0,-72500.0,100.56092633271962,1.4139779345722732,True
56,12,4772,-1382500.0,-72500.0,100.60574799090477,1.4134641976998281,True
56,13,4773,-1377500.0,-72500.0,100.650569690593,1.412952315583491,True
56,14,4774,-1372500.0,-72500.0,100.69539143163429,1.4124422882214638,True
56,15,4775,-1367500.0,-72500.0,100.74021321387859,1.4119341156127814,True
56,16,4776,-1362500.0,-72500.0,100.78503503717589,1.4114277977564582,True
56,17,4777,-1357500.0,-72500.0,100.82985690137616,1.4109233346506629,True
56,18,4778,-1352500.0,-72500.0,100.87467880632938,1.4104207262945345,True
56,19,4779,-1347500.0,-72500.0,100.91950075188551,1.4099199726867875,True
56,20,4780,-1342500.0,-72500.0,100.96432273789452,1.4094210738265782,True
56,21,4781,-1337500.0,-72500.0,101.0091447642064,1.4089240297123151,True
56,22,4782,-1332500.0,-72500.0,101.05396683067107,1.4084288403429328,True
56,23,4783,-1327500.0,-72500.0,101.09878893713855,1.4079355057169942,True
56,24,4784,-1322500.0,-72500.0,101.14361108345878,1.407444025833842,True
56,25,4785,-1317500.0,-72500.0,101.18843326948173,1.4069544006916943,True
56,26,4786,-1312500.0,-72500.0,101.23325549505736,1.4064666302899362,True
56,27,4787,-1307500.0,-72500.0,101.27807776003566,1.4059807146270569,True
56,28,4788,-1302500.0,-72500.0,101.32290006426656,1.4054966537019018,True
56,29,4789,-1297500.0,-72500.0,101.36772240760004,1.4050144475135489,True
56,30,4790,-1292500.0,-72500.0,101.41254478988606,1.4045340960603814,True
56,31,4791,-1287500.0,-72500.0,101.45736721097457,1.4040555993420774,True
56,32,4792,-1282500.0,-72500.0,101.50218967071555,1.4035789573567965,True
56,33,4793,-1277500.0,-72500.0,101.54701216895896,1.4031041701032614,True
56,34,4794,-1272500.0,-72500.0,101.59183470555473,1.402631237581077,True
56,35,4795,-1267500.0,-72500.0,101.63665728035285,1.4021601597885966,True
56,36,4796,-1262500.0,-72500.0,101.68147989320325,1.401690936724743,True
56,37,4797,-1257500.0,-72500.0,101.72630254395591,1.4012235683884973,True
56,38,4798,-1252500.0,-72500.0,101.77112523246076,1.4007580547787903,True
56,39,4799,-1247500.0,-72500.0,101.81594795856779,1.400294395894239,True
56,40,4800,-1242500.0,-72500.0,101.86077072212694,1.3998325917340841,True
56,41,4801,-1237500.0,-72500.0,101.90559352298816,1.399372642297282,True
56,42,4802,-1232500.0,-72500.0,101.95041636100139,1.3989145475824702,True
56,43,4803,-1227500.0,-72500.0,101.99523923601659,1.398458307588549,True
56,44,4804,-1222500.0,-72500.0,102.04006214788373,1.3980039223145926,True
56,45,4805,-1217500.0,-72500.0,102.08488509645274,1.397551391759631,True
56,46,4806,-1212500.0,-72500.0,102.12970808157357,1.3971007159220805,False
56,47,4807,-1207500.0,-72500.0,102.17453110309619,1.3966518948014037,False
56,48,4808,-1202500.0,-72500.0,102.21935416087051,1.3962049283965288,True
56,49,4809,-1197500.0,-72500.0,102.26417725474653,1.3957598167061371,True
56,50,4810,-1192500.0,-72500.0,102.30900038457415,1.3953165597290564,False
56,51,4811,-1187500.0,-72500.0,102.35382355020333,1.394875157464861,True
56,52,4812,-1182500.0,-72500.0,102.39864675148404,1.3944356099119006,True
56,53,4813,-1177500.0,-72500.0,102.44346998826619,1.393997917069254,True
56,54,4814,-1172500.0,-72500.0,102.48829326039974,1.3935620789359382,True
56,55,4815,-1167500.0,-72500.0,102.53311656773462,1.3931280955112035,False
56,56,4816,-1162500.0,-72500.0,102.5779399101208,1.3926959667938215,False
56,57,4817,-1157500.0,-72500.0,102.6227632874082,1.392265692782595,False
56,58,4818,-1152500.0,-72500.0,102.66758669944677,1.3918372734765112,False
56,59,4819,-1147500.0,-72500.0,102.71241014608646,1.391410708875026,False
56,60,4820,-1142500.0,-72500.0,102.75723362717717,1.3909859989766122,False
56,61,4821,-1137500.0,-72500.0,102.80205714256888,1.390563143780511,False
56,62,4822,-1132500.0,-72500.0,102.84688069211151,1.3901421432857983,False
56,63,4823,-1127500.0,-72500.0,102.89170427565502,1.3897229974915908,False
56,64,4824,-1122500.0,-72500.0,102.93652789304932,1.3893057063961896,False
56,65,4825,-1117500.0,-72500.0,102.98135154414435,1.3888902699995291,False
56,66,4826,-1112500.0,-72500.0,103.02617522879007,1.388476688300265,False
56,67,4827,-1107500.0,-72500.0,103.07099894683637,1.3880649612971907,False
56,68,4828,-1102500.0,-72500.0,103.11582269813323,1.3876550889897388,False
56,69,4829,-1097500.0,-72500.0,103.16064648253055,1.3872470713764078,False
56,70,4830,-1092500.0,-72500.0,103.2054702998783,1.3868409084570383,False
56,71,4831,-1087500.0,-72500.0,103.25029415002638,1.3864366002300332,False
56,72,4832,-1082500.0,-72500.0,103.29511803282473,1.3860341466949213,False
56,73,4833,-1077500.0,-72500.0,103.33994194812328,1.3856335478500785,False
56,74,4834,-1072500.0,-72500.0,103.38476589577198,1.385234803695354,False
56,75,4835,-1067500.0,-72500.0,103.42958987562072,1.3848379142291731,False
56,76,4836,-1062500.0,-72500.0,103.47441388751946,1.3844428794512609,False
56,77,4837,-1057500.0,-72500.0,103.51923793131812,1.3840496993598983,False
56,78,4838,-1052500.0,-72500.0,103.56406200686664,1.383658373954977,False
56,79,4839,-1047500.0,-72500.0,103.60888611401494,1.383268903234927,False
56,80,4840,-1042500.0,-72500.0,103.65371025261292,1.382881287199379,False
56,81,4841,-1037500.0,-72500.0,103.69853442251053,1.3824955258470764,False
56,82,4842,-1032500.0,-72500.0,103.74335862355771,1.3821116191769145,False
56,83,4843,-1027500.0,-72500.0,103.78818285560436,1.3817295671887286,False
56,84,4844,-1022500.0,-72500.0,103.83300711850042,1.3813493698810915,False
57,0,4845,-1442500.0,-67500.0,100.06842001718515,1.465073950817492,False
57,1,4846,-1437500.0,-67500.0,100.11323937532784,1.4645398011965567,False
57,2,4847,-1432500.0,-67500.0,100.15805877661853,1.4640075063844518,False
57,3,4848,-1427500.0,-67500.0,100.20287822090724,1.4634770663808594,False
57,4,4849,-1422500.0,-67500.0,100.24769770804394,1.4629484811842675,False
57,5,4850,-1417500.0,-67500.0,100.29251723787866,1.4624217507928847,True
57,6,4851,-1412500.0,-67500.0,100.33733681026138,1.4618968752057058,False
57,7,4852,-1407500.0,-67500.0,100.3821564250421,1.4613738544214316,False
57,8,4853,-1402500.0,-67500.0,100.42697608207082,1.4608526884386104,True
57,9,4854,-1397500.0,-67500.0,100.47179578119754,1.460333377256171,True
57,10,4855,-1392500.0,-67500.0,100.51661552227226,1.4598159208723762,True
57,11,4856,-1387500.0,-67500.0,100.56143530514498,1.459300319286251,True
57,12,4857,-1382500.0,-67500.0,100.6062551296657,1.4587865724969267,True
57,13,4858,-1377500.0,-67500.0,100.65107499568438,1.4582746805026046,True
57,14,4859,-1372500.0,-67500.0,100.69589490305104,1.4577646433019211,True
57,15,4860,-1367500.0,-67500.0,100.74071485161566,1.4572564608937062,True
57,16,4861,-1362500.0,-67500.0,100.78553484122826,1.456750133277098,True
57,17,4862,-1357500.0,-67500.0,100.8303548717388,1.4562456604504501,True
57,18,4863,-1352500.0,-67500.0,100.87517494299729,1.4557430424124636,True
57,19,4864,-1347500.0,-67500.0,100.9199950548537,1.4552422791622486,True
57,20,4865,-1342500.0,-67500.0,100.96481520715804,1.454743370697986,True
57,21,4866,-1337500.0,-67500.0,101.00963539976026,1.4542463170191935,True
57,22,4867,-1332500.0,-67500.0,101.0544556325104,1.4537511181240705,True
57,23,4868,-1327500.0,-67500.0,101.09927590525841,1.4532577740114687,True
57,24,4869,-1322500.0,-67500.0,101.14409621785427,1.4527662846803466,True
57,25,4870,-1317500.0,-67500.0,101.188916570148,1.4522766501296627,True
57,26,4871,-1312500.0,-67500.0,101.23373696198954,1.4517888703578694,True
57,27,4872,-1307500.0,-67500.0,101.27855739322891,1.4513029453637907,True
57,28,4873,-1302500.0,-67500.0,101.32337786371608,1.4508188751460924,True
57,29,4874,-1297500.0,-67500.0,101.36819837330101,1.4503366597040421,True
57,30,4875,-1292500.0,-67500.0,101.4130189218337,1.4498562990362294,True
57,31,4876,-1287500.0,-67500.0,101.45783950916413,1.4493777931411425,True
57,32,4877,-1282500.0,-67500.0,101.50266013514228,1.4489011420181377,True
57,33,4878,-1277500.0,-67500.0,101.54748079961814,1.44842634566589,True
57,34,4879,-1272500.0,-67500.0,101.59230150244164,1.4479534040831774,True
57,35,4880,-1267500.0,-67500.0,101.63712224346281,1.4474823172683409,True
57,36,4881,-1262500.0,-67500.0,101.68194302253161,1.4470130852212018,True
57,37,4882,-1257500.0,-67500.0,101.72676383949799,1.4465457079398885,True
57,38,4883,-1252500.0,-67500.0,101.77158469421194,1.4460801854234044,True
57,39,4884,-1247500.0,-67500.0,101.81640558652346,1.445616517670795,True
57,40,4885,-1242500.0,-67500.0,101.86122651628249,1.4451547046810016,True
57,41,4886,-1237500.0,-67500.0,101.90604748333898,1.4446947464523645,True
57,42,4887,-1232500.0,-67500.0,101.95086848754296,1.4442366429842242,True
57,43,4888,-1227500.0,-67500.0,101.99568952874438,1.4437803942752352,True
57,44,4889,-1222500.0,-67500.0,102.04051060679319,1.4433260003244184,False
57,45,4890,-1217500.0,-67500.0,102.08533172153938,1.442873461130646,False
57,46,4891,-1212500.0,-67500.0,102.13015287283291,1.4424227766928102,False
57,47,4892,-1207500.0,-67500.0,102.17497406052374,1.4419739470095843,True
57,48,4893,-1202500.0,-67500.0,102.21979528446184,1.4415269720802104,True
57,49,4894,-1197500.0,-67500.0,102.26461654449717,1.4410818519033743,True
57,50,4895,-1192500.0,-67500.0,102.30943784047973,1.440638586478238,True
57,51,4896,-1187500.0,-67500.0,102.35425917225945,1.440197175803749,True
57,52,4897,-1182500.0,-67500.0,102.39908053968631,1.4397576198781707,True
57,53,4898,-1177500.0,-67500.0,102.44390194261025,1.4393199187012178,True
57,54,4899,-1172500.0,-67500.0,102.48872338088125,1.4388840722713703,False
57,55,4900,-1167500.0,-67500.0,102.53354485434929,1.4384500805879197,False
57,56,4901,-1162500.0,-67500.0,102.5783663628643,1.4380179436492362,False
57,57,4902,-1157500.0,-67500.0,102.62318790627626,1.4375876614549459,False
57,58,4903,-1152500.0,-67500.0,102.6680094844351,1.4371592340036083,False
57,59,4904,-1147500.0,-67500.0,102.71283109719083,1.436732661294358,False
57,60,4905,-1142500.0,-67500.0,102.75765274439335,1.436307943326162,False
57,61,4906,-1137500.0,-67500.0,102.80247442589267,1.4358850800977268,False
57,62,4907,-1132500.0,-67500.0,102.8472961415387,1.4354640716081302,False
57,63,4908,-1127500.0,-67500.0,102.89211789118144,1.435044917856569,False
57,64,4909,-1122500.0,-67500.0,102.93693967467082,1.4346276188419433,False
57,65,4910,-1117500.0,-67500.0,102.9817614918568,1.434212174563081,False
57,66,4911,-1112500.0,-67500.0,103.02658334258935,1.4337985850190544,False
57,67,4912,-1107500.0,-67500.0,103.07140522671838,1.4333868502089926,False
57,68,4913,-1102500.0,-67500.0,103.11622714409387,1.432976970131892,False
57,69,4914,-1097500.0,-67500.0,103.16104909456578,1.432568944786688,False
57,70,4915,-1092500.0,-67500.0,103.20587107798407,1.4321627741721508,False
57,71,4916,-1087500.0,-67500.0,103.25069309419867,1.431758458287603,False
57,72,4917,-1082500.0,-67500.0,103.29551514305952,1.4313559971320318,False
57,73,4918,-1077500.0,-67500.0,103.34033722441659,1.4309553907045922,False
57,74,4919,-1072500.0,-67500.0,103.38515933811982,1.4305566390039404,False
57,75,4920,-1067500.0,-67500.0,103.42998148401915,1.4301597420293715,False
57,76,4921,-1062500.0,-67500.0,103.47480366196456,1.4297646997799334,False
57,77,4922,-1057500.0,-67500.0,103.51962587180597,1.429371512254811,False
57,78,4923,-1052500.0,-67500.0,103.56444811339333,1.4289801794527042,False
57,79,4924,-1047500.0,-67500.0,103.60927038657658,1.4285907013729753,False
57,80,4925,-1042500.0,-67500.0,103.65409269120568,1.4282030780143644,False
57,81,4926,-1037500.0,-67500.0,103.69891502713057,1.4278173093763205,False
57,82,4927,-1032500.0,-67500.0,103.74373739420116,1.4274333954577751,False
57,83,4928,-1027500.0,-67500.0,103.78855979226746,1.4270513362576662,False
57,84,4929,-1022500.0,-67500.0,103.83338222117936,1.426671131775261,False
58,0,4930,-1442500.0,-62500.0,100.06894911627995,1.5103991943643693,False
58,1,4931,-1437500.0,-62500.0,100.11376664096544,1.5098650340642177,False
58,2,4932,-1432500.0,-62500.0,100.15858420879364,1.5093327286144957,False
58,3,4933,-1427500.0,-62500.0,100.20340181961457,1.5088022780136228,False
58,4,4934,-1422500.0,-62500.0,100.24821947327824,1.5082736822606468,False
58,5,4935,-1417500.0,-62500.0,100.29303716963469,1.507746941353615,False
58,6,4936,-1412500.0,-62500.0,100.3378549085339,1.5072220552914868,False
58,7,4937,-1407500.0,-62500.0,100.38267268982592,1.5066990240730647,False
58,8,4938,-1402500.0,-62500.0,100.42749051336077,1.5061778476967838,False
58,9,4939,-1397500.0,-62500.0,100.47230837898844,1.50565852616166,True
58,10,4940,-1392500.0,-62500.0,100.51712628655896,1.505141059465707,True
58,11,4941,-1387500.0,-62500.0,100.56194423592235,1.5046254476081198,True
58,12,4942,-1382500.0,-62500.0,100.60676222692862,1.5041116905872385,True
58,13,4943,-1377500.0,-62500.0,100.65158025942777,1.5035997884022025,True
58,14,4944,-1372500.0,-62500.0,100.69639833326983,1.5030897410512478,True
58,15,4945,-1367500.0,-62500.0,100.7412164483048,1.502581548533137,True
58,16,4946,-1362500.0,-62500.0,100.78603460438268,1.5020752108468498,True
58,17,4947,-1357500.0,-62500.0,100.8308528013535,1.501570727990841,True
58,18,4948,-1352500.0,-62500.0,100.87567103906727,1.5010680999642019,True
58,19,4949,-1347500.0,-62500.0,100.92048931737398,1.5005673267651394,True
58,20,4950,-1342500.0,-62500.0,100.96530763612363,1.500068408392646,True
58,21,4951,-1337500.0,-62500.0,101.01012599516625,1.4995713448455392,True
58,22,4952,-1332500.0,-62500.0,101.05494439435184,1.4990761361219682,True
58,23,4953,-1327500.0,-62500.0,101.09976283353039,1.4985827822213735,True
58,24,4954,-1322500.0,-62500.0,101.14458131255194,1.49809128314231,True
58,25,4955,-1317500.0,-62500.0,101.18939983126641,1.4976016388834776,True
58,26,4956,-1312500.0,-62500.0,101.2342183895239,1.4971138494434248,True
58,27,4957,-1307500.0,-62500.0,101.27903698717436,1.4966279148213486,True
58,28,4958,-1302500.0,-62500.0,101.3238556240678,1.496143835015678,True
58,29,4959,-1297500.0,-62500.0,101.36867430005422,1.4956616100252018,True
58,30,4960,-1292500.0,-62500.0,101.41349301498362,1.4951812398489452,True
58,31,4961,-1287500.0,-62500.0,101.45831176870598,1.4947027244851476,True
58,32,4962,-1282500.0,-62500.0,101.50313056107134,1.4942260639331333,True
58,33,4963,-1277500.0,-62500.0,101.54794939192965,1.4937512581917871,True
58,34,4964,-1272500.0,-62500.0,101.59276826113093,1.4932783072595954,True
58,35,4965,-1267500.0,-62500.0,101.63758716852516,1.4928072111351725,True
58,36,4966,-1262500.0,-62500.0,101.68240611396236,1.4923379698174617,True
58,37,4967,-1257500.0,-62500.0,101.72722509729249,1.4918705833056662,True
58,38,4968,-1252500.0,-62500.0,101.77204411836559,1.491405051598118,True
58,39,4969,-1247500.0,-62500.0,101.81686317703158,1.490941374693969,True
58,40,4970,-1242500.0,-62500.0,101.86168227314053,1.4904795525918477,True
58,41,4971,-1237500.0,-62500.0,101.90650140654238,1.4900195852908245,True
58,42,4972,-1232500.0,-62500.0,101.95132057708712,1.4895614727894775,True
58,43,4973,-1227500.0,-62500.0,101.99613978462476,1.4891052150866915,False
58,44,4974,-1222500.0,-62500.0,102.0409590290053,1.4886508121813629,False
58,45,4975,-1217500.0,-62500.0,102.08577831007867,1.4881982640723361,True
58,46,4976,-1212500.0,-62500.0,102.13059762769493,1.4877475707587302,True
58,47,4977,-1207500.0,-62500.0,102.175416981704,1.4872987322389717,True
58,48,4978,-1202500.0,-62500.0,102.22023637195592,1.486851748511926,True
58,49,4979,-1197500.0,-62500.0,102.26505579830062,1.4864066195769725,True
58,50,4980,-1192500.0,-62500.0,102.30987526058814,1.4859633454329892,True
58,51,4981,-1187500.0,-62500.0,102.35469475866843,1.4855219260780992,True
58,52,4982,-1182500.0,-62500.0,102.39951429239147,1.4850823615118478,True
58,53,4983,-1177500.0,-62500.0,102.44433386160725,1.4846446517327367,True
58,54,4984,-1172500.0,-62500.0,102.48915346616576,1.4842087967400732,False
58,55,4985,-1167500.0,-62500.0,102.53397310591697,1.483774796532828,False
58,56,4986,-1162500.0,-62500.0,102.57879278071084,1.4833426511092207,False
58,57,4987,-1157500.0,-62500.0,102.62361249039739,1.4829123604689138,False
58,58,4988,-1152500.0,-62500.0,102.66843223482658,1.4824839246105739,False
58,59,4989,-1147500.0,-62500.0,102.71325201384838,1.4820573435328397,False
58,60,4990,-1142500.0,-62500.0,102.75807182731276,1.4816326172350711,False
58,61,4991,-1137500.0,-62500.0,102.80289167506972,1.4812097457160696,False
58,62,4992,-1132500.0,-62500.0,102.84771155696922,1.4807887289745372,False
58,63,4993,-1127500.0,-62500.0,102.89253147286124,1.480369567009793,False
58,64,4994,-1122500.0,-62500.0,102.93735142259574,1.479952259820624,False
58,65,4995,-1117500.0,-62500.0,102.9821714060227,1.4795368074057937,False
58,66,4996,-1112500.0,-62500.0,103.02699142299211,1.479123209764602,False
58,67,4997,-1107500.0,-62500.0,103.07181147335392,1.4787114668961996,False
58,68,4998,-1102500.0,-62500.0,103.11663155695813,1.4783015787987452,False
58,69,4999,-1097500.0,-62500.0,103.16145167365467,1.477893545471862,False
58,70,5000,-1092500.0,-62500.0,103.20627182329353,1.4774873669143425,False
58,71,5001,-1087500.0,-62500.0,103.25109200572467,1.4770830431254935,False
58,72,5002,-1082500.0,-62500.0,103.29591222079809,1.476680574103679,False
58,73,5003,-1077500.0,-62500.0,103.34073246836373,1.4762799598484257,False
58,74,5004,-1072500.0,-62500.0,103.38555274827155,1.4758812003587054,False
58,75,5005,-1067500.0,-62500.0,103.43037306037154,1.475484295633191,False
58,76,5006,-1062500.0,-62500.0,103.47519340451365,1.4750892456710334,False
58,77,5007,-1057500.0,-62500.0,103.52001378054786,1.47469605047169,False
58,78,5008,-1052500.0,-62500.0,103.5648341883241,1.4743047100334836,False
58,79,5009,-1047500.0,-62500.0,103.6096546276924,1.4739152243558145,False
58,80,5010,-1042500.0,-62500.0,103.65447509850264,1.4735275934376002,False
58,81,5011,-1037500.0,-62500.0,103.69929560060486,1.4731418172781354,False
58,82,5012,-1032500.0,-62500.0,103.74411613384896,1.472757895876144,False
58,83,5013,-1027500.0,-62500.0,103.78893669808494,1.4723758292309932,False
58,84,5014,-1022500.0,-62500.0,103.83375729316275,1.4719956173415256,False
59,0,5015,-1442500.0,-57500.0,100.06947817208209,1.5557272128186448,False
59,1,5016,-1437500.0,-57500.0,100.11429386346035,1.5551930415129778,False
59,2,5017,-1432500.0,-57500.0,100.15910959797603,1.554660725099959,False
59,3,5018,-1427500.0,-57500.0,100.20392537547916,1.5541302635777279,False
59,4,5019,-1422500.0,-57500.0,100.24874119581979,1.5536016569452051,False
59,5,5020,-1417500.0,-57500.0,100.29355705884794,1.5530749052007777,False
59,6,5021,-1412500.0,-57500.0,100.33837296441364,1.552550008343273,False
59,7,5022,-1407500.0,-57500.0,100.38318891236695,1.5520269663709496,False
59,8,5023,-1402500.0,-57500.0,100.42800490255787,1.5515057792824372,True
59,9,5024,-1397500.0,-57500.0,100.47282093483649,1.55098644707705,True
59,10,5025,-1392500.0,-57500.0,100.5176370090528,1.5504689697526006,True
59,11,5026,-1387500.0,-57500.0,100.56245312505685,1.5499533473081029,True
59,12,5027,-1382500.0,-57500.0,100.60726928269865,1.54943957974239,True
59,13,5028,-1377500.0,-57500.0,100.65208548182827,1.548927667053684,True
59,14,5029,-1372500.0,-57500.0,100.6969017222957,1.5484176092406783,True
59,15,5030,-1367500.0,-57500.0,100.74171800395101,1.5479094063021075,True
59,16,5031,-1362500.0,-57500.0,100.78653432664417,1.5474030582368057,True
59,17,5032,-1357500.0,-57500.0,100.83135069022526,1.5468985650435152,True
59,18,5033,-1352500.0,-57500.0,100.8761670945443,1.5463959267204836,True
59,19,5034,-1347500.0,-57500.0,100.92098353945129,1.5458951432669346,True
59,20,5035,-1342500.0,-57500.0,100.96580002479628,1.5453962146808462,True
59,21,5036,-1337500.0,-57500.0,101.01061655042926,1.5448991409615098,True
59,22,5037,-1332500.0,-57500.0,101.0554331162003,1.54440392210737,True
59,23,5038,-1327500.0,-57500.0,101.1002497219594,1.543910558117052,True
59,24,5039,-1322500.0,-57500.0,101.1450663675566,1.5434190489894057,True
59,25,5040,-1317500.0,-57500.0,101.18988305284188,1.5429293947233094,True
59,26,5041,-1312500.0,-57500.0,101.23469977766528,1.542441595317326,True
59,27,5042,-1307500.0,-57500.0,101.27951654187684,1.5419556507701524,True
59,28,5043,-1302500.0,-57500.0,101.32433334532656,1.5414715610802108,True
59,29,5044,-1297500.0,-57500.0,101.36915018786446,1.5409893262467218,True
59,30,5045,-1292500.0,-57500.0,101.41396706934056,1.5405089462682424,True
59,31,5046,-1287500.0,-57500.0,101.45878398960487,1.540030421143612,True
59,32,5047,-1282500.0,-57500.0,101.50360094850741,1.539553750871459,True
59,33,5048,-1277500.0,-57500.0,101.54841794589821,1.539078935450529,True
59,34,5049,-1272500.0,-57500.0,101.59323498162725,1.5386059748795315,True
59,35,5050,-1267500.0,-57500.0,101.63805205554456,1.5381348691577421,True
59,36,5051,-1262500.0,-57500.0,101.68286916750017,1.5376656182832007,True
59,37,5052,-1257500.0,-57500.0,101.72768631734407,1.5371982222551321,True
59,38,5053,-1252500.0,-57500.0,101.77250350492628,1.536732681071906,True
59,39,5054,-1247500.0,-57500.0,101.8173207300968,1.5362689947327128,True
59,40,5055,-1242500.0,-57500.0,101.86213799270566,1.535807163236282,True
59,41,5056,-1237500.0,-57500.0,101.90695529260285,1.5353471865815418,True
59,42,5057,-1232500.0,-57500.0,101.95177262963838,1.5348890647671227,False
59,43,5058,-1227500.0,-57500.0,101.99659000366226,1.534432797791694,False
59,44,5059,-1222500.0,-57500.0,102.04140741452451,1.5339783856541038,True
59,45,5060,-1217500.0,-57500.0,102.08622486207513,1.533525828353536,True
59,46,5061,-1212500.0,-57500.0,102.1310423461641,1.5330751258882662,True
59,47,5062,-1207500.0,-57500.0,102.17585986664145,1.5326262782575504,True
59,48,5063,-1202500.0,-57500.0,102.22067742335717,1.532179285460322,True
59,49,5064,-1197500.0,-57500.0,102.26549501616128,1.5317341474950485,True
59,50,5065,-1192500.0,-57500.0,102.31031264490376,1.5312908643606755,True
59,51,5066,-1187500.0,-57500.0,102.35513030943464,1.530849436056304,True
59,52,5067,-1182500.0,-57500.0,102.3999480096039,1.5304098625803753,True
59,53,5068,-1177500.0,-57500.0,102.44476574526155,1.529972143932262,False
59,54,5069,-1172500.0,-57500.0,102.48958351625757,1.5295362801101204,False
59,55,5070,-1167500.0,-57500.0,102.53440132244197,1.5291022711136568,False
59,56,5071,-1162500.0,-57500.0,102.57921916366475,1.5286701169411199,False
59,57,5072,-1157500.0,-57500.0,102.62403703977591,1.528239817591951,False
59,58,5073,-1152500.0,-57500.0,102.66885495062544,1.5278113730643756,False
59,59,5074,-1147500.0,-57500.0,102.71367289606334,1.5273847833578191,False
59,60,5075,-1142500.0,-57500.0,102.75849087593961,1.5269600484710133,False
59,61,5076,-1137500.0,-57500.0,102.80330889010422,1.5265371684027471,False
59,62,5077,-1132500.0,-57500.0,102.8481269384072,1.5261161431521157,False
59,63,5078,-1127500.0,-57500.0,102.89294502069853,1.5256969727181078,False
59,64,5079,-1122500.0,-57500.0,102.9377631368282,1.5252796570992682,False
59,65,5080,-1117500.0,-57500.0,102.98258128664618,1.5248641962945686,False
59,66,5081,-1112500.0,-57500.0,103.02739947000248,1.5244505903035401,False
59,67,5082,-1107500.0,-57500.0,103.0722176867471,1.5240388391246138,False
59,68,5083,-1102500.0,-57500.0,103.11703593673,1.5236289427568752,False
59,69,5084,-1097500.0,-57500.0,103.16185421980121,1.5232209011988753,False
59,70,5085,-1092500.0,-57500.0,103.2066725358107,1.5228147144503366,False
59,71,5086,-1087500.0,-57500.0,103.25149088460844,1.5224103825096131,False
59,72,5087,-1082500.0,-57500.0,103.29630926604445,1.5220079053759765,False
59,73,5088,-1077500.0,-57500.0,103.34112767996868,1.5216072830481984,False
59,74,5089,-1072500.0,-57500.0,103.38594612623112,1.5212085155252748,False
59,75,5090,-1067500.0,-57500.0,103.43076460468178,1.5208116028064196,False
59,76,5091,-1062500.0,-57500.0,103.47558311517065,1.5204165448902986,False
59,77,5092,-1057500.0,-57500.0,103.52040165754768,1.520023341776262,False
59,78,5093,-1052500.0,-57500.0,103.56522023166288,1.5196319934627143,False
59,79,5094,-1047500.0,-57500.0,103.6100388373662,1.5192424999493195,False
59,80,5095,-1042500.0,-57500.0,103.65485747450766,1.5188548612348576,False
59,81,5096,-1037500.0,-57500.0,103.69967614293724,1.5184690773180916,False
59,82,5097,-1032500.0,-57500.0,103.74449484250488,1.5180851481982083,False
59,83,5098,-1027500.0,-57500.0,103.78931357306058,1.5177030738741553,False
59,84,5099,-1022500.0,-57500.0,103.83413233445434,1.5173228543453716,False
60,0,5100,-1442500.0,-52500.0,100.07000718459683,1.6010580339651863,False
60,1,5101,-1437500.0,-52500.0,100.11482104281785,1.6005238513276734,False
60,2,5102,-1432500.0,-52500.0,100.15963494417097,1.599991523625829,False
60,3,5103,-1427500.0,-52500.0,100.20444888850626,1.599461050857895,False
60,4,5104,-1422500.0,-52500.0,100.2492628756738,1.5989324330226822,False
60,5,5105,-1417500.0,-52500.0,100.29407690552362,1.5984056701186937,False
60,6,5106,-1412500.0,-52500.0,100.33889097790578,1.5978807621446978,False
60,7,5107,-1407500.0,-52500.0,100.38370509267033,1.597357709098658,False
60,8,5108,-1402500.0,-52500.0,100.42851924966733,1.596836510980001,True
60,9,5109,-1397500.0,-52500.0,100.47333344874684,1.5963171677864518,True
60,10,5110,-1392500.0,-52500.0,100.51814768975892,1.5957996795172342,True
60,11,5111,-1387500.0,-52500.0,100.56296197255358,1.5952840461707765,True
60,12,5112,-1382500.0,-52500.0,100.6077762969809,1.5947702677456619,True
60,13,5113,-1377500.0,-52500.0,100.65259066289094,1.5942583442404001,True
60,14,5114,-1372500.0,-52500.0,100.69740507013373,1.593748275653583,True
60,15,5115,-1367500.0,-52500.0,100.74221951855931,1.5932400619840474,True
60,16,5116,-1362500.0,-52500.0,100.78703400801776,1.5927337032302138,True
60,17,5117,-1357500.0,-52500.0,100.83184853835908,1.5922291993908135,True
60,18,5118,-1352500.0,-52500.0,100.87666310943335,1.591726550464404,True
60,19,5119,-1347500.0,-52500.0,100.92147772109061,1.5912257564497791,True
60,20,5120,-1342500.0,-52500.0,100.96629237318089,1.590726817345333,True
60,21,5121,-1337500.0,-52500.0,101.01110706555426,1.5902297331498896,True
60,22,5122,-1332500.0,-52500.0,101.05592179806071,1.5897345038620698,True
60,23,5123,-1327500.0,-52500.0,101.10073657055034,1.5892411294807949,True
60,24,5124,-1322500.0,-52500.0,101.14555138287317,1.5887496100041092,True
60,25,5125,-1317500.0,-52500.0,101.1903662348792,1.5882599454314976,True
60,26,5126,-1312500.0,-52500.0,101.23518112641852,1.5877721357609358,True
60,27,5127,-1307500.0,-52500.0,101.27999605734117,1.5872861809914973,True
60,28,5128,-1302500.0,-52500.0,101.32481102749713,1.586802081121948,True
60,29,5129,-1297500.0,-52500.0,101.3696260367365,1.5863198361506279,True
60,30,5130,-1292500.0,-52500.0,101.41444108490928,1.585839446076311,True
60,31,5131,-1287500.0,-52500.0,101.45925617186552,1.5853609108981217,True
60,32,5132,-1282500.0,-52500.0,101.50407129745524,1.5848842306143647,True
60,33,5133,-1277500.0,-52500.0,101.54888646152848,1.584409405223675,True
60,34,5134,-1272500.0,-52500.0,101.59370166393529,1.5839364347252494,True
60,35,5135,-1267500.0,-52500.0,101.63851690452567,1.583465319117341,True
60,36,5136,-1262500.0,-52500.0,101.68333218314967,1.5829960583990565,True
60,37,5137,-1257500.0,-52500.0,101.72814749965734,1.5825286525686786,True
60,38,5138,-1252500.0,-52500.0,101.77296285389866,1.5820631016257316,True
60,39,5139,-1247500.0,-52500.0,101.8177782457237,1.5815994055680715,True
60,40,5140,-1242500.0,-52500.0,101.86259367498245,1.5811375643952519,False
60,41,5141,-1237500.0,-52500.0,101.90740914152498,1.5806775781052338,False
60,42,5142,-1232500.0,-52500.0,101.95222464520128,1.5802194466976234,False
60,43,5143,-1227500.0,-52500.0,101.99704018586142,1.5797631701706978,False
60,44,5144,-1222500.0,-52500.0,102.04185576335539,1.5793087485231248,True
60,45,5145,-1217500.0,-52500.0,102.0866713775332,1.5788561817540583,True
60,46,5146,-1212500.0,-52500.0,102.1314870282449,1.5784054698622134,True
60,47,5147,-1207500.0,-52500.0,102.17630271534051,1.5779566128460691,False
60,48,5148,-1202500.0,-52500.0,102.22111843867006,1.5775096107049542,False
60,49,5149,-1197500.0,-52500.0,102.26593419808356,1.5770644634373028,False
60,50,5150,-1192500.0,-52500.0,102.31074999343102,1.576621171042207,False
60,51,5151,-1187500.0,-52500.0,102.35556582456248,1.5761797335178453,False
60,52,5152,-1182500.0,-52500.0,102.40038169132795,1.5757401508637632,False
60,53,5153,-1177500.0,-52500.0,102.44519759357743,1.575302423078577,False
60,54,5154,-1172500.0,-52500.0,102.49001353116098,1.5748665501610395,False
60,55,5155,-1167500.0,-52500.0,102.53482950392858,1.5744325321102635,False
60,56,5156,-1162500.0,-52500.0,102.57964551173028,1.5740003689244293,False
60,57,5157,-1157500.0,-52500.0,102.62446155441604,1.573570060602959,False
60,58,5158,-1152500.0,-52500.0,102.66927763183593,1.5731416071447506,False
60,59,5159,-1147500.0,-52500.0,102.71409374383995,1.5727150085484438,False
60,60,5160,-1142500.0,-52500.0,102.75890989027809,1.5722902648128312,False
60,61,5161,-1137500.0,-52500.0,102.8037260710004,1.5718673759369912,False
60,62,5162,-1132500.0,-52500.0,102.84854228585685,1.571446341919738,False
60,63,5163,-1127500.0,-52500.0,102.89335853469748,1.5710271627600276,False
60,64,5164,-1122500.0,-52500.0,102.9381748173723,1.5706098384565597,False
60,65,5165,-1117500.0,-52500.0,102.98299113373132,1.5701943690086055,False
60,66,5166,-1112500.0,-52500.0,103.02780748362453,1.5697807544145366,False
60,67,5167,-1107500.0,-52500.0,103.07262386690196,1.5693689946735339,False
60,68,5168,-1102500.0,-52500.0,103.1174402834136,1.568959089784671,False
60,69,5169,-1097500.0,-52500.0,103.16225673300949,1.5685510397464817,False
60,70,5170,-1092500.0,-52500.0,103.2070732155396,1.5681448445582788,False
60,71,5171,-1087500.0,-52500.0,103.25188973085395,1.5677405042188912,False
60,72,5172,-1082500.0,-52500.0,103.29670627880256,1.5673380187271848,False
60,73,5173,-1077500.0,-52500.0,103.3415228592354,1.5669373880818798,False
60,74,5174,-1072500.0,-52500.0,103.38633947200249,1.5665386122824407,False
60,75,5175,-1067500.0,-52500.0,103.43115611695384,1.566141691327358,False
60,76,5176,-1062500.0,-52500.0,103.47597279393948,1.5657466252157113,False
60,77,5177,-1057500.0,-52500.0,103.52078950280935,1.565353413946552,False
60,78,5178,-1052500.0,-52500.0,103.5656062434135,1.5649620575184835,False
60,79,5179,-1047500.0,-52500.0,103.61042301560191,1.5645725559312105,False
60,80,5180,-1042500.0,-52500.0,103.65523981922459,1.5641849091832716,False
60,81,5181,-1037500.0,-52500.0,103.70005665413152,1.5637991172734833,False
60,82,5182,-1032500.0,-52500.0,103.74487352017273,1.5634151802011556,False
60,83,5183,-1027500.0,-52500.0,103.7896904171982,1.563033097965186,False
60,84,5184,-1022500.0,-52500.0,103.83450734505792,1.5626528705644138,False
61,0,5185,-1442500.0,-47500.0,100.07053615382954,1.6463916856007421,False
61,1,5186,-1437500.0,-47500.0,100.11534817904322,1.6458574913045039,False
61,2,5187,-1432500.0,-47500.0,100.16016024738373,1.6453251519882073,False
61,3,5188,-1427500.0,-47500.0,100.20497235870114,1.6447946676503449,False
61,4,5189,-1422500.0,-47500.0,100.24978451284552,1.6442660382893415,False
61,5,5190,-1417500.0,-47500.0,100.29459670966695,1.6437392639037134,False
61,6,5191,-1412500.0,-47500.0,100.33940894901552,1.6432143444920175,False
61,7,5192,-1407500.0,-47500.0,100.38422123074125,1.6426912800525795,False
61,8,5193,-1402500.0,-47500.0,100.42903355469427,1.6421700705843256,True
61,9,5194,-1397500.0,-47500.0,100.47384592072464,1.6416507160856835,True
61,10,5195,-1392500.0,-47500.0,100.5186583286824,1.6411332165552615,True
61,11,5196,-1387500.0,-47500.0,100.56347077841765,1.6406175719912777,True
61,12,5197,-1382500.0,-47500.0,100.60828326978044,1.640103782392735,True
61,13,5198,-1377500.0,-47500.0,100.65309580262085,1.63959184775762,True
61,14,5199,-1372500.0,-47500.0,100.69790837678894,1.6390817680852539,True
61,15,5200,-1367500.0,-47500.0,100.74272099213478,1.638573543373652,True
61,16,5201,-1362500.0,-47500.0,100.78753364850844,1.6380671736215955,True
61,17,5202,-1357500.0,-47500.0,100.83234634575996,1.6375626588276182,True
61,18,5203,-1352500.0,-47500.0,100.87715908373943,1.6370599989905017,True
61,19,5204,-1347500.0,-47500.0,100.92197186229691,1.636559194108748,True
61,20,5205,-1342500.0,-47500.0,100.96678468128246,1.6360602441808896,True
61,21,5206,-1337500.0,-47500.0,101.01159754054612,1.6355631492055593,True
61,22,5207,-1332500.0,-47500.0,101.05641043993798,1.6350679091812392,True
61,23,5208,-1327500.0,-47500.0,101.10122337930808,1.634574524106861,True
61,24,5209,-1322500.0,-47500.0,101.14603635850648,1.6340829939810806,True
61,25,5210,-1317500.0,-47500.0,101.19084937738326,1.6335933188019198,True
61,26,5211,-1312500.0,-47500.0,101.23566243578846,1.6331054985690368,True
61,27,5212,-1307500.0,-47500.0,101.28047553357213,1.6326195332801439,True
61,28,5213,-1302500.0,-47500.0,101.32528867058433,1.632135422934448,True
61,29,5214,-1297500.0,-47500.0,101.37010184667511,1.6316531675306583,True
61,30,5215,-1292500.0,-47500.0,101.41491506169456,1.6311727670667104,True
61,31,5216,-1287500.0,-47500.0,101.45972831549267,1.6306942215422504,True
61,32,5217,-1282500.0,-47500.0,101.50454160791956,1.6302175309553648,True
61,33,5218,-1277500.0,-47500.0,101.54935493882522,1.6297426953048335,True
61,34,5219,-1272500.0,-47500.0,101.59416830805975,1.6292697145892887,True
61,35,5220,-1267500.0,-47500.0,101.63898171547318,1.6287985888075294,True
61,36,5221,-1262500.0,-47500.0,101.68379516091555,1.6283293179584664,True
61,37,5222,-1257500.0,-47500.0,101.72860864423693,1.6278619020406124,True
61,38,5223,-1252500.0,-47500.0,101.77342216528733,1.6273963410524868,True
61,39,5224,-1247500.0,-47500.0,101.81823572391684,1.6269326349932374,False
61,40,5225,-1242500.0,-47500.0,101.86304931997549,1.6264707838609274,False
61,41,5226,-1237500.0,-47500.0,101.90786295331331,1.626010787655202,False
61,42,5227,-1232500.0,-47500.0,101.95267662378039,1.625552646373835,False
61,43,5228,-1227500.0,-47500.0,101.99749033122671,1.62509636001646,False
61,44,5229,-1222500.0,-47500.0,102.04230407550237,1.6246419285810803,False
61,45,5230,-1217500.0,-47500.0,102.08711785645738,1.6241893520671429,False
61,46,5231,-1212500.0,-47500.0,102.13193167394179,1.623738630472556,False
61,47,5232,-1207500.0,-47500.0,102.17674552780565,1.6232897637968837,False
61,48,5233,-1202500.0,-47500.0,102.22155941789899,1.6228427520384436,False
61,49,5234,-1197500.0,-47500.0,102.26637334407185,1.6223975951959917,False
61,50,5235,-1192500.0,-47500.0,102.31118730617428,1.6219542932687179,False
61,51,5236,-1187500.0,-47500.0,102.3560013040563,1.6215128462551587,False
61,52,5237,-1182500.0,-47500.0,102.40081533756796,1.6210732541539266,False
61,53,5238,-1177500.0,-47500.0,102.44562940655929,1.6206355169641125,False
61,54,5239,-1172500.0,-47500.0,102.49044351088033,1.6201996346843626,False
61,55,5240,-1167500.0,-47500.0,102.53525765038113,1.6197656073135325,False
61,56,5241,-1162500.0,-47500.0,102.58007182491168,1.6193334348504562,False
61,57,5242,-1157500.0,-47500.0,102.62488603432207,1.6189031172937396,False
61,58,5243,-1152500.0,-47500.0,102.6697002784623,1.6184746546428361,False
61,59,5244,-1147500.0,-47500.0,102.7145145571824,1.6180480468957639,False
61,60,5245,-1142500.0,-47500.0,102.75932887033242,1.6176232940517703,False
61,61,5246,-1137500.0,-47500.0,102.80414321776239,1.6172003961099792,False
61,62,5247,-1132500.0,-47500.0,102.84895759932232,1.6167793530684456,False
61,63,5248,-1127500.0,-47500.0,102.89377201486226,1.6163601649269337,False
61,64,5249,-1122500.0,-47500.0,102.93858646423223,1.6159428316837787,False
61,65,5250,-1117500.0,-47500.0,102.98340094728226,1.6155273533377268,False
61,66,5251,-1112500.0,-47500.0,103.02821546386238,1.6151137298881193,False
61,67,5252,-1107500.0,-47500.0,103.07303001382262,1.6147019613334024,False
61,68,5253,-1102500.0,-47500.0,103.11784459701299,1.6142920476726432,False
61,69,5254,-1097500.0,-47500.0,103.16265921328353,1.6138839889049148,False
61,70,5255,-1092500.0,-47500.0,103.20747386248426,1.61347778502883,False
61,71,5256,-1087500.0,-47500.0,103.25228854446522,1.6130734360431382,False
61,72,5257,-1082500.0,-47500.0,103.29710325907641,1.6126709419471283,False
61,73,5258,-1077500.0,-47500.0,103.34191800616786,1.6122703027398722,False
61,74,5259,-1072500.0,-47500.0,103.3867327855896,1.6118715184195966,False
61,75,5260,-1067500.0,-47500.0,103.43154759719165,1.6114745889856592,False
61,76,5261,-1062500.0,-47500.0,103.47636244082403,1.6110795144369354,False
61,77,5262,-1057500.0,-47500.0,103.52117731633676,1.6106862947725578,False
61,78,5263,-1052500.0,-47500.0,103.56599222357985,1.6102949299908322,False
61,79,5264,-1047500.0,-47500.0,103.61080716240333,1.609905420091481,False
61,80,5265,-1042500.0,-47500.0,103.65562213265724,1.609517765072946,False
61,81,5266,-1037500.0,-47500.0,103.70043713419156,1.6091319649342768,False
61,82,5267,-1032500.0,-47500.0,103.74525216685632,1.608748019674628,False
61,83,5268,-1027500.0,-47500.0,103.79006723050153,1.6083659292926917,False
61,84,5269,-1022500.0,-47500.0,103.83488232497723,1.607985693787757,False
62,0,5270,-1442500.0,-42500.0,100.0710650797855,1.691728195534289,False
62,1,5271,-1437500.0,-42500.0,100.11587527214178,1.6911939892527748,False
62,2,5272,-1432500.0,-42500.0,100.16068550761959,1.6906616379963537,False
62,3,5273,-1427500.0,-42500.0,100.20549578606904,1.6901311417636222,False
62,4,5274,-1422500.0,-42500.0,100.2503061073402,1.6896025005535293,False
62,5,5275,-1417500.0,-42500.0,100.29511647128317,1.6890757143640593,False
62,6,5276,-1412500.0,-42500.0,100.33992687774806,1.68855078319363,False
62,7,5277,-1407500.0,-42500.0,100.38473732658493,1.6880277070409222,True
62,8,5278,-1402500.0,-42500.0,100.42954781764388,1.6875064859048043,True
62,9,5279,-1397500.0,-42500.0,100.47435835077502,1.6869871197828727,True
62,10,5280,-1392500.0,-42500.0,100.51916892582842,1.6864696086744289,True
62,11,5281,-1387500.0,-42500.0,100.56397954265418,1.6859539525775282,True
62,12,5282,-1382500.0,-42500.0,100.60879020110237,1.685440151491185,True
62,13,5283,-1377500.0,-42500.0,100.65360090102308,1.6849282054135752,True
62,14,5284,-1372500.0,-42500.0,100.69841164226641,1.684418114343321,True
62,15,5285,-1367500.0,-42500.0,100.74322242468244,1.6839098782788633,True
62,16,5286,-1362500.0,-42500.0,100.78803324812124,1.6834034972189662,True
62,17,5287,-1357500.0,-42500.0,100.8328441124329,1.6828989711617608,True
62,18,5288,-1352500.0,-42500.0,100.8776550174675,1.6823963001065034,True
62,19,5289,-1347500.0,-42500.0,100.92246596307514,1.6818954840509956,True
62,20,5290,-1342500.0,-42500.0,100.96727694910588,1.6813965229946082,True
62,21,5291,-1337500.0,-42500.0,101.0120879754098,1.680899416934995,True
62,22,5292,-1332500.0,-42500.0,101.05689904183699,1.6804041658712887,True
62,23,5293,-1327500.0,-42500.0,101.10171014823752,1.6799107698023092,True
62,24,5294,-1322500.0,-42500.0,101.14652129446145,1.6794192287263736,True
62,25,5295,-1317500.0,-42500.0,101.19133248035888,1.6789295426417241,True
62,26,5296,-1312500.0,-42500.0,101.2361437057799,1.678441711547527,True
62,27,5297,-1307500.0,-42500.0,101.28095497057454,1.6779557354421761,True
62,28,5298,-1302500.0,-42500.0,101.32576627459294,1.6774716143243726,True
62,29,5299,-1297500.0,-42500.0,101.37057761768509,1.6769893481925882,True
62,30,5300,-1292500.0,-42500.0,101.41538899970112,1.6765089370456745,True
62,31,5301,-1287500.0,-42500.0,101.46020042049109,1.6760303808819654,True
62,32,5302,-1282500.0,-42500.0,101.50501187990506,1.6755536797002588,False
62,33,5303,-1277500.0,-42500.0,101.5498233777931,1.6750788334993914,False
62,34,5304,-1272500.0,-42500.0,101.59463491400531,1.6746058422776409,False
62,35,5305,-1267500.0,-42500.0,101.63944648839173,1.6741347060342895,False
62,36,5306,-1262500.0,-42500.0,101.68425810080241,1.6736654247670086,False
62,37,5307,-1257500.0,-42500.0,101.72906975108745,1.6731979984753176,False
62,38,5308,-1252500.0,-42500.0,101.77388143909691,1.6727324271579134,False
62,39,5309,-1247500.0,-42500.0,101.81869316468085,1.6722687108128693,False
62,40,5310,-1242500.0,-42500.0,101.86350492768935,1.6718068494393747,False
62,41,5311,-1237500.0,-42500.0,101.90831672797245,1.6713468430355893,False
62,42,5312,-1232500.0,-42500.0,101.95312856538021,1.6708886916010013,False
62,43,5313,-1227500.0,-42500.0,101.99794043976271,1.6704323951336995,False
62,44,5314,-1222500.0,-42500.0,102.04275235097002,1.6699779536325066,False
62,45,5315,-1217500.0,-42500.0,102.08756429885219,1.6695253670963723,False
62,46,5316,-1212500.0,-42500.0,102.13237628325926,1.669074635524019,False
62,47,5317,-1207500.0,-42500.0,102.17718830404131,1.6686257589139806,False
62,48,5318,-1202500.0,-42500.0,102.22200036104842,1.6681787372649752,False
62,49,5319,-1197500.0,-42500.0,102.26681245413059,1.6677335705756018,False
62,50,5320,-1192500.0,-42500.0,102.31162458313794,1.6672902588451455,False
62,51,5321,-1187500.0,-42500.0,102.35643674792048,1.6668488020717849,False
62,52,5322,-1182500.0,-42500.0,102.4012489483283,1.6664092002548516,False
62,53,5323,-1177500.0,-42500.0,102.44606118421144,1.6659714533926897,False
62,54,5324,-1172500.0,-42500.0,102.49087345541994,1.6655355614840155,False
62,55,5325,-1167500.0,-42500.0,102.53568576180388,1.665101524527777,False
62,56,5326,-1162500.0,-42500.0,102.5804981032133,1.6646693425229233,False
62,57,5327,-1157500.0,-42500.0,102.62531047949825,1.6642390154680644,False
62,58,5328,-1152500.0,-42500.0,102.67012289050878,1.6638105433621053,False
62,59,5329,-1147500.0,-42500.0,102.71493533609495,1.6633839262037386,False
62,60,5330,-1142500.0,-42500.0,102.75974781610682,1.6629591639915584,False
62,61,5331,-1137500.0,-42500.0,102.80456033039441,1.6625362567247703,False
62,62,5332,-1132500.0,-42500.0,102.8493728788078,1.662115204401792,False
62,63,5333,-1127500.0,-42500.0,102.894185461197,1.6616960070217,False
62,64,5334,-1122500.0,-42500.0,102.9389980774121,1.6612786645834674,False
62,65,5335,-1117500.0,-42500.0,102.98381072730311,1.6608631770857851,False
62,66,5336,-1112500.0,-42500.0,103.0286234107201,1.6604495445272145,False
62,67,5337,-1107500.0,-42500.0,103.07343612751312,1.660037766906923,False
62,68,5338,-1102500.0,-42500.0,103.1182488775322,1.6596278442238475,False
62,69,5339,-1097500.0,-42500.0,103.16306166062738,1.6592197764765781,False
62,70,5340,-1092500.0,-42500.0,103.20787447664871,1.6588135636639918,False
62,71,5341,-1087500.0,-42500.0,103.25268732544625,1.658409205785478,False
62,72,5342,-1082500.0,-42500.0,103.29750020687001,1.6580067028389556,False
62,73,5343,-1077500.0,-42500.0,103.34231312077004,1.6576060548239058,False
62,74,5344,-1072500.0,-42500.0,103.3871260669964,1.6572072617392861,False
62,75,5345,-1067500.0,-42500.0,103.43193904539912,1.656810323583873,False
62,76,5346,-1062500.0,-42500.0,103.47675205582824,1.6564152403564478,False
62,77,5347,-1057500.0,-42500.0,103.52156509813379,1.6560220120559024,False
62,78,5348,-1052500.0,-42500.0,103.56637817216583,1.6556306386813537,False
62,79,5349,-1047500.0,-42500.0,103.61119127777437,1.6552411202315411,False
62,80,5350,-1042500.0,-42500.0,103.65600441480946,1.6548534567055653,False
62,81,5351,-1037500.0,-42500.0,103.70081758312115,1.6544676481019347,False
62,82,5352,-1032500.0,-42500.0,103.74563078255945,1.6540836944201989,False
62,83,5353,-1027500.0,-42500.0,103.7904440129744,1.653701595658663,False
62,84,5354,-1022500.0,-42500.0,103.83525727421605,1.6533213518167251,False
63,0,5355,-1442500.0,-37500.0,100.07159396247002,1.73706759158719,False
63,1,5356,-1437500.0,-37500.0,100.1164023221188,1.7365333729934262,False
63,2,5357,-1432500.0,-37500.0,100.16121072488383,1.736001009471211,False
63,3,5358,-1427500.0,-37500.0,100.20601917061522,1.735470501019503,False
63,4,5359,-1422500.0,-37500.0,100.25082765916306,1.7349418476365532,False
63,5,5360,-1417500.0,-37500.0,100.29563619037748,1.734415049320823,False
63,6,5361,-1412500.0,-37500.0,100.3404447641086,1.7338901060706267,False
63,7,5362,-1407500.0,-37500.0,100.3852533802065,1.7333670178842147,True
63,8,5363,-1402500.0,-37500.0,100.43006203852131,1.7328457847606247,True
63,9,5364,-1397500.0,-37500.0,100.47487073890314,1.7323264066982347,True
63,10,5365,-1392500.0,-37500.0,100.51967948120209,1.73180888369508,True
63,11,5366,-1387500.0,-37500.0,100.56448826526827,1.7312932157500862,True
63,12,5367,-1382500.0,-37500.0,100.60929709095177,1.730779402861464,True
63,13,5368,-1377500.0,-37500.0,100.6541059581027,1.7302674450278117,True
63,14,5369,-1372500.0,-37500.0,100.6989148665712,1.7297573422475214,True
63,15,5370,-1367500.0,-37500.0,100.74372381620731,1.729249094519464,True
63,16,5371,-1362500.0,-37500.0,100.78853280686118,1.728742701841553,True
63,17,5372,-1357500.0,-37500.0,100.83334183838289,1.728238164212987,True
63,18,5373,-1352500.0,-37500.0,100.87815091062257,1.7277354816315122,True
63,19,5374,-1347500.0,-37500.0,100.92296002343026,1.7272346540960437,True
63,20,5375,-1342500.0,-37500.0,100.96776917665612,1.7267356816055843,True
63,21,5376,-1337500.0,-37500.0,101.01257837015021,1.7262385641579046,True
63,22,5377,-1332500.0,-37500.0,101.05738760376266,1.7257433017517336,True
63,23,5378,-1327500.0,-37500.0,101.10219687734352,1.725249894386244,True
63,24,5379,-1322500.0,-37500.0,101.14700619074293,1.7247583420589188,True
63,25,5380,-1317500.0,-37500.0,101.19181554381095,1.7242686447694289,True
63,26,5381,-1312500.0,-37500.0,101.2366249363977,1.7237808025155261,True
63,27,5382,-1307500.0,-37500.0,101.28143436835327,1.7232948152964693,True
63,28,5383,-1302500.0,-37500.0,101.32624383952773,1.7228106831101915,True
63,29,5384,-1297500.0,-37500.0,101.3710533497712,1.7223284059553357,True
63,30,5385,-1292500.0,-37500.0,101.41586289893375,1.721847983831256,False
63,31,5386,-1287500.0,-37500.0,101.46067248686549,1.721369416735824,False
63,32,5387,-1282500.0,-37500.0,101.5054821134165,1.7208927046677225,True
63,33,5388,-1277500.0,-37500.0,101.55029177843686,1.7204178476260108,True
63,34,5389,-1272500.0,-37500.0,101.59510148177665,1.7199448456087714,True
63,35,5390,-1267500.0,-37500.0,101.63991122328599,1.7194736986146661,True
63,36,5391,-1262500.0,-37500.0,101.68472100281494,1.7190044066428904,False
63,37,5392,-1257500.0,-37500.0,101.72953082021358,1.71853696969135,False
63,38,5393,-1252500.0,-37500.0,101.77434067533203,1.718071387758945,False
63,39,5394,-1247500.0,-37500.0,101.81915056802032,1.7176076608451114,False
63,40,5395,-1242500.0,-37500.0,101.86396049812859,1.7171457889471164,False
63,41,5396,-1237500.0,-37500.0,101.90877046550688,1.716685772064688,False
63,42,5397,-1232500.0,-37500.0,101.9535804700053,1.7162276101960656,False
63,43,5398,-1227500.0,-37500.0,101.99839051147391,1.7157713033397264,False
63,44,5399,-1222500.0,-37500.0,102.04320058976279,1.7153168514947885,False
63,45,5400,-1217500.0,-37500.0,102.08801070472204,1.7148642546598154,False
63,46,5401,-1212500.0,-37500.0,102.13282085620173,1.7144135128333255,False
63,47,5402,-1207500.0,-37500.0,102.17763104405194,1.7139646260140216,False
63,48,5403,-1202500.0,-37500.0,102.22244126812274,1.7135175942013012,False
63,49,5404,-1197500.0,-37500.0,102.26725152826418,1.713072417392661,False
63,50,5405,-1192500.0,-37500.0,102.31206182432638,1.712629095587732,False
63,51,5406,-1187500.0,-37500.0,102.35687215615941,1.7121876287849516,False
63,52,5407,-1182500.0,-37500.0,102.40168252361332,1.7117480169827446,False
63,53,5408,-1177500.0,-37500.0,102.44649292653821,1.711310260180418,False
63,54,5409,-1172500.0,-37500.0,102.49130336478413,1.7108743583764578,False
63,55,5410,-1167500.0,-37500.0,102.53611383820116,1.7104403115696196,False
63,56,5411,-1162500.0,-37500.0,102.58092434663938,1.7100081197583878,False
63,57,5412,-1157500.0,-37500.0,102.62573488994884,1.7095777829418108,False
63,58,5413,-1152500.0,-37500.0,102.67054546797964,1.7091493011186023,False
63,59,5414,-1147500.0,-37500.0,102.71535608058183,1.7087226742876571,False
63,60,5415,-1142500.0,-37500.0,102.76016672760547,1.7082979024474207,False
63,61,5416,-1137500.0,-37500.0,102.80497740890065,1.7078749855968993,False
63,62,5417,-1132500.0,-37500.0,102.84978812431743,1.7074539237348594,False
63,63,5418,-1127500.0,-37500.0,102.89459887370586,1.7070347168601407,False
63,64,5419,-1122500.0,-37500.0,102.93940965691603,1.706617364971343,False
63,65,5420,-1117500.0,-37500.0,102.98422047379799,1.7062018680675244,False
63,66,5421,-1112500.0,-37500.0,103.02903132420181,1.7057882261472106,False
63,67,5422,-1107500.0,-37500.0,103.07384220797756,1.7053764392095183,False
63,68,5423,-1102500.0,-37500.0,103.1186531249753,1.7049665072530404,False
63,69,5424,-1097500.0,-37500.0,103.16346407504507,1.704558430276701,False
63,70,5425,-1092500.0,-37500.0,103.20827505803696,1.7041522082795717,False
63,71,5426,-1087500.0,-37500.0,103.25308607380103,1.7037478412599272,False
63,72,5427,-1082500.0,-37500.0,103.29789712218732,1.7033453292169582,False
63,73,5428,-1077500.0,-37500.0,103.3427082030459,1.702944672149374,False
63,74,5429,-1072500.0,-37500.0,103.38751931622684,1.7025458700562772,False
63,75,5430,-1067500.0,-37500.0,103.4323304615802,1.7021489229361644,False
63,76,5431,-1062500.0,-37500.0,103.47714163895601,1.7017538307884166,False
63,77,5432,-1057500.0,-37500.0,103.52195284820436,1.7013605936113843,False
63,78,5433,-1052500.0,-37500.0,103.56676408917528,1.7009692114041814,False
63,79,5434,-1047500.0,-37500.0,103.61157536171885,1.700579684166091,False
63,80,5435,-1042500.0,-37500.0,103.6563866656851,1.7001920118952403,False
63,81,5436,-1037500.0,-37500.0,103.70119800092411,1.6998061945907192,False
63,82,5437,-1032500.0,-37500.0,103.74600936728592,1.6994222322516612,False
63,83,5438,-1027500.0,-37500.0,103.79082076462058,1.6990401248772138,False
63,84,5439,-1022500.0,-37500.0,103.83563219277815,1.6986598724656443,False
64,0,5440,-1442500.0,-32500.0,100.07212280188841,1.7824099015938968,False
64,1,5441,-1437500.0,-32500.0,100.11692932897958,1.7818756703606888,False
64,2,5442,-1432500.0,-32500.0,100.1617358991817,1.7813432942469598,False
64,3,5443,-1427500.0,-32500.0,100.20654251234492,1.7808127732513075,False
64,4,5444,-1422500.0,-32500.0,100.25134916831935,1.7802841073720057,False
64,5,5445,-1417500.0,-32500.0,100.2961558669551,1.7797572966071618,False
64,6,5446,-1412500.0,-32500.0,100.34096260810234,1.779232340955705,False
64,7,5447,-1407500.0,-32500.0,100.38576939161118,1.7787092404161005,True
64,8,5448,-1402500.0,-32500.0,100.43057621733173,1.778187994986465,True
64,9,5449,-1397500.0,-32500.0,100.47538308511415,1.77766860466508,True
64,10,5450,-1392500.0,-32500.0,100.52018999480853,1.7771510694509565,True
64,11,5451,-1387500.0,-32500.0,100.56499694626501,1.7766353893417204,True
64,12,5452,-1382500.0,-32500.0,100.60980393933373,1.7761215643364374,True
64,13,5453,-1377500.0,-32500.0,100.65461097386478,1.7756095944332657,True
64,14,5454,-1372500.0,-32500.0,100.69941804970833,1.775099479630832,True
64,15,5455,-1367500.0,-32500.0,100.74422516671444,1.7745912199279734,True
64,16,5456,-1362500.0,-32500.0,100.78903232473327,1.7740848153221493,True
64,17,5457,-1357500.0,-32500.0,100.83383952361496,1.7735802658127202,True
64,18,5458,-1352500.0,-32500.0,100.87864676320956,1.773077571397804,True
64,19,5459,-1347500.0,-32500.0,100.92345404336724,1.7725767320759944,True
64,20,5460,-1342500.0,-32500.0,100.96826136393813,1.7720777478459229,True
64,21,5461,-1337500.0,-32500.0,101.0130687247723,1.7715806187057486,True
64,22,5462,-1332500.0,-32500.0,101.05787612571989,1.7710853446541666,True
64,23,5463,-1327500.0,-32500.0,101.102683566631,1.7705919256897311,True
64,24,5464,-1322500.0,-32500.0,101.14749104735577,1.7701003618110056,True
64,25,5465,-1317500.0,-32500.0,101.1922985677443,1.7696106530164506,True
64,26,5466,-1312500.0,-32500.0,101.2371061276467,1.7691227993047098,True
64,27,5467,-1307500.0,-32500.0,101.28191372691307,1.7686368006738278,True
64,28,5468,-1302500.0,-32500.0,101.32672136539355,1.7681526571228285,True
64,29,5469,-1297500.0,-32500.0,101.37152904293823,1.7676703686502202,False
64,30,5470,-1292500.0,-32500.0,101.41633675939721,1.767189935254778,False
64,31,5471,-1287500.0,-32500.0,101.46114451462064,1.7667113569344641,True
64,32,5472,-1282500.0,-32500.0,101.50595230845857,1.766234633688258,True
64,33,5473,-1277500.0,-32500.0,101.55076014076114,1.765759765514644,True
64,34,5474,-1272500.0,-32500.0,101.59556801137848,1.7652867524122933,True
64,35,5475,-1267500.0,-32500.0,101.64037592016064,1.7648155943798918,True
64,36,5476,-1262500.0,-32500.0,101.68518386695776,1.7643462914156254,True
64,37,5477,-1257500.0,-32500.0,101.72999185161993,1.7638788435184005,True
64,38,5478,-1252500.0,-32500.0,101.77479987399725,1.7634132506867117,False
64,39,5479,-1247500.0,-32500.0,101.81960793393985,1.7629495129192483,False
64,40,5480,-1242500.0,-32500.0,101.8644160312978,1.7624876302148713,False
64,41,5481,-1237500.0,-32500.0,101.90922416592122,1.7620276025716457,False
64,42,5482,-1232500.0,-32500.0,101.95403233766018,1.7615694299887632,False
64,43,5483,-1227500.0,-32500.0,101.99884054636483,1.761113112464211,False
64,44,5484,-1222500.0,-32500.0,102.04364879188523,1.760658649997376,False
64,45,5485,-1217500.0,-32500.0,102.08845707407148,1.7602060425865125,False
64,46,5486,-1212500.0,-32500.0,102.1332653927737,1.7597552902302382,False
64,47,5487,-1207500.0,-32500.0,102.17807374784196,1.7593063929273374,False
64,48,5488,-1202500.0,-32500.0,102.22288213912638,1.758859350676646,False
64,49,5489,-1197500.0,-32500.0,102.26769056647703,1.7584141634764914,False
64,50,5490,-1192500.0,-32500.0,102.31249902974402,1.7579708313256788,False
64,51,5491,-1187500.0,-32500.0,102.35730752877744,1.75752935422296,False
64,52,5492,-1182500.0,-32500.0,102.40211606342739,1.7570897321671302,False
64,53,5493,-1177500.0,-32500.0,102.44692463354394,1.7566519651565795,False
64,54,5494,-1172500.0,-32500.0,102.4917332389772,1.7562160531902982,False
64,55,5495,-1167500.0,-32500.0,102.53654187957726,1.7557819962664847,False
64,56,5496,-1162500.0,-32500.0,102.58135055519419,1.7553497943850134,False
64,57,5497,-1157500.0,-32500.0,102.62615926567811,1.754919447543257,False
64,58,5498,-1152500.0,-32500.0,102.6709680108791,1.7544909557408601,False
64,59,5499,-1147500.0,-32500.0,102.71577679064723,1.7540643189760006,False
64,60,5500,-1142500.0,-32500.0,102.76058560483258,1.753639537247853,False
64,61,5501,-1137500.0,-32500.0,102.8053944532853,1.7532166105550053,False
64,62,5502,-1132500.0,-32500.0,102.8502033358554,1.7527955388960943,False
64,63,5503,-1127500.0,-32500.0,102.89501225239299,1.752376322269967,False
64,64,5504,-1122500.0,-32500.0,102.93982120274818,1.7519589606753372,False
64,65,5505,-1117500.0,-32500.0,102.98463018677101,1.7515434541109192,False
64,66,5506,-1112500.0,-32500.0,103.0294392043116,1.7511298025758808,False
64,67,5507,-1107500.0,-32500.0,103.07424825522001,1.7507180060684084,False
64,68,5508,-1102500.0,-32500.0,103.11905733934634,1.750308064587894,False
64,69,5509,-1097500.0,-32500.0,103.16386645654065,1.749899978132957,False
64,70,5510,-1092500.0,-32500.0,103.20867560665305,1.7494937467018568,False
64,71,5511,-1087500.0,-32500.0,103.25348478953357,1.7490893702940322,False
64,72,5512,-1082500.0,-32500.0,103.29829400503235,1.7486868489082004,False
64,73,5513,-1077500.0,-32500.0,103.34310325299943,1.7482861825429954,False
64,74,5514,-1072500.0,-32500.0,103.38791253328488,1.7478873711973475,False
64,75,5515,-1067500.0,-32500.0,103.4327218457388,1.7474904148700021,False
64,76,5516,-1062500.0,-32500.0,103.47753119021127,1.7470953135598353,False
64,77,5517,-1057500.0,-32500.0,103.52234056655233,1.746702067265788,False
64,78,5518,-1052500.0,-32500.0,103.5671499746121,1.746310675986686,False
64,79,5519,-1047500.0,-32500.0,103.61195941424063,1.7459211397211751,False
64,80,5520,-1042500.0,-32500.0,103.65676888528799,1.7455334584683468,False
64,81,5521,-1037500.0,-32500.0,103.70157838760427,1.745147632227162,False
64,82,5522,-1032500.0,-32500.0,103.74638792103954,1.7447636609959536,False
64,83,5523,-1027500.0,-32500.0,103.79119748544385,1.7443815447742452,False
64,84,5524,-1022500.0,-32500.0,103.83600708066729,1.7440012835603926,False
65,0,5525,-1442500.0,-27500.0,100.07265159804598,1.8277551534010923,False
65,1,5526,-1437500.0,-27500.0,100.11745629272941,1.8272209092013036,False
65,2,5527,-1432500.0,-27500.0,100.16226103051852,1.8266885201701004,False
65,3,5528,-1427500.0,-27500.0,100.20706581126342,1.8261579863053956,False
65,4,5529,-1422500.0,-27500.0,100.25187063481428,1.8256293076059482,False
65,5,5530,-1417500.0,-27500.0,100.29667550102127,1.8251024840700563,True
65,6,5531,-1412500.0,-27500.0,100.34148040973449,1.824577515696234,True
65,7,5532,-1407500.0,-27500.0,100.38628536080411,1.824054402482451,True
65,8,5533,-1402500.0,-27500.0,100.4310903540803,1.8235331444274772,True
65,9,5534,-1397500.0,-27500.0,100.47589538941315,1.823013741529292,True
65,10,5535,-1392500.0,-27500.0,100.52070046665287,1.8224961937866995,True
65,11,5536,-1387500.0,-27500.0,100.56550558564955,1.821980501197976,True
65,12,5537,-1382500.0,-27500.0,100.61031074625335,1.821466663761425,True
65,13,5538,-1377500.0,-27500.0,100.65511594831439,1.8209546814754032,True
65,14,5539,-1372500.0,-27500.0,100.69992119168286,1.8204445543386265,True
65,15,5540,-1367500.0,-27500.0,100.74472647620885,1.8199362823495073,True
65,16,5541,-1362500.0,-27500.0,100.78953180174254,1.8194298655057204,True
65,17,5542,-1357500.0,-27500.0,100.83433716813404,1.8189253038069577,True
65,18,5543,-1352500.0,-27500.0,100.87914257523349,1.8184225972507038,True
65,19,5544,-1347500.0,-27500.0,100.92394802289104,1.81792174583576,True
65,20,5545,-1342500.0,-27500.0,100.96875351095682,1.8174227495606872,True
65,21,5546,-1337500.0,-27500.0,101.01355903928095,1.8169256084235144,True
65,22,5547,-1332500.0,-27500.0,101.05836460771357,1.8164303224229827,True
65,23,5548,-1327500.0,-27500.0,101.10317021610483,1.8159368915578042,True
65,24,5549,-1322500.0,-27500.0,101.14797586430485,1.815445315826445,True
65,25,5550,-1317500.0,-27500.0,101.19278155216377,1.8149555952271006,True
65,26,5551,-1312500.0,-27500.0,101.2375872795317,1.8144677297582827,True
65,27,5552,-1307500.0,-27500.0,101.28239304625879,1.8139817194185064,True
65,28,5553,-1302500.0,-27500.0,101.32719885219515,1.813497564206686,True
65,29,5554,-1297500.0,-27500.0,101.37200469719093,1.8130152641206645,False
65,30,5555,-1292500.0,-27500.0,101.41681058109626,1.812534819159588,False
65,31,5556,-1287500.0,-27500.0,101.46161650376123,1.8120562293215439,True
65,32,5557,-1282500.0,-27500.0,101.50642246503601,1.8115794946053831,True
65,33,5558,-1277500.0,-27500.0,101.5512284647707,1.8111046150094061,True
65,34,5559,-1272500.0,-27500.0,101.59603450281544,1.8106315905322,True
65,35,5560,-1267500.0,-27500.0,101.64084057902032,1.8101604211726883,True
65,36,5561,-1262500.0,-27500.0,101.68564669323551,1.8096911069289279,True
65,37,5562,-1257500.0,-27500.0,101.73045284531109,1.8092236477997785,True
65,38,5563,-1252500.0,-27500.0,101.77525903509724,1.8087580437834572,False
65,39,5564,-1247500.0,-27500.0,101.82006526244399,1.8082942948791976,False
65,40,5565,-1242500.0,-27500.0,101.86487152720154,1.8078324010851012,False
65,41,5566,-1237500.0,-27500.0,101.90967782921997,1.8073723623996394,False
65,42,5567,-1232500.0,-27500.0,101.95448416834941,1.8069141788216658,False
65,43,5568,-1227500.0,-27500.0,101.99929054443999,1.806457850350036,False
65,44,5569,-1222500.0,-27500.0,102.0440969573418,1.8060033769825927,False
65,45,5570,-1217500.0,-27500.0,102.08890340690496,1.8055507587189046,False
65,46,5571,-1212500.0,-27500.0,102.13370989297961,1.8050999955568543,False
65,47,5572,-1207500.0,-27500.0,102.17851641541586,1.8046510874953976,False
65,48,5573,-1202500.0,-27500.0,102.22332297406379,1.8042040345333679,False
65,49,5574,-1197500.0,-27500.0,102.26812956877353,1.803758836668758,False
65,50,5575,-1192500.0,-27500.0,102.31293619939522,1.8033154939009697,False
65,51,5576,-1187500.0,-27500.0,102.35774286577895,1.8028740062280726,False
65,52,5577,-1182500.0,-27500.0,102.40254956777481,1.8024343736491486,False
65,53,5578,-1177500.0,-27500.0,102.44735630523296,1.8019965961624536,False
65,54,5579,-1172500.0,-27500.0,102.49216307800347,1.8015606737666512,False
65,55,5580,-1167500.0,-27500.0,102.53696988593647,1.8011266064610871,False
65,56,5581,-1162500.0,-27500.0,102.58177672888205,1.8006943942439928,False
65,57,5582,-1157500.0,-27500.0,102.62658360669033,1.8002640371138938,False
65,58,5583,-1152500.0,-27500.0,102.6713905192114,1.799835535069577,False
65,59,5584,-1147500.0,-27500.0,102.7161974662954,1.799408888109987,False
65,60,5585,-1142500.0,-27500.0,102.7610044477924,1.7989840962337256,False
65,61,5586,-1137500.0,-27500.0,102.80581146355252,1.798561159439373,False
65,62,5587,-1132500.0,-27500.0,102.85061851342587,1.7981400777258991,False
65,63,5588,-1127500.0,-27500.0,102.89542559726254,1.7977208510916942,False
65,64,5589,-1122500.0,-27500.0,102.94023271491265,1.7973034795359135,False
65,65,5590,-1117500.0,-27500.0,102.98503986622629,1.7968879630566346,False
65,66,5591,-1112500.0,-27500.0,103.02984705105357,1.7964743016532958,False
65,67,5592,-1107500.0,-27500.0,103.07465426924456,1.796062495324287,False
65,68,5593,-1102500.0,-27500.0,103.1194615206494,1.795652544068651,False
65,69,5594,-1097500.0,-27500.0,103.16426880511817,1.795244447884956,False
65,70,5595,-1092500.0,-27500.0,103.20907612250097,1.7948382067717779,False
65,71,5596,-1087500.0,-27500.0,103.2538834726479,1.794433820728398,False
65,72,5597,-1082500.0,-27500.0,103.29869085540906,1.7940312897531834,False
65,73,5598,-1077500.0,-27500.0,103.34349827063454,1.7936306138445874,False
65,74,5599,-1072500.0,-27500.0,103.38830571817445,1.7932317930023747,False
65,75,5600,-1067500.0,-27500.0,103.43311319787887,1.7928348272247308,False
65,76,5601,-1062500.0,-27500.0,103.4779207095979,1.7924397165103718,False
65,77,5602,-1057500.0,-27500.0,103.52272825318163,1.7920464608583,False
65,78,5603,-1052500.0,-27500.0,103.56753582848015,1.791655060267605,False
65,79,5604,-1047500.0,-27500.0,103.61234343534358,1.7912655147365315,False
65,80,5605,-1042500.0,-27500.0,103.65715107362198,1.7908778242645995,False
65,81,5606,-1037500.0,-27500.0,103.70195874316545,1.7904919888498916,False
65,82,5607,-1032500.0,-27500.0,103.7467664438241,1.7901080084917127,False
65,83,5608,-1027500.0,-27500.0,103.79157417544799,1.789725883188819,False
65,84,5609,-1022500.0,-27500.0,103.83638193788723,1.7893456129401033,False
66,0,5610,-1442500.0,-22500.0,100.07318035094804,1.8731033748682224,False
66,1,5611,-1437500.0,-22500.0,100.11798321337359,1.872569117374981,False
66,2,5612,-1432500.0,-22500.0,100.1627861188995,1.8720367150998616,False
66,3,5613,-1427500.0,-22500.0,100.20758906737596,1.8715061680414762,False
66,4,5614,-1422500.0,-22500.0,100.25239205865311,1.87097747619836,False
66,5,5615,-1417500.0,-22500.0,100.29719509258116,1.8704506395686133,True
66,6,5616,-1412500.0,-22500.0,100.34199816901024,1.8699256581503918,True
66,7,5617,-1407500.0,-22500.0,100.38680128779052,1.8694025319423573,True
66,8,5618,-1402500.0,-22500.0,100.43160444877218,1.8688812609427752,True
66,9,5619,-1397500.0,-22500.0,100.47640765180535,1.8683618451497166,True
66,10,5620,-1392500.0,-22500.0,100.52121089674023,1.867844284561793,True
66,11,5621,-1387500.0,-22500.0,100.56601418342696,1.8673285791774492,True
66,12,5622,-1382500.0,-22500.0,100.6108175117157,1.866814728994901,True
66,13,5623,-1377500.0,-22500.0,100.65562088145661,1.8663027340126734,True
66,14,5624,-1372500.0,-22500.0,100.70042429249986,1.8657925942288556,True
66,15,5625,-1367500.0,-22500.0,100.74522774469561,1.86528430964206,True
66,16,5626,-1362500.0,-22500.0,100.790031237894,1.8647778802506403,True
66,17,5627,-1357500.0,-22500.0,100.8348347719452,1.8642733060529222,True
66,18,5628,-1352500.0,-22500.0,100.87963834669934,1.863770587047529,True
66,19,5629,-1347500.0,-22500.0,100.92444196200661,1.8632697232328117,True
66,20,5630,-1342500.0,-22500.0,100.96924561771715,1.8627707146070174,True
66,21,5631,-1337500.0,-22500.0,101.01404931368111,1.86227356116857,True
66,22,5632,-1332500.0,-22500.0,101.05885304974865,1.8617782629160757,True
66,23,5633,-1327500.0,-22500.0,101.1036568257699,1.8612848198480367,True
66,24,5634,-1322500.0,-22500.0,101.14846064159505,1.8607932319626777,True
66,25,5635,-1317500.0,-22500.0,101.19326449707422,1.8603034992583962,True
66,26,5636,-1312500.0,-22500.0,101.23806839205756,1.8598156217338941,True
66,27,5637,-1307500.0,-22500.0,101.28287232639522,1.8593295993875,True
66,28,5638,-1302500.0,-22500.0,101.32767629993735,1.858845432218032,True
66,29,5639,-1297500.0,-22500.0,101.37248031253412,1.8583631202237303,False
66,30,5640,-1292500.0,-22500.0,101.41728436403562,1.8578826634025085,True
66,31,5641,-1287500.0,-22500.0,101.46208845429206,1.857404061753726,True
66,32,5642,-1282500.0,-22500.0,101.50689258315354,1.8569273152755468,True
66,33,5643,-1277500.0,-22500.0,101.55169675047021,1.8564524239664177,True
66,34,5644,-1272500.0,-22500.0,101.59650095609224,1.8559793878248978,True
66,35,5645,-1267500.0,-22500.0,101.64130519986973,1.855508206849674,True
66,36,5646,-1262500.0,-22500.0,101.68610948165286,1.85503888103869,True
66,37,5647,-1257500.0,-22500.0,101.73091380129175,1.8545714103911022,True
66,38,5648,-1252500.0,-22500.0,101.77571815863655,1.8541057949055928,False
66,39,5649,-1247500.0,-22500.0,101.82052255353739,1.8536420345800158,False
66,40,5650,-1242500.0,-22500.0,101.86532698584439,1.8531801294131673,False
66,41,5651,-1237500.0,-22500.0,101.91013145540772,1.8527200794038843,False
66,42,5652,-1232500.0,-22500.0,101.95493596207751,1.8522618845507959,False
66,43,5653,-1227500.0,-22500.0,101.99974050570388,1.851805544851944,False
66,44,5654,-1222500.0,-22500.0,102.04454508613699,1.8513510603059398,False
66,45,5655,-1217500.0,-22500.0,102.08934970322697,1.8508984309119259,False
66,46,5656,-1212500.0,-22500.0,102.13415435682393,1.8504476566681745,False
66,47,5657,-1207500.0,-22500.0,102.17895904677802,1.8499987375732179,False
66,48,5658,-1202500.0,-22500.0,102.22376377293938,1.849551673625883,False
66,49,5659,-1197500.0,-22500.0,102.26856853515812,1.849106464824559,False
66,50,5660,-1192500.0,-22500.0,102.31337333328439,1.848663111167842,False
66,51,5661,-1187500.0,-22500.0,102.3581781671683,1.8482216126545346,False
66,52,5662,-1182500.0,-22500.0,102.40298303666,1.8477819692831345,False
66,53,5663,-1177500.0,-22500.0,102.44778794160962,1.8473441810520965,False
66,54,5664,-1172500.0,-22500.0,102.49259288186727,1.846908247960261,False
66,55,5665,-1167500.0,-22500.0,102.53739785728308,1.8464741700067666,False
66,56,5666,-1162500.0,-22500.0,102.5822028677072,1.8460419471892624,False
66,57,5667,-1157500.0,-22500.0,102.62700791298973,1.8456115795074983,False
66,58,5668,-1152500.0,-22500.0,102.6718129929808,1.8451830669590816,False
66,59,5669,-1147500.0,-22500.0,102.71661810753054,1.8447564095433602,False
66,60,5670,-1142500.0,-22500.0,102.76142325648908,1.8443316072588354,False
66,61,5671,-1137500.0,-22500.0,102.80622843970653,1.8439086601040837,False
66,62,5672,-1132500.0,-22500.0,102.85103365703303,1.843487568077842,False
66,63,5673,-1127500.0,-22500.0,102.89583890831867,1.843068331178996,False
66,64,5674,-1122500.0,-22500.0,102.9406441934136,1.842650949406126,False
66,65,5675,-1117500.0,-22500.0,102.98544951216793,1.8422354227579778,False
66,66,5676,-1112500.0,-22500.0,103.03025486443178,1.8418217512329007,False
66,67,5677,-1107500.0,-22500.0,103.07506025005527,1.8414099348303024,False
66,68,5678,-1102500.0,-22500.0,103.11986566888852,1.8409999735484452,False
66,69,5679,-1097500.0,-22500.0,103.16467112078166,1.8405918673859718,False
66,70,5680,-1092500.0,-22500.0,103.20947660558477,1.8401856163419368,False
66,71,5681,-1087500.0,-22500.0,103.254282123148,1.8397812204149673,False
66,72,5682,-1082500.0,-22500.0,103.29908767332145,1.8393786796035216,False
66,73,5683,-1077500.0,-22500.0,103.34389325595525,1.838977993907028,False
66,74,5684,-1072500.0,-22500.0,103.3886988708995,1.8385791633238817,False
66,75,5685,-1067500.0,-22500.0,103.43350451800433,1.838182187852474,False
66,76,5686,-1062500.0,-22500.0,103.47831019711982,1.8377870674923789,False
66,77,5687,-1057500.0,-22500.0,103.52311590809612,1.8373938022416298,False
66,78,5688,-1052500.0,-22500.0,103.56792165078332,1.8370023920994227,False
66,79,5689,-1047500.0,-22500.0,103.61272742503154,1.8366128370642978,False
66,80,5690,-1042500.0,-22500.0,103.65753323069087,1.8362251371354696,False
66,81,5691,-1037500.0,-22500.0,103.70233906761146,1.835839292311461,False
66,82,5692,-1032500.0,-22500.0,103.7471449356434,1.835455302591092,False
66,83,5693,-1027500.0,-22500.0,103.7919508346368,1.835073167972998,False
66,84,5694,-1022500.0,-22500.0,103.83675676444174,1.8346928884564089,False
67,0,5695,-1442500.0,-17500.0,100.07370906059991,1.9184545938686188,False
67,1,5696,-1437500.0,-17500.0,100.11851009091738,1.9179203227543589,False
67,2,5697,-1432500.0,-17500.0,100.16331116432995,1.917387906909537,False
67,3,5698,-1427500.0,-17500.0,100.2081122806878,1.9168573463321197,False
67,4,5699,-1422500.0,-17500.0,100.25291343984108,1.9163286410210794,False
67,5,5700,-1417500.0,-17500.0,100.29771464164003,1.915801790974584,False
67,6,5701,-1412500.0,-17500.0,100.34251588593479,1.9152767961906856,True
67,7,5702,-1407500.0,-17500.0,100.38731717257555,1.9147536566677907,True
67,8,5703,-1402500.0,-17500.0,100.43211850141252,1.9142323724041204,True
67,9,5704,-1397500.0,-17500.0,100.47691987229585,1.9137129433981692,True
67,10,5705,-1392500.0,-17500.0,100.52172128507573,1.9131953696479103,True
67,11,5706,-1387500.0,-17500.0,100.56652273960235,1.9126796511519073,True
67,12,5707,-1382500.0,-17500.0,100.61132423572587,1.9121657879087297,True
67,13,5708,-1377500.0,-17500.0,100.65612577329648,1.9116537799160427,True
67,14,5709,-1372500.0,-17500.0,100.70092735216437,1.9111436271728517,True
67,15,5710,-1367500.0,-17500.0,100.74572897217969,1.9106353296773262,True
67,16,5711,-1362500.0,-17500.0,100.79053063319263,1.910128887427626,True
67,17,5712,-1357500.0,-17500.0,100.83533233505337,1.9096243004221778,True
67,18,5713,-1352500.0,-17500.0,100.88013407761207,1.9091215686595826,True
67,19,5714,-1347500.0,-17500.0,100.92493586071892,1.9086206921376778,True
67,20,5715,-1342500.0,-17500.0,100.96973768422406,1.9081216708556454,True
67,21,5716,-1337500.0,-17500.0,101.0145395479777,1.9076245048112759,True
67,22,5717,-1332500.0,-17500.0,101.05934145183,1.9071291940033794,True
67,23,5718,-1327500.0,-17500.0,101.10414339563111,1.9066357384297496,True
67,24,5719,-1322500.0,-17500.0,101.14894537923122,1.9061441380892399,True
67,25,5720,-1317500.0,-17500.0,101.1937474024805,1.9056543929805378,True
67,26,5721,-1312500.0,-17500.0,101.23854946522908,1.9051665031017535,True
67,27,5722,-1307500.0,-17500.0,101.28335156732719,1.9046804684508347,True
67,28,5723,-1302500.0,-17500.0,101.32815370862494,1.904196289027101,True
67,29,5724,-1297500.0,-17500.0,101.37295588897253,1.9037139648282297,False
67,30,5725,-1292500.0,-17500.0,101.4177581082201,1.903233495853205,True
67,31,5726,-1287500.0,-17500.0,101.46256036621783,1.9027548821003073,True
67,32,5727,-1282500.0,-17500.0,101.50736266281586,1.9022781235681503,True
67,33,5728,-1277500.0,-17500.0,101.5521649978644,1.9018032202547412,True
67,34,5729,-1272500.0,-17500.0,101.59696737121357,1.9013301721589944,True
67,35,5730,-1267500.0,-17500.0,101.64176978271352,1.900858979279287,True
67,36,5731,-1262500.0,-17500.0,101.68657223221446,1.900389641613919,True
67,37,5732,-1257500.0,-17500.0,101.7313747195665,1.8999221591620339,True
67,38,5733,-1252500.0,-17500.0,101.77617724461982,1.899456531921116,False
67,39,5734,-1247500.0,-17500.0,101.82097980722457,1.8989927598903265,False
67,40,5735,-1242500.0,-17500.0,101.86578240723092,1.8985308430682475,False
67,41,5736,-1237500.0,-17500.0,101.91058504448903,1.898070781453293,False
67,42,5737,-1232500.0,-17500.0,101.95538771884902,1.8976125750435195,False
67,43,5738,-1227500.0,-17500.0,102.00019043016108,1.897156223838206,False
67,44,5739,-1222500.0,-17500.0,102.04499317827535,1.8967017278354532,False
67,45,5740,-1217500.0,-17500.0,102.08979596304198,1.8962490870340318,False
67,46,5741,-1212500.0,-17500.0,102.13459878431112,1.8957983014322113,False
67,47,5742,-1207500.0,-17500.0,102.17940164193294,1.8953493710286533,False
67,48,5743,-1202500.0,-17500.0,102.22420453575758,1.8949022958221176,False
67,49,5744,-1197500.0,-17500.0,102.26900746563517,1.8944570758109731,False
67,50,5745,-1192500.0,-17500.0,102.31381043141589,1.8940137109940267,False
67,51,5746,-1187500.0,-17500.0,102.35861343294987,1.8935722013696603,False
67,52,5747,-1182500.0,-17500.0,102.40341647008727,1.8931325469367941,False
67,53,5748,-1177500.0,-17500.0,102.44821954267823,1.892694747693432,False
67,54,5749,-1172500.0,-17500.0,102.4930226505729,1.8922588036386754,False
67,55,5750,-1167500.0,-17500.0,102.53782579362141,1.8918247147706542,False
67,56,5751,-1162500.0,-17500.0,102.58262897167393,1.891392481088721,False
67,57,5752,-1157500.0,-17500.0,102.6274321845806,1.8909621025909742,False
67,58,5753,-1152500.0,-17500.0,102.67223543219153,1.8905335792759823,False
67,59,5754,-1147500.0,-17500.0,102.7170387143569,1.8901069111428312,False
67,60,5755,-1142500.0,-17500.0,102.76184203092684,1.8896820981894793,False
67,61,5756,-1137500.0,-17500.0,102.80664538175151,1.889259140415377,False
67,62,5757,-1132500.0,-17500.0,102.851448766681,1.8888380378188203,False
67,63,5758,-1127500.0,-17500.0,102.8962521855655,1.8884187903984386,False
67,64,5759,-1122500.0,-17500.0,102.94105563825515,1.8880013981529318,False
67,65,5760,-1117500.0,-17500.0,102.98585912460005,1.8875858610809835,False
67,66,5761,-1112500.0,-17500.0,103.03066264445036,1.887172179180968,False
67,67,5762,-1107500.0,-17500.0,103.07546619765623,1.8867603524521126,False
67,68,5763,-1102500.0,-17500.0,103.12026978406777,1.88635038089283,False
67,69,5764,-1097500.0,-17500.0,103.16507340353515,1.8859422645020008,False
67,70,5765,-1092500.0,-17500.0,103.20987705590846,1.8855360032780148,False
67,71,5766,-1087500.0,-17500.0,103.25468074103787,1.8851315972198055,False
67,72,5767,-1082500.0,-17500.0,103.29948445877352,1.8847290463263218,False
67,73,5768,-1077500.0,-17500.0,103.34428820896551,1.8843283505958475,False
67,74,5769,-1072500.0,-17500.0,103.389091991464,1.88392951002709,False
67,75,5770,-1067500.0,-17500.0,103.4338958061191,1.8835325246192998,False
67,76,5771,-1062500.0,-17500.0,103.47869965278096,1.8831373943709395,False
67,77,5772,-1057500.0,-17500.0,103.52350353129971,1.8827441192805217,False
67,78,5773,-1052500.0,-17500.0,103.56830744152548,1.8823526993470774,False
67,79,5774,-1047500.0,-17500.0,103.61311138330838,1.8819631345692494,False
67,80,5775,-1042500.0,-17500.0,103.65791535649855,1.8815754249462247,False
67,81,5776,-1037500.0,-17500.0,103.70271936094613,1.88118957047641,False
67,82,5777,-1032500.0,-17500.0,103.74752339650125,1.8808055711583451,False
67,83,5778,-1027500.0,-17500.0,103.79232746301402,1.8804234269913596,False
67,84,5779,-1022500.0,-17500.0,103.83713156033457,1.8800431379738956,False
68,0,5780,-1442500.0,-12500.0,100.07423772700687,1.9638088382883085,False
68,1,5781,-1437500.0,-12500.0,100.1190369253661,1.9632745532254483,False
68,2,5782,-1432500.0,-12500.0,100.16383616681514,1.9627421234841564,False
68,3,5783,-1427500.0,-12500.0,100.20863545120417,1.9622115490630965,False
68,4,5784,-1422500.0,-12500.0,100.25343477838341,1.9616828299603717,False
68,5,5785,-1417500.0,-12500.0,100.29823414820306,1.961155966174211,False
68,6,5786,-1412500.0,-12500.0,100.34303356051332,1.9606309577027583,True
68,7,5787,-1407500.0,-12500.0,100.3878330151644,1.9601078045441032,True
68,8,5788,-1402500.0,-12500.0,100.43263251200648,1.959586506697039,True
68,9,5789,-1397500.0,-12500.0,100.47743205088979,1.9590670641596082,True
68,10,5790,-1392500.0,-12500.0,100.52223163166451,1.9585494769296643,True
68,11,5791,-1387500.0,-12500.0,100.56703125418083,1.958033745006052,True
68,12,5792,-1382500.0,-12500.0,100.61183091828896,1.9575198683868882,True
68,13,5793,-1377500.0,-12500.0,100.6566306238391,1.9570078470707455,True
68,14,5794,-1372500.0,-12500.0,100.70143037068144,1.9564976810552799,True
68,15,5795,-1367500.0,-12500.0,100.74623015866617,1.9559893703392608,True
68,16,5796,-1362500.0,-12500.0,100.79102998764348,1.9554829149208743,True
68,17,5797,-1357500.0,-12500.0,100.83582985746358,1.9549783147985726,True
68,18,5798,-1352500.0,-12500.0,100.88062976797666,1.9544755699704945,True
68,19,5799,-1347500.0,-12500.0,100.9254297190329,1.9539746804352147,True
68,20,5800,-1342500.0,-12500.0,100.9702297104825,1.9534756461907814,True
68,21,5801,-1337500.0,-12500.0,101.01502974217563,1.952978467235995,True
68,22,5802,-1332500.0,-12500.0,101.05982981396251,1.9524831435687113,True
68,23,5803,-1327500.0,-12500.0,101.1046299256933,1.95198967518745,True
68,24,5804,-1322500.0,-12500.0,101.14943007721823,1.951498062090806,True
68,25,5805,-1317500.0,-12500.0,101.19423026838743,1.9510083042769366,True
68,26,5806,-1312500.0,-12500.0,101.23903049905113,1.9505204017444602,True
68,27,5807,-1307500.0,-12500.0,101.28383076905949,1.9500343544915157,True
68,28,5808,-1302500.0,-12500.0,101.32863107826269,1.949550162516646,False
68,29,5809,-1297500.0,-12500.0,101.37343142651095,1.9490678258180447,False
68,30,5810,-1292500.0,-12500.0,101.4182318136544,1.9485873443944128,True
68,31,5811,-1287500.0,-12500.0,101.46303223954327,1.9481087182443357,True
68,32,5812,-1282500.0,-12500.0,101.5078327040277,1.9476319473655668,True
68,33,5813,-1277500.0,-12500.0,101.55263320695792,1.9471570317571782,True
68,34,5814,-1272500.0,-12500.0,101.59743374818407,1.94668397141729,True
68,35,5815,-1267500.0,-12500.0,101.64223432755635,1.9462127663442348,True
68,36,5816,-1262500.0,-12500.0,101.68703494492492,1.9457434165369447,True
68,37,5817,-1257500.0,-12500.0,101.73183560013996,1.9452759219935447,True
68,38,5818,-1252500.0,-12500.0,101.77663629305167,1.9448102827124145,True
68,39,5819,-1247500.0,-12500.0,101.82143702351019,1.9443464986925203,False
68,40,5820,-1242500.0,-12500.0,101.8662377913657,1.9438845699316385,False
68,41,5821,-1237500.0,-12500.0,101.91103859646842,1.9434244964288903,False
68,42,5822,-1232500.0,-12500.0,101.95583943866846,1.9429662781824089,False
68,43,5823,-1227500.0,-12500.0,102.00064031781605,1.9425099151907255,False
68,44,5824,-1222500.0,-12500.0,102.04544123376134,1.942055407452288,False
68,45,5825,-1217500.0,-12500.0,102.09024218635447,1.9416027549658896,False
68,46,5826,-1212500.0,-12500.0,102.13504317544566,1.9411519577299805,False
68,47,5827,-1207500.0,-12500.0,102.17984420088504,1.9407030157428726,False
68,48,5828,-1202500.0,-12500.0,102.2246452625228,1.9402559290034134,False
68,49,5829,-1197500.0,-12500.0,102.26944636020912,1.9398106975098701,False
68,50,5830,-1192500.0,-12500.0,102.31424749379414,1.9393673212606173,False
68,51,5831,-1187500.0,-12500.0,102.35904866312802,1.9389258002547018,False
68,52,5832,-1182500.0,-12500.0,102.40384986806097,1.938486134490452,False
68,53,5833,-1177500.0,-12500.0,102.44865110844313,1.9380483239666515,False
68,54,5834,-1172500.0,-12500.0,102.49345238412467,1.9376123686815525,False
68,55,5835,-1167500.0,-12500.0,102.53825369495574,1.9371782686336394,False
68,56,5836,-1162500.0,-12500.0,102.58305504078652,1.9367460238217105,False
68,57,5837,-1157500.0,-12500.0,102.62785642146716,1.9363156342447778,False
68,58,5838,-1152500.0,-12500.0,102.67265783684783,1.935887099900365,False
68,59,5839,-1147500.0,-12500.0,102.71745928677868,1.9354604207880912,False
68,60,5840,-1142500.0,-12500.0,102.7622607711099,1.9350355969062598,False
68,61,5841,-1137500.0,-12500.0,102.80706228969161,1.9346126282536027,False
68,62,5842,-1132500.0,-12500.0,102.851863842374,1.9341915148284028,False
68,63,5843,-1127500.0,-12500.0,102.89666542900721,1.933772256629374,False
68,64,5844,-1122500.0,-12500.0,102.94146704944141,1.9333548536553313,False
68,65,5845,-1117500.0,-12500.0,102.98626870352676,1.932939305904843,False
68,66,5846,-1112500.0,-12500.0,103.0310703911134,1.9325256133764945,False
68,67,5847,-1107500.0,-12500.0,103.0758721120515,1.9321137760693063,False
68,68,5848,-1102500.0,-12500.0,103.12067386619121,1.9317037939814374,False
68,69,5849,-1097500.0,-12500.0,103.16547565338267,1.931295667111981,False
68,70,5850,-1092500.0,-12500.0,103.21027747347607,1.9308893954591388,False
68,71,5851,-1087500.0,-12500.0,103.25507932632152,1.930484979022221,False
68,72,5852,-1082500.0,-12500.0,103.2998812117692,1.930082417799197,False
68,73,5853,-1077500.0,-12500.0,103.34468312966926,1.9296817117891938,False
68,74,5854,-1072500.0,-12500.0,103.38948507987185,1.9292828609911554,False
68,75,5855,-1067500.0,-12500.0,103.43428706222711,1.9288858654033878,False
68,76,5856,-1062500.0,-12500.0,103.47908907658521,1.928490725024389,False
68,77,5857,-1057500.0,-12500.0,103.52389112279629,1.9280974398536221,False
68,78,5858,-1052500.0,-12500.0,103.56869320071047,1.9277060098891003,False
68,79,5859,-1047500.0,-12500.0,103.61349531017794,1.9273164351302299,False
68,80,5860,-1042500.0,-12500.0,103.65829745104882,1.9269287155753416,False
68,81,5861,-1037500.0,-12500.0,103.70309962317329,1.9265428512228762,False
68,82,5862,-1032500.0,-12500.0,103.74790182640145,1.9261588420721159,False
68,83,5863,-1027500.0,-12500.0,103.79270406058347,1.9257766881216665,False
68,84,5864,-1022500.0,-12500.0,103.83750632556949,1.9253963893703698,False
69,0,5865,-1442500.0,-7500.0,100.07476635017423,2.0091661360269657,False
69,1,5866,-1437500.0,-7500.0,100.11956371672501,2.0086318366878744,False
69,2,5867,-1432500.0,-7500.0,100.16436112636032,2.008099392724207,False
69,3,5868,-1427500.0,-7500.0,100.20915857893034,2.007568804133615,False
69,4,5869,-1422500.0,-7500.0,100.25395607428531,2.0070400709149108,False
69,5,5870,-1417500.0,-7500.0,100.29875361227549,2.0065131930659086,False
69,6,5871,-1412500.0,-7500.0,100.34355119275105,2.005988170584839,True
69,7,5872,-1407500.0,-7500.0,100.38834881556222,2.0054650034701176,True
69,8,5873,-1402500.0,-7500.0,100.43314648055924,2.004943691720077,True
69,9,5874,-1397500.0,-7500.0,100.47794418759231,2.004424235332424,True
69,10,5875,-1392500.0,-7500.0,100.52274193651168,2.0039066343059764,True
69,11,5876,-1387500.0,-7500.0,100.5675397271675,2.0033908886383975,True
69,12,5877,-1382500.0,-7500.0,100.61233755941005,2.0028769983286976,True
69,13,5878,-1377500.0,-7500.0,100.65713543308951,2.002364963374444,True
69,14,5879,-1372500.0,-7500.0,100.7019333480561,2.0018547837739606,True
69,15,5880,-1367500.0,-7500.0,100.74673130416005,2.001346459525885,True
69,16,5881,-1362500.0,-7500.0,100.79152930125154,2.0008399906284695,True
69,17,5882,-1357500.0,-7500.0,100.83632733918083,2.0003353770796792,True
69,18,5883,-1352500.0,-7500.0,100.88112541779807,1.9998326188781732,True
69,19,5884,-1347500.0,-7500.0,100.92592353695352,1.999331716021958,True
69,20,5885,-1342500.0,-7500.0,100.97072169649739,1.9988326685096196,True
69,21,5886,-1337500.0,-7500.0,101.01551989627983,1.998335476338956,True
69,22,5887,-1332500.0,-7500.0,101.06031813615111,1.9978401395089682,True
69,23,5888,-1327500.0,-7500.0,101.1051164159614,1.9973466580177266,True
69,24,5889,-1322500.0,-7500.0,101.14991473556094,1.9968550318631337,True
69,25,5890,-1317500.0,-7500.0,101.1947130947999,1.9963652610443612,True
69,26,5891,-1312500.0,-7500.0,101.2395114935285,1.9958773455590448,True
69,27,5892,-1307500.0,-7500.0,101.28430993159692,1.9953912854057472,True
69,28,5893,-1302500.0,-7500.0,101.3291084088554,1.9949070805829254,False
69,29,5894,-1297500.0,-7500.0,101.37390692515415,1.9944247310892065,False
69,30,5895,-1292500.0,-7500.0,101.41870548034332,1.9939442369223324,True
69,31,5896,-1287500.0,-7500.0,101.46350407427315,1.9934655980811948,True
69,32,5897,-1282500.0,-7500.0,101.5083027067938,1.9929888145642287,True
69,33,5898,-1277500.0,-7500.0,101.55310137775551,1.992513886369391,True
69,34,5899,-1272500.0,-7500.0,101.59790008700847,1.992040813494958,True
69,35,5900,-1267500.0,-7500.0,101.64269883440286,1.9915695959403843,True
69,36,5901,-1262500.0,-7500.0,101.6874976197889,1.9911002337030013,True
69,37,5902,-1257500.0,-7500.0,101.73229644301678,1.990632726781779,True
69,38,5903,-1252500.0,-7500.0,101.77709530393668,1.990167075175174,False
69,39,5904,-1247500.0,-7500.0,101.8218942023988,1.9897032788813975,False
69,40,5905,-1242500.0,-7500.0,101.86669313825332,1.9892413378988831,False
69,41,5906,-1237500.0,-7500.0,101.91149211135046,1.9887812522260868,False
69,42,5907,-1232500.0,-7500.0,101.9562911215404,1.9883230218617374,False
69,43,5908,-1227500.0,-7500.0,102.00109016867333,1.9878666468041644,False
69,44,5909,-1222500.0,-7500.0,102.04588925259944,1.9874121270517022,False
69,45,5910,-1217500.0,-7500.0,102.09068837316893,1.986959462602842,False
69,46,5911,-1212500.0,-7500.0,102.13548753023197,1.9865086534562717,False
69,47,5912,-1207500.0,-7500.0,102.18028672363876,1.9860596996103466,False
69,48,5913,-1202500.0,-7500.0,102.22508595323949,1.9856126010636195,False
69,49,5914,-1197500.0,-7500.0,102.26988521888434,1.98516735781448,False
69,50,5915,-1192500.0,-7500.0,102.3146845204235,1.9847239698617947,False
69,51,5916,-1187500.0,-7500.0,102.35948385770713,1.9842824372036132,False
69,52,5917,-1182500.0,-7500.0,102.40428323058548,1.9838427598386221,False
69,53,5918,-1177500.0,-7500.0,102.44908263890866,1.983404937765585,False
69,54,5919,-1172500.0,-7500.0,102.4938820825269,1.982968970982836,False
69,55,5920,-1167500.0,-7500.0,102.53868156129037,1.9825348594888295,False
69,56,5921,-1162500.0,-7500.0,102.58348107504924,1.9821026032822093,False
69,57,5922,-1157500.0,-7500.0,102.62828062365371,1.9816722023616622,False
69,58,5923,-1152500.0,-7500.0,102.67308020695394,1.9812436567260492,False
69,59,5924,-1147500.0,-7500.0,102.71787982480012,1.9808169663731103,False
69,60,5925,-1142500.0,-7500.0,102.76267947704244,1.9803921313020298,False
69,61,5926,-1137500.0,-7500.0,102.80747916353107,1.9799691515111748,False
69,62,5927,-1132500.0,-7500.0,102.85227888411616,1.9795480269992445,False
69,63,5928,-1127500.0,-7500.0,102.89707863864794,1.9791287577648589,False
69,64,5929,-1122500.0,-7500.0,102.94187842697654,1.9787113438063555,False
69,65,5930,-1117500.0,-7500.0,102.98667824895217,1.9782957851228509,False
69,66,5931,-1112500.0,-7500.0,103.03147810442499,1.9778820817124532,False
69,67,5932,-1107500.0,-7500.0,103.07627799324516,1.9774702335742145,False
69,68,5933,-1102500.0,-7500.0,103.12107791526287,1.9770602407064808,False
69,69,5934,-1097500.0,-7500.0,103.1658778703283,1.9766521031080255,False
69,70,5935,-1092500.0,-7500.0,103.21067785829159,1.9762458207773754,False
69,71,5936,-1087500.0,-7500.0,103.25547787900294,1.9758413937134336,False
69,72,5937,-1082500.0,-7500.0,103.30027793231254,1.9754388219147099,False
69,73,5938,-1077500.0,-7500.0,103.3450780180705,1.975038105379914,False
69,74,5939,-1072500.0,-7500.0,103.38987813612704,1.9746392441074627,False
69,75,5940,-1067500.0,-7500.0,103.43467828633231,1.9742422380962754,False
69,76,5941,-1062500.0,-7500.0,103.47947846853648,1.9738470873451675,False
69,77,5942,-1057500.0,-7500.0,103.52427868258972,1.9734537918524766,False
69,78,5943,-1052500.0,-7500.0,103.5690789283422,1.9730623516172217,False
69,79,5944,-1047500.0,-7500.0,103.61387920564408,1.9726727666378232,False
69,80,5945,-1042500.0,-7500.0,103.65867951434552,1.9722850369132647,False
69,81,5946,-1037500.0,-7500.0,103.7034798542967,1.971899162442347,False
69,82,5947,-1032500.0,-7500.0,103.74828022534777,1.9715151432233777,False
69,83,5948,-1027500.0,-7500.0,103.79308062734891,1.9711329792554073,False
69,84,5949,-1022500.0,-7500.0,103.83788106015028,1.9707526705370588,False
70,0,5950,-1442500.0,-2500.0,100.07529493010733,2.0545265149973306,False
70,1,5951,-1437500.0,-2500.0,100.12009046499942,2.0539922010545917,False
70,2,5952,-1432500.0,-2500.0,100.16488604297075,2.0534597425413312,False
70,3,5953,-1427500.0,-2500.0,100.20968166387155,2.0529291394563653,False
70,4,5954,-1422500.0,-2500.0,100.25447732755207,2.052400391797297,False
70,5,5955,-1417500.0,-2500.0,100.2992730338625,2.0518734995624657,False
70,6,5956,-1412500.0,-2500.0,100.34406878265315,2.051348462750098,True
70,7,5957,-1407500.0,-2500.0,100.38886457377421,2.0508252813583097,True
70,8,5958,-1402500.0,-2500.0,100.43366040707595,2.050303955385251,True
70,9,5959,-1397500.0,-2500.0,100.47845628240857,2.0497844848291673,True
70,10,5960,-1392500.0,-2500.0,100.52325219962233,2.0492668696883025,True
70,11,5961,-1387500.0,-2500.0,100.56804815856748,2.048751109960837,True
70,12,5962,-1382500.0,-2500.0,100.61284415909421,2.0482372056448512,True
70,13,5963,-1377500.0,-2500.0,100.65764020105279,2.0477251567387578,True
70,14,5964,-1372500.0,-2500.0,100.70243628429343,2.0472149632405636,True
70,15,5965,-1367500.0,-2500.0,100.74723240866636,2.0467066251487065,True
70,16,5966,-1362500.0,-2500.0,100.79202857402184,2.0462001424613887,True
70,17,5967,-1357500.0,-2500.0,100.83682478021008,2.0456955151770218,True
70,18,5968,-1352500.0,-2500.0,100.88162102708131,2.0451927432933474,True
70,19,5969,-1347500.0,-2500.0,100.92641731448576,2.044691826809327,True
70,20,5970,-1342500.0,-2500.0,100.97121364227365,2.04419276572257,True
70,21,5971,-1337500.0,-2500.0,101.01601001029523,2.043695560031666,True
70,22,5972,-1332500.0,-2500.0,101.06080641840069,2.0432002097348128,True
70,23,5973,-1327500.0,-2500.0,101.10560286644026,2.04270671483067,True
70,24,5974,-1322500.0,-2500.0,101.15039935426421,2.042215075317167,True
70,25,5975,-1317500.0,-2500.0,101.19519588172271,2.0417252911925714,True
70,26,5976,-1312500.0,-2500.0,101.23999244866602,2.0412373624554987,True
70,27,5977,-1307500.0,-2500.0,101.28478905494433,2.0407512891039623,True
70,28,5978,-1302500.0,-2500.0,101.32958570040788,2.0402670711363466,False
70,29,5979,-1297500.0,-2500.0,101.3743823849069,2.0397847085512133,False
70,30,5980,-1292500.0,-2500.0,101.41917910829157,2.0393042013468277,False
70,31,5981,-1287500.0,-2500.0,101.46397587041216,2.0388255495210403,True
70,32,5982,-1282500.0,-2500.0,101.50877267111885,2.0383487530729782,True
70,33,5983,-1277500.0,-2500.0,101.55356951026187,2.0378738120006368,True
70,34,5984,-1272500.0,-2500.0,101.59836638769143,2.0374007263023457,True
70,35,5985,-1267500.0,-2500.0,101.64316330325777,2.0369294959764175,True
70,36,5986,-1262500.0,-2500.0,101.68796025681107,2.036460121021429,True
70,37,5987,-1257500.0,-2500.0,101.73275724820157,2.035992601435585,True
70,38,5988,-1252500.0,-2500.0,101.77755427727946,2.035526937217804,False
70,39,5989,-1247500.0,-2500.0,101.82235134389498,2.035063128365614,False
70,40,5990,-1242500.0,-2500.0,101.86714844789833,2.0346011748780692,False
70,41,5991,-1237500.0,-2500.0,101.9119455891397,2.034141076753717,False
70,42,5992,-1232500.0,-2500.0,101.95674276746934,2.0336828339903184,False
70,43,5993,-1227500.0,-2500.0,102.00153998273743,2.0332264465868604,False
70,44,5994,-1222500.0,-2500.0,102.0463372347942,2.032771914541375,False
70,45,5995,-1217500.0,-2500.0,102.09113452348983,2.0323192378524246,False
70,46,5996,-1212500.0,-2500.0,102.13593184867455,2.0318684165190892,False
70,47,5997,-1207500.0,-2500.0,102.18072921019855,2.031419450538983,False
70,48,5998,-1202500.0,-2500.0,102.22552660791204,2.030972339910923,False
70,49,5999,-1197500.0,-2500.0,102.27032404166525,2.030527084633152,False
70,50,6000,-1192500.0,-2500.0,102.31512151130835,2.0300836847047288,False
70,51,6001,-1187500.0,-2500.0,102.35991901669158,2.0296421401236118,False
70,52,6002,-1182500.0,-2500.0,102.40471655766511,2.029202450888571,False
70,53,6003,-1177500.0,-2500.0,102.44951413407915,2.028764616997511,False
70,54,6004,-1172500.0,-2500.0,102.4943117457839,2.0283286384498522,False
70,55,6005,-1167500.0,-2500.0,102.53910939262957,2.0278945152436045,False
70,56,6006,-1162500.0,-2500.0,102.58390707446637,2.027462247377489,False
70,57,6007,-1157500.0,-2500.0,102.62870479114447,2.027031834849724,False
70,58,6008,-1152500.0,-2500.0,102.6735025425141,2.026603277659179,False
70,59,6009,-1147500.0,-2500.0,102.71830032842543,2.0261765758041275,False
70,60,6010,-1142500.0,-2500.0,102.76309814872867,2.0257517292830576,False
70,61,6011,-1137500.0,-2500.0,102.80789600327402,2.025328738094993,False
70,62,6012,-1132500.0,-2500.0,102.85269389191168,2.024907602238103,False
70,63,6013,-1127500.0,-2500.0,102.89749181449183,2.0244883217110914,False
70,64,6014,-1122500.0,-2500.0,102.94228977086466,2.024070896512455,False
70,65,6015,-1117500.0,-2500.0,102.9870877608804,2.0236553266408346,False
70,66,6016,-1112500.0,-2500.0,103.0318857843892,2.023241612094988,False
70,67,6017,-1107500.0,-2500.0,103.07668384124128,2.022829752873103,False
70,68,6018,-1102500.0,-2500.0,103.12148193128684,2.022419748974198,False
70,69,6019,-1097500.0,-2500.0,103.16628005437603,2.022011600396646,False
70,70,6020,-1092500.0,-2500.0,103.21107821035906,2.0216053071389832,False
70,71,6021,-1087500.0,-2500.0,103.25587639908615,2.021200869200292,False
70,72,6022,-1082500.0,-2500.0,103.30067462040745,2.020798286578285,False
70,73,6023,-1077500.0,-2500.0,103.34547287417317,2.020397559272754,False
70,74,6024,-1072500.0,-2500.0,103.3902711602335,2.0199986872816837,False
70,75,6025,-1067500.0,-2500.0,103.43506947843859,2.019601670604,False
70,76,6026,-1062500.0,-2500.0,103.47986782863869,2.01920650923784,False
70,77,6027,-1057500.0,-2500.0,103.52466621068393,2.0188132031823725,False
70,78,6028,-1052500.0,-2500.0,103.56946462442453,2.018421752436065,False
70,79,6029,-1047500.0,-2500.0,103.61426306971065,2.018032156997809,False
70,80,6030,-1042500.0,-2500.0,103.6590615463925,2.017644416865881,False
70,81,6031,-1037500.0,-2500.0,103.70386005432023,2.0172585320393885,False
70,82,6032,-1032500.0,-2500.0,103.74865859334405,2.016874502516986,False
70,83,6033,-1027500.0,-2500.0,103.79345716331414,2.0164923282968394,False
70,84,6034,-1022500.0,-2500.0,103.83825576408067,2.0161120093783507,False
71,0,6035,-1442500.0,2500.0,100.07582346681143,2.0998900031262266,False
71,1,6036,-1437500.0,2500.0,100.12061717019462,2.0993556742520565,False
71,2,6037,-1432500.0,2500.0,100.16541091665174,2.0988232008631105,False
71,3,6038,-1427500.0,2500.0,100.21020470603305,2.0982925829575216,False
71,4,6039,-1422500.0,2500.0,100.25499853818884,2.0977638205338835,False
71,5,6040,-1417500.0,2500.0,100.29979241296935,2.09723691358998,False
71,6,6041,-1412500.0,2500.0,100.34458633022483,2.096711862124023,True
71,7,6042,-1407500.0,2500.0,100.38938028980554,2.0961886661341573,True
71,8,6043,-1402500.0,2500.0,100.43417429156175,2.095667325618322,True
71,9,6044,-1397500.0,2500.0,100.4789683353437,2.095147840575213,True
71,10,6045,-1392500.0,2500.0,100.52376242100163,2.094630211002353,True
71,11,6046,-1387500.0,2500.0,100.56855654838584,2.0941144368980846,True
71,12,6047,-1382500.0,2500.0,100.61335071734653,2.093600518261048,True
71,13,6048,-1377500.0,2500.0,100.65814492773399,2.09308845508879,True
71,14,6049,-1372500.0,2500.0,100.70293917939846,2.0925782473799233,True
71,15,6050,-1367500.0,2500.0,100.74773347219016,2.092069895132407,False
71,16,6051,-1362500.0,2500.0,100.79252780595938,2.0915633983444635,True
71,17,6052,-1357500.0,2500.0,100.83732218055636,2.091058757014529,True
71,18,6053,-1352500.0,2500.0,100.88211659583133,2.0905559711408777,True
71,19,6054,-1347500.0,2500.0,100.92691105163455,2.0900550407211784,True
71,20,6055,-1342500.0,2500.0,100.97170554781624,2.08955596575416,True
71,21,6056,-1337500.0,2500.0,101.0165000842267,2.0890587462379506,True
71,22,6057,-1332500.0,2500.0,101.06129466071613,2.088563382170607,True
71,23,6058,-1327500.0,2500.0,101.10608927713479,2.088069873550778,True
71,24,6059,-1322500.0,2500.0,101.1508839333329,2.087578220376463,True
71,25,6060,-1317500.0,2500.0,101.19567862916074,2.087088422645874,True
71,26,6061,-1312500.0,2500.0,101.24047336446851,2.0866004803572795,True
71,27,6062,-1307500.0,2500.0,101.28526813910649,2.0861143935093445,False
71,28,6063,-1302500.0,2500.0,101.33006295292489,2.085630162099988,False
71,29,6064,-1297500.0,2500.0,101.37485780577396,2.0851477861275427,False
71,30,6065,-1292500.0,2500.0,101.41965269750393,2.0846672655904284,False
71,31,6066,-1287500.0,2500.0,101.46444762796506,2.0841886004869132,False
71,32,6067,-1282500.0,2500.0,101.50924259700754,2.083711790815365,False
71,33,6068,-1277500.0,2500.0,101.55403760448166,2.0832368365736778,False
71,34,6069,-1272500.0,2500.0,101.59883265023763,2.082763737761011,True
71,35,6070,-1267500.0,2500.0,101.64362773412567,2.082292494375142,True
71,36,6071,-1262500.0,2500.0,101.68842285599604,2.0818231064147197,True
71,37,6072,-1257500.0,2500.0,101.73321801569895,2.081355573877602,False
71,38,6073,-1252500.0,2500.0,101.77801321308463,2.0808898967625753,False
71,39,6074,-1247500.0,2500.0,101.82280844800334,2.0804260750678574,False
71,40,6075,-1242500.0,2500.0,101.86760372030528,2.0799641087920078,False
71,41,6076,-1237500.0,2500.0,101.9123990298407,2.079503997933073,False
71,42,6077,-1232500.0,2500.0,101.95719437645981,2.0790457424899187,False
71,43,6078,-1227500.0,2500.0,102.00198976001286,2.07858934246032,False
71,44,6079,-1222500.0,2500.0,102.04678518035006,2.078134797843205,False
71,45,6080,-1217500.0,2500.0,102.09158063732163,2.077682108636964,False
71,46,6081,-1212500.0,2500.0,102.13637613077782,2.077231274839559,False
71,47,6082,-1207500.0,2500.0,102.18117166056884,2.0767822964499953,False
71,48,6083,-1202500.0,2500.0,102.22596722654491,2.0763351734664437,False
71,49,6084,-1197500.0,2500.0,102.27076282855626,2.075889905886895,False
71,50,6085,-1192500.0,2500.0,102.31555846645311,2.0754464937108787,False
71,51,6086,-1187500.0,2500.0,102.36035414008569,2.075004936935856,False
71,52,6087,-1182500.0,2500.0,102.40514984930422,2.07456523556059,False
71,53,6088,-1177500.0,2500.0,102.44994559395892,2.074127389583751,False
71,54,6089,-1172500.0,2500.0,102.4947413739,2.0736913990035664,False
71,55,6090,-1167500.0,2500.0,102.53953718897768,2.0732572638186477,False
71,56,6091,-1162500.0,2500.0,102.58433303904219,2.072824984027509,False
71,57,6092,-1157500.0,2500.0,102.62912892394374,2.0723945596285813,False
71,58,6093,-1152500.0,2500.0,102.67392484353255,2.0719659906203223,False
71,59,6094,-1147500.0,2500.0,102.71872079765883,2.071539277001209,False
71,60,6095,-1142500.0,2500.0,102.76351678617279,2.0711144187700996,False
71,61,6096,-1137500.0,2500.0,102.80831280892468,2.0706914159251033,False
71,62,6097,-1132500.0,2500.0,102.85310886576468,2.070270268464687,False
71,63,6098,-1127500.0,2500.0,102.89790495654302,2.0698509763879733,False
71,64,6099,-1122500.0,2500.0,102.9427010811099,2.069433539693108,False
71,65,6100,-1117500.0,2500.0,102.98749723931554,2.069017958378468,False
71,66,6101,-1112500.0,2500.0,103.03229343101015,2.068604232443115,False
71,67,6102,-1107500.0,2500.0,103.07708965604395,2.06819236188523,False
71,68,6103,-1102500.0,2500.0,103.12188591426712,2.067782346703443,False
71,69,6104,-1097500.0,2500.0,103.16668220552991,2.06737418689634,False
71,70,6105,-1092500.0,2500.0,103.21147852968251,2.0669678824627633,False
71,71,6106,-1087500.0,2500.0,103.25627488657513,2.0665634334009835,False
71,72,6107,-1082500.0,2500.0,103.30107127605797,2.0661608397094473,False
71,73,6108,-1077500.0,2500.0,103.34586769798123,2.065760101387106,False
71,74,6109,-1072500.0,2500.0,103.39066415219516,2.0653612184326327,False
71,75,6110,-1067500.0,2500.0,103.43546063854991,2.0649641908444134,False
71,76,6111,-1062500.0,2500.0,103.48025715689573,2.0645690186214596,False
71,77,6112,-1057500.0,2500.0,103.52505370708279,2.0641757017618785,False
71,78,6113,-1052500.0,2500.0,103.56985028896132,2.0637842402644755,False
71,79,6114,-1047500.0,2500.0,103.61464690238151,2.0633946341280063,False
71,80,6115,-1042500.0,2500.0,103.65944354719356,2.06300688335098,False
71,81,6116,-1037500.0,2500.0,103.70424022324767,2.062620987932326,False
71,82,6117,-1032500.0,2500.0,103.74903693039407,2.0622369478703635,False
71,83,6118,-1027500.0,2500.0,103.79383366848292,2.061854763164203,False
71,84,6119,-1022500.0,2500.0,103.83863043736443,2.061474433812214,False
72,0,6120,-1442500.0,7500.0,100.07635196029186,2.145256628354796,False
72,1,6121,-1437500.0,7500.0,100.12114383231585,2.14472228422122,False
72,2,6122,-1432500.0,7500.0,100.16593574740851,2.1441897956294613,False
72,3,6123,-1427500.0,7500.0,100.2107277054201,2.143659162578199,False
72,4,6124,-1422500.0,7500.0,100.25551970620091,2.1431303850652443,False
72,5,6125,-1417500.0,7500.0,100.3003117496012,2.1426034630885704,False
72,6,6126,-1412500.0,7500.0,100.34510383547128,2.1420783966470403,False
72,7,6127,-1407500.0,7500.0,100.38989596366139,2.1415551857377424,True
72,8,6128,-1402500.0,7500.0,100.43468813402181,2.141033830359507,True
72,9,6129,-1397500.0,7500.0,100.47948034640281,2.1405143305100753,True
72,10,6130,-1392500.0,7500.0,100.52427260065468,2.1399966861877524,True
72,11,6131,-1387500.0,7500.0,100.5690648966277,2.1394808973905213,True
72,12,6132,-1382500.0,7500.0,100.6138572341721,2.1389669641164404,True
72,13,6133,-1377500.0,7500.0,100.65864961313818,2.1384548863643786,False
72,14,6134,-1372500.0,7500.0,100.7034420333762,2.137944664131309,False
72,15,6135,-1367500.0,7500.0,100.74823449473645,2.137436297416177,False
72,16,6136,-1362500.0,7500.0,100.79302699706916,2.1369297862170966,True
72,17,6137,-1357500.0,7500.0,100.83781954022461,2.1364251305318165,True
72,18,6138,-1352500.0,7500.0,100.8826121240531,2.1359223303591737,True
72,19,6139,-1347500.0,7500.0,100.92740474840483,2.13542138569657,True
72,20,6140,-1342500.0,7500.0,100.97219741313012,2.1349222965433032,True
72,21,6141,-1337500.0,7500.0,101.0169901180792,2.1344250628963004,True
72,22,6142,-1332500.0,7500.0,101.06178286310235,2.1339296847545333,True
72,23,6143,-1327500.0,7500.0,101.10657564804984,2.133436162116084,True
72,24,6144,-1322500.0,7500.0,101.1513684727719,2.1329444949792244,True
72,25,6145,-1317500.0,7500.0,101.19616133711881,2.132454683341994,False
72,26,6146,-1312500.0,7500.0,101.24095424094084,2.1319667272030918,False
72,27,6147,-1307500.0,7500.0,101.28574718408822,2.131480626560183,False
72,28,6148,-1302500.0,7500.0,101.33054016641123,2.130996381411698,False
72,29,6149,-1297500.0,7500.0,101.37533318776012,2.130513991756141,False
72,30,6150,-1292500.0,7500.0,101.42012624798515,2.130033457591399,False
72,31,6151,-1287500.0,7500.0,101.46491934693658,2.1295547789159737,False
72,32,6152,-1282500.0,7500.0,101.50971248446464,2.129077955728221,False
72,33,6153,-1277500.0,7500.0,101.55450566041962,2.1286029880265946,False
72,34,6154,-1272500.0,7500.0,101.59929887465174,2.1281298758090696,False
72,35,6155,-1267500.0,7500.0,101.64409212701126,2.127658619073843,False
72,36,6156,-1262500.0,7500.0,101.68888541734844,2.127189217819566,False
72,37,6157,-1257500.0,7500.0,101.73367874551354,2.1267216720442286,False
72,38,6158,-1252500.0,7500.0,101.77847211135679,2.126255981746448,False
72,39,6159,-1247500.0,7500.0,101.82326551472846,2.1257921469243937,False
72,40,6160,-1242500.0,7500.0,101.86805895547877,2.12533016757649,False
72,41,6161,-1237500.0,7500.0,101.91285243345799,2.1248700437012533,False
72,42,6162,-1232500.0,7500.0,101.95764594851636,2.124411775296476,False
72,43,6163,-1227500.0,7500.0,102.00243950050414,2.1239553623613463,False
72,44,6164,-1222500.0,7500.0,102.04723308927154,2.12350080489355,False
72,45,6165,-1217500.0,7500.0,102.09202671466883,2.1230481028917003,False
72,46,6166,-1212500.0,7500.0,102.13682037654627,2.1225972563540165,False
72,47,6167,-1207500.0,7500.0,102.18161407475408,2.1221482652793386,False
72,48,6168,-1202500.0,7500.0,102.22640780914249,2.121701129665811,False
72,49,6169,-1197500.0,7500.0,102.27120157956178,2.1212558495114617,False
72,50,6170,-1192500.0,7500.0,102.31599538586215,2.1208124248154885,False
72,51,6171,-1187500.0,7500.0,102.36078922789387,2.1203708555754375,False
72,52,6172,-1182500.0,7500.0,102.40558310550718,2.119931141790686,False
72,53,6173,-1177500.0,7500.0,102.4503770185523,2.1194932834589975,False
72,54,6174,-1172500.0,7500.0,102.49517096687948,2.1190572805788426,False
72,55,6175,-1167500.0,7500.0,102.53996495033896,2.11862313314885,False
72,56,6176,-1162500.0,7500.0,102.58475896878096,2.1181908411675305,False
72,57,6177,-1157500.0,7500.0,102.62955302205575,2.1177604046329837,False
72,58,6178,-1152500.0,7500.0,102.67434711001351,2.117331823544135,False
72,59,6179,-1147500.0,7500.0,102.71914123250454,2.1169050978995534,False
72,60,6180,-1142500.0,7500.0,102.76393538937901,2.1164802276968993,False
72,61,6181,-1137500.0,7500.0,102.80872958048721,2.116057212935606,False
72,62,6182,-1132500.0,7500.0,102.85352380567936,2.1156360536137084,False
72,63,6183,-1127500.0,7500.0,102.89831806480566,2.115216749729795,False
72,64,6184,-1122500.0,7500.0,102.94311235771637,2.114799301282315,False
72,65,6185,-1117500.0,7500.0,102.9879066842617,2.1143837082701444,False
72,66,6186,-1112500.0,7500.0,103.03270104429191,2.113969970690911,False
72,67,6187,-1107500.0,7500.0,103.0774954376572,2.113558088544302,False
72,68,6188,-1102500.0,7500.0,103.12228986420783,2.113148061828311,False
72,69,6189,-1097500.0,7500.0,103.167084323794,2.1127398905411767,False
72,70,6190,-1092500.0,7500.0,103.21187881626592,2.112333574681666,False
72,71,6191,-1087500.0,7500.0,103.25667334147387,2.1119291142488557,False
72,72,6192,-1082500.0,7500.0,103.30146789926805,2.111526509240656,False
72,73,6193,-1077500.0,7500.0,103.34626248949867,2.111125759656085,False
72,74,6194,-1072500.0,7500.0,103.39105711201597,2.11072686549317,False
72,75,6195,-1067500.0,7500.0,103.43585176667018,2.1103298267511637,False
72,76,6196,-1062500.0,7500.0,103.48064645331152,2.109934643428434,False
72,77,6197,-1057500.0,7500.0,103.5254411717902,2.109541315523272,False
72,78,6198,-1052500.0,7500.0,103.57023592195645,2.109149843034554,False
72,79,6199,-1047500.0,7500.0,103.6150307036605,2.10876022596079,False
72,80,6200,-1042500.0,7500.0,103.65982551675255,2.1083724643012216,False
72,81,6201,-1037500.0,7500.0,103.70462036108285,2.1079865580536383,False
72,82,6202,-1032500.0,7500.0,103.74941523650159,2.1076025072168796,False
72,83,6203,-1027500.0,7500.0,103.79421014285901,2.107220311789683,False
72,84,6204,-1022500.0,7500.0,103.83900508000532,2.1068399717707056,False
73,0,6205,-1442500.0,12500.0,100.07688041055388,2.190626418637953,False
73,1,6206,-1437500.0,12500.0,100.12167045136843,2.190092058916546,False
73,2,6207,-1432500.0,12500.0,100.16646053524633,2.1895595547951525,False
73,3,6208,-1427500.0,12500.0,100.21125066203794,2.1890289062722577,False
73,4,6209,-1422500.0,12500.0,100.2560408315935,2.188500113345368,False
73,5,6210,-1417500.0,12500.0,100.30083104376331,2.1879731760131897,False
73,6,6211,-1412500.0,12500.0,100.34562129839769,2.187448094272968,False
73,7,6212,-1407500.0,12500.0,100.3904115953469,2.186924868123334,True
73,8,6213,-1402500.0,12500.0,100.43520193446128,2.1864034975624063,True
73,9,6214,-1397500.0,12500.0,100.47999231559108,2.185883982588094,True
73,10,6215,-1392500.0,12500.0,100.52478273858661,2.1853663231982363,True
73,11,6216,-1387500.0,12500.0,100.56957320329815,2.1848505193911825,False
73,12,6217,-1382500.0,12500.0,100.614363709576,2.1843365711650633,False
73,13,6218,-1377500.0,12500.0,100.65915425727044,2.183824478517831,True
73,14,6219,-1372500.0,12500.0,100.70394484623176,2.183314241447933,False
73,15,6220,-1367500.0,12500.0,100.74873547631026,2.1828058599530413,True
73,16,6221,-1362500.0,12500.0,100.7935261473562,2.1822993340315398,True
73,17,6222,-1357500.0,12500.0,100.83831685921989,2.1817946636815004,True
73,18,6223,-1352500.0,12500.0,100.88310761175158,2.1812918489010253,True
73,19,6224,-1347500.0,12500.0,100.9278984048016,2.180790889688489,True
73,20,6225,-1342500.0,12500.0,100.97268923822017,2.180291786041607,True
73,21,6226,-1337500.0,12500.0,101.01748011185764,2.179794537959045,True
73,22,6227,-1332500.0,12500.0,101.06227102556426,2.179299145438747,True
73,23,6228,-1327500.0,12500.0,101.1070619791903,2.1788056084785716,True
73,24,6229,-1322500.0,12500.0,101.15185297258606,2.1783139270775327,False
73,25,6230,-1317500.0,12500.0,101.19664400560178,2.177824101232922,False
73,26,6231,-1312500.0,12500.0,101.24143507808779,2.17733613094355,False
73,27,6232,-1307500.0,12500.0,101.28622618989434,2.1768500162074034,False
73,28,6233,-1302500.0,12500.0,101.33101734087171,2.1763657570226127,False
73,29,6234,-1297500.0,12500.0,101.37580853087016,2.175883353387518,False
73,30,6235,-1292500.0,12500.0,101.42059975973999,2.1754028053005374,False
73,31,6236,-1287500.0,12500.0,101.46539102733145,2.174924112759523,False
73,32,6237,-1282500.0,12500.0,101.51018233349484,2.174447275763036,False
73,33,6238,-1277500.0,12500.0,101.55497367808042,2.1739722943092814,False
73,34,6239,-1272500.0,12500.0,101.59976506093845,2.173499168396357,False
73,35,6240,-1267500.0,12500.0,101.6445564819192,2.173027898022557,False
73,36,6241,-1262500.0,12500.0,101.68934794087296,2.1725584831863882,False
73,37,6242,-1257500.0,12500.0,101.73413943764999,2.172090923885628,False
73,38,6243,-1252500.0,12500.0,101.77893097210055,2.171625220119257,False
73,39,6244,-1247500.0,12500.0,101.82372254407493,2.1711613718851277,False
73,40,6245,-1242500.0,12500.0,101.86851415342336,2.1706993791818285,False
73,41,6246,-1237500.0,12500.0,101.91330579999614,2.170239242007282,False
73,42,6247,-1232500.0,12500.0,101.95809748364351,2.1697809603604505,False
73,43,6248,-1227500.0,12500.0,102.00288920421576,2.16932453423881,False
73,44,6249,-1222500.0,12500.0,102.04768096156315,2.168869963641392,False
73,45,6250,-1217500.0,12500.0,102.09247275553592,2.168417248566217,False
73,46,6251,-1212500.0,12500.0,102.13726458598434,2.1679663890115846,False
73,47,6252,-1207500.0,12500.0,102.1820564527587,2.167517384976294,False
73,48,6253,-1202500.0,12500.0,102.22684835570922,2.167070236457936,False
73,49,6254,-1197500.0,12500.0,102.27164029468618,2.1666249434557012,False
73,50,6255,-1192500.0,12500.0,102.31643226953985,2.1661815059675478,False
73,51,6256,-1187500.0,12500.0,102.36122428012047,2.1657399239917243,False
73,52,6257,-1182500.0,12500.0,102.4060163262783,2.165300197526994,False
73,53,6258,-1177500.0,12500.0,102.45080840786362,2.1648623265713436,False
73,54,6259,-1172500.0,12500.0,102.49560052472667,2.164426311123991,False
73,55,6260,-1167500.0,12500.0,102.5403926767177,2.163992151182346,False
73,56,6261,-1162500.0,12500.0,102.58518486368696,2.1635598467452732,False
73,57,6262,-1157500.0,12500.0,102.62997708548474,2.163129397811528,False
73,58,6263,-1152500.0,12500.0,102.67476934196125,2.162700804378758,False
73,59,6264,-1147500.0,12500.0,102.71956163296676,2.162274066446301,False
73,60,6265,-1142500.0,12500.0,102.76435395835153,2.161849184012078,False
73,61,6266,-1137500.0,12500.0,102.80914631796581,2.161426157074734,False
73,62,6267,-1132500.0,12500.0,102.85393871165986,2.1610049856325624,False
73,63,6268,-1127500.0,12500.0,102.8987311392839,2.1605856696840506,False
73,64,6269,-1122500.0,12500.0,102.94352360068821,2.1601682092276957,False
73,65,6270,-1117500.0,12500.0,102.98831609572302,2.1597526042623483,False
73,66,6271,-1112500.0,12500.0,103.0331086242386,2.1593388547862506,False
73,67,6272,-1107500.0,12500.0,103.07790118608516,2.15892696079764,False
73,68,6273,-1102500.0,12500.0,103.12269378111297,2.1585169222953637,False
73,69,6274,-1097500.0,12500.0,103.16748640917228,2.158108739277947,False
73,70,6275,-1092500.0,12500.0,103.21227907011334,2.1577024117437498,False
73,71,6276,-1087500.0,12500.0,103.25707176378639,2.1572979396912495,False
73,72,6277,-1082500.0,12500.0,103.30186449004168,2.156895323119142,False
73,73,6278,-1077500.0,12500.0,103.34665724872943,2.1564945620259777,False
73,74,6279,-1072500.0,12500.0,103.39145003969989,2.1560956564101668,False
73,75,6280,-1067500.0,12500.0,103.43624286280333,2.1556986062706636,False
73,76,6281,-1062500.0,12500.0,103.48103571788995,2.155303411605502,False
73,77,6282,-1057500.0,12500.0,103.52582860481003,2.154910072413326,False
73,78,6283,-1052500.0,12500.0,103.57062152341379,2.1545185886931257,False
73,79,6284,-1047500.0,12500.0,103.61541447355148,2.1541289604432063,False
73,80,6285,-1042500.0,12500.0,103.66020745507332,2.1537411876621917,False
73,81,6286,-1037500.0,12500.0,103.70500046782958,2.153355270348917,False
73,82,6287,-1032500.0,12500.0,103.74979351167046,2.152971208501567,False
73,83,6288,-1027500.0,12500.0,103.79458658644623,2.152589002118853,False
73,84,6289,-1022500.0,12500.0,103.83937969200711,2.1522086511996865,False
74,0,6290,-1442500.0,17500.0,100.07740881760286,2.23599940194422,False
74,1,6291,-1437500.0,17500.0,100.12219702735763,2.2354650263069993,False
74,2,6292,-1432500.0,17500.0,100.16698528017051,2.234932506328888,False
74,3,6293,-1427500.0,17500.0,100.2117735758918,2.2344018420082725,False
74,4,6294,-1422500.0,17500.0,100.2565619143718,2.2338730333430084,False
74,5,6295,-1417500.0,17500.0,100.30135029546085,2.233346080330711,False
74,6,6296,-1412500.0,17500.0,100.34613871900923,2.232820982970144,False
74,7,6297,-1407500.0,17500.0,100.3909271848673,2.2322977412588685,True
74,8,6298,-1402500.0,17500.0,100.4357156928853,2.2317763551949863,True
74,9,6299,-1397500.0,17500.0,100.48050424291361,2.2312568247764513,False
74,10,6300,-1392500.0,17500.0,100.52529283480251,2.230739150001281,False
74,11,6301,-1387500.0,17500.0,100.57008146840231,2.2302233308675716,False
74,12,6302,-1382500.0,17500.0,100.61487014356331,2.229709367373703,False
74,13,6303,-1377500.0,17500.0,100.65965886013582,2.229197259517254,False
74,14,6304,-1372500.0,17500.0,100.70444761797016,2.2286870072968035,False
74,15,6305,-1367500.0,17500.0,100.74923641691662,2.2281786107101733,True
74,16,6306,-1362500.0,17500.0,100.79402525682549,2.2276720697550028,True
74,17,6307,-1357500.0,17500.0,100.83881413754712,2.2271673844302073,True
74,18,6308,-1352500.0,17500.0,100.88360305893177,2.226664554733183,True
74,19,6309,-1347500.0,17500.0,100.92839202082976,2.226163580662733,True
74,20,6310,-1342500.0,17500.0,100.97318102309137,2.2256644622161983,True
74,21,6311,-1337500.0,17500.0,101.01797006556693,2.2251671993925095,True
74,22,6312,-1332500.0,17500.0,101.06275914810672,2.22467179218919,True
74,23,6313,-1327500.0,17500.0,101.10754827056104,2.224178240604507,False
74,24,6314,-1322500.0,17500.0,101.15233743278021,2.2236865446367617,False
74,25,6315,-1317500.0,17500.0,101.19712663461449,2.223196704284244,False
74,26,6316,-1312500.0,17500.0,101.2419158759142,2.222708719544929,False
74,27,6317,-1307500.0,17500.0,101.28670515652964,2.222222590416706,False
74,28,6318,-1302500.0,17500.0,101.33149447631108,2.221738316898329,False
74,29,6319,-1297500.0,17500.0,101.37628383510884,2.2212558989877396,False
74,30,6320,-1292500.0,17500.0,101.42107323277318,2.2207753366831415,False
74,31,6321,-1287500.0,17500.0,101.46586266915443,2.2202966299826152,False
74,32,6322,-1282500.0,17500.0,101.51065214410285,2.219819778884354,False
74,33,6323,-1277500.0,17500.0,101.55544165746875,2.2193447833868762,False
74,34,6324,-1272500.0,17500.0,101.60023120910243,2.218871643487849,False
74,35,6325,-1267500.0,17500.0,101.64502079885415,2.218400359186311,False
74,36,6326,-1262500.0,17500.0,101.68981042657421,2.217930930479953,False
74,37,6327,-1257500.0,17500.0,101.7346000921129,2.217463357366985,False
74,38,6328,-1252500.0,17500.0,101.7793897953205,2.216997639846194,False
74,39,6329,-1247500.0,17500.0,101.82417953604731,2.2165337779148606,False
74,40,6330,-1242500.0,17500.0,101.86896931414361,2.2160717715724183,False
74,41,6331,-1237500.0,17500.0,101.91375912945968,2.215611620816299,False
74,42,6332,-1232500.0,17500.0,101.95854898184581,2.2151533256451996,False
74,43,6333,-1227500.0,17500.0,102.00333887115227,2.214696886057363,False
74,44,6334,-1222500.0,17500.0,102.04812879722934,2.2142423020508186,False
74,45,6335,-1217500.0,17500.0,102.09291875992733,2.213789573624036,False
74,46,6336,-1212500.0,17500.0,102.1377087590965,2.2133387007760126,False
74,47,6337,-1207500.0,17500.0,102.18249879458713,2.2128896835037404,False
74,48,6338,-1202500.0,17500.0,102.22728886624951,2.2124425218066497,False
74,49,6339,-1197500.0,17500.0,102.27207897393389,2.2119972156826253,False
74,50,6340,-1192500.0,17500.0,102.31686911749058,2.211553765130103,False
74,51,6341,-1187500.0,17500.0,102.36165929676984,2.211112170147446,False
74,52,6342,-1182500.0,17500.0,102.40644951162197,2.2106724307328065,False
74,53,6343,-1177500.0,17500.0,102.45123976189721,2.2102345468847235,False
74,54,6344,-1172500.0,17500.0,102.49603004744587,2.209798518601769,False
74,55,6345,-1167500.0,17500.0,102.54082036811819,2.209364345881916,False
74,56,6346,-1162500.0,17500.0,102.58561072376447,2.2089320287239462,False
74,57,6347,-1157500.0,17500.0,102.63040111423497,2.2085015671260173,False
74,58,6348,-1152500.0,17500.0,102.67519153937998,2.208072961086481,False
74,59,6349,-1147500.0,17500.0,102.71998199904974,2.207646210604055,False
74,60,6350,-1142500.0,17500.0,102.76477249309454,2.2072213156771574,False
74,61,6351,-1137500.0,17500.0,102.80956302136465,2.206798276303842,False
74,62,6352,-1132500.0,17500.0,102.85435358371036,2.2063770924826485,False
74,63,6353,-1127500.0,17500.0,102.89914417998189,2.2059577642122985,False
74,64,6354,-1122500.0,17500.0,102.94393481002953,2.205540291491194,False
74,65,6355,-1117500.0,17500.0,102.98872547370357,2.2051246743173754,False
74,66,6356,-1112500.0,17500.0,103.03351617085426,2.204710912689697,False
74,67,6357,-1107500.0,17500.0,103.07830690133186,2.204299006606589,False
74,68,6358,-1102500.0,17500.0,103.12309766498663,2.203888956066423,False
74,69,6359,-1097500.0,17500.0,103.16788846166885,2.2034807610677185,False
74,70,6360,-1092500.0,17500.0,103.21267929122878,2.2030744216091875,False
74,71,6361,-1087500.0,17500.0,103.25747015351668,2.202669937688751,False
74,72,6362,-1082500.0,17500.0,103.30226104838282,2.202267309305631,False
74,73,6363,-1077500.0,17500.0,103.34705197567745,2.201866536457881,False
74,74,6364,-1072500.0,17500.0,103.39184293525085,2.2014676191439606,False
74,75,6365,-1067500.0,17500.0,103.43663392695326,2.2010705573630034,False
74,76,6366,-1062500.0,17500.0,103.48142495063496,2.2006753511130808,False
74,77,6367,-1057500.0,17500.0,103.52621600614617,2.200282000392675,False
74,78,6368,-1052500.0,17500.0,103.57100709333722,2.199890505200253,False
74,79,6369,-1047500.0,17500.0,103.6157982120583,2.199500865534989,False
74,80,6370,-1042500.0,17500.0,103.66058936215968,2.1991130813947377,False
74,81,6371,-1037500.0,17500.0,103.70538054349166,2.1987271527782632,False
74,82,6372,-1032500.0,17500.0,103.75017175590445,2.198343079684571,False
74,83,6373,-1027500.0,17500.0,103.79496299924833,2.1979608621119575,False
74,84,6374,-1022500.0,17500.0,103.83975427337354,2.1975805000588022,False
75,0,6375,-1442500.0,22500.0,100.07793718144404,2.2813756062572317,False
75,1,6376,-1437500.0,22500.0,100.12272356028875,2.280841214375762,False
75,2,6377,-1432500.0,22500.0,100.16750998218626,2.280308678213783,False
75,3,6378,-1427500.0,22500.0,100.21229644698693,2.279777997769575,False
75,4,6379,-1422500.0,22500.0,100.25708295454108,2.2792491730407742,False
75,5,6380,-1417500.0,22500.0,100.30186950469903,2.27872220402549,False
75,6,6381,-1412500.0,22500.0,100.34665609731113,2.2781970907211213,False
75,7,6382,-1407500.0,22500.0,100.3914427322277,2.2776738331265616,True
75,8,6383,-1402500.0,22500.0,100.43622940929907,2.2771524312395495,False
75,9,6384,-1397500.0,22500.0,100.48101612837556,2.2766328850574586,False
75,10,6385,-1392500.0,22500.0,100.52580288930751,2.276115194579048,False
75,11,6386,-1387500.0,22500.0,100.57058969194526,2.275599359801924,False
75,12,6387,-1382500.0,22500.0,100.61537653613911,2.2750853807244056,False
75,13,6388,-1377500.0,22500.0,100.66016342173938,2.274573257344257,False
75,14,6389,-1372500.0,22500.0,100.70495034859643,2.2740629896597415,False
75,15,6390,-1367500.0,22500.0,100.74973731656054,2.273554577668438,True
75,16,6391,-1362500.0,22500.0,100.79452432548207,2.273048021368976,True
75,17,6392,-1357500.0,22500.0,100.83931137521132,2.2725433207588446,True
75,18,6393,-1352500.0,22500.0,100.88409846559861,2.272040475836946,True
75,19,6394,-1347500.0,22500.0,100.92888559649428,2.2715394866005236,True
75,20,6395,-1342500.0,22500.0,100.97367276774862,2.2710403530477254,True
75,21,6396,-1337500.0,22500.0,101.01845997921198,2.2705430751770708,True
75,22,6397,-1332500.0,22500.0,101.06324723073465,2.270047652986732,False
75,23,6398,-1327500.0,22500.0,101.10803452216696,2.269554086474334,False
75,24,6399,-1322500.0,22500.0,101.15282185335924,2.2690623756382955,False
75,25,6400,-1317500.0,22500.0,101.19760922416177,2.2685725204765332,False
75,26,6401,-1312500.0,22500.0,101.24239663442489,2.2680845209873945,False
75,27,6402,-1307500.0,22500.0,101.28718408399891,2.2675983771689068,False
75,28,6403,-1302500.0,22500.0,101.33197157273413,2.2671140890192643,False
75,29,6404,-1297500.0,22500.0,101.37675910048088,2.2666316565364304,False
75,30,6405,-1292500.0,22500.0,101.42154666708947,2.266151079718959,False
75,31,6406,-1287500.0,22500.0,101.46633427241021,2.26567235856475,False
75,32,6407,-1282500.0,22500.0,101.51112191629338,2.265195493071893,False
75,33,6408,-1277500.0,22500.0,101.55590959858934,2.264720483238612,False
75,34,6409,-1272500.0,22500.0,101.60069731914834,2.264247329063678,False
75,35,6410,-1267500.0,22500.0,101.64548507782074,2.263776030544256,False
75,36,6411,-1262500.0,22500.0,101.69027287445681,2.263306587679207,False
75,37,6412,-1257500.0,22500.0,101.73506070890689,2.2628390004666956,False
75,38,6413,-1252500.0,22500.0,101.77984858102126,2.2623732689050504,False
75,39,6414,-1247500.0,22500.0,101.82463649065022,2.261909392992083,False
75,40,6415,-1242500.0,22500.0,101.8694244376441,2.261447372726328,False
75,41,6416,-1237500.0,22500.0,101.91421242185316,2.2609872081059708,False
75,42,6417,-1232500.0,22500.0,101.95900044312775,2.260528899129247,False
75,43,6418,-1227500.0,22500.0,102.00378850131814,2.260072445794577,False
75,44,6419,-1222500.0,22500.0,102.04857659627464,2.2596178480999947,False
75,45,6420,-1217500.0,22500.0,102.09336472784757,2.2591651060440574,False
75,46,6421,-1212500.0,22500.0,102.1381528958872,2.2587142196247556,False
75,47,6422,-1207500.0,22500.0,102.18294110024382,2.2582651888401757,False
75,48,6423,-1202500.0,22500.0,102.22772934076777,2.2578180136893082,False
75,49,6424,-1197500.0,22500.0,102.2725176173093,2.2573726941699004,False
75,50,6425,-1192500.0,22500.0,102.31730592971874,2.256929230280452,False
75,51,6426,-1187500.0,22500.0,102.36209427784638,2.2564876220194447,False
75,52,6427,-1182500.0,22500.0,102.4068826615425,2.2560478693850987,False
75,53,6428,-1177500.0,22500.0,102.4516710806574,2.255609972375587,False
75,54,6429,-1172500.0,22500.0,102.4964595350414,2.2551739309891805,False
75,55,6430,-1167500.0,22500.0,102.54124802454476,2.2547397452245597,False
75,56,6431,-1162500.0,22500.0,102.58603654901776,2.2543074150798508,False
75,57,6432,-1157500.0,22500.0,102.63082510831073,2.2538769405537615,False
75,58,6433,-1152500.0,22500.0,102.67561370227394,2.253448321644084,False
75,59,6434,-1147500.0,22500.0,102.72040233075768,2.253021558349665,False
75,60,6435,-1142500.0,22500.0,102.76519099361225,2.2525966506688615,False
75,61,6436,-1137500.0,22500.0,102.80997969068791,2.2521735985998106,False
75,62,6437,-1132500.0,22500.0,102.85476842183499,2.2517524021409616,False
75,63,6438,-1127500.0,22500.0,102.89955718690376,2.2513330612912954,False
75,64,6439,-1122500.0,22500.0,102.94434598574449,2.2509155760485253,False
75,65,6440,-1117500.0,22500.0,102.98913481820748,2.250499946411098,False
75,66,6441,-1112500.0,22500.0,103.033923684143,2.2500861723777206,False
75,67,6442,-1107500.0,22500.0,103.07871258340137,2.2496742539469587,False
75,68,6443,-1102500.0,22500.0,103.12350151583284,2.249264191117088,False
75,69,6444,-1097500.0,22500.0,103.1682904812877,2.248855983886501,False
75,70,6445,-1092500.0,22500.0,103.21307947961624,2.2484496322536027,False
75,71,6446,-1087500.0,22500.0,103.25786851066873,2.2480451362170877,False
75,72,6447,-1082500.0,22500.0,103.30265757429547,2.247642495775311,False
75,73,6448,-1077500.0,22500.0,103.34744667034673,2.247241710926936,False
75,74,6449,-1072500.0,22500.0,103.39223579867277,2.246842781670392,False
75,75,6450,-1067500.0,22500.0,103.43702495912392,2.246445708003575,False
75,76,6451,-1062500.0,22500.0,103.4818141515504,2.246050489925959,False
75,77,6452,-1057500.0,22500.0,103.52660337580254,2.2456571274355666,False
75,78,6453,-1052500.0,22500.0,103.57139263173056,2.245265620530704,False
75,79,6454,-1047500.0,22500.0,103.6161819191848,2.2448759692102915,False
75,80,6455,-1042500.0,22500.0,103.66097123801549,2.244488173472771,False
75,81,6456,-1037500.0,22500.0,103.70576058807292,2.244102233316676,False
75,82,6457,-1032500.0,22500.0,103.75054996920737,2.2437181487404563,False
75,83,6458,-1027500.0,22500.0,103.7953393812691,2.243335919742921,False
75,84,6459,-1022500.0,22500.0,103.8401288241084,2.2429555463224906,False
76,0,6460,-1442500.0,27500.0,100.07846550208275,2.3267550595750532,False
76,1,6461,-1437500.0,27500.0,100.12325005016704,2.3262206511208383,False
76,2,6462,-1432500.0,27500.0,100.16803464129887,2.3256880984478956,False
76,3,6463,-1427500.0,27500.0,100.21281927532858,2.3251574015536156,False
76,4,6464,-1422500.0,27500.0,100.25760395210654,2.324628560436123,False
76,5,6465,-1417500.0,27500.0,100.30238867148307,2.3241015750934064,False
76,6,6466,-1412500.0,27500.0,100.34717343330855,2.3235764455233276,True
76,7,6467,-1407500.0,27500.0,100.3919582374333,2.323053171723789,True
76,8,6468,-1402500.0,27500.0,100.4367430837077,2.3225317536929087,False
76,9,6469,-1397500.0,27500.0,100.48152797198206,2.322012191428561,False
76,10,6470,-1392500.0,27500.0,100.52631290210674,2.3214944849284467,False
76,11,6471,-1387500.0,27500.0,100.57109787393209,2.320978634190703,False
76,12,6472,-1382500.0,27500.0,100.61588288730846,2.320464639213649,False
76,13,6473,-1377500.0,27500.0,100.66066794208619,2.3199524999949017,False
76,14,6474,-1372500.0,27500.0,100.7054530381156,2.3194422165326065,False
76,15,6475,-1367500.0,27500.0,100.75023817524706,2.3189337888245833,False
76,16,6476,-1362500.0,27500.0,100.79502335333092,2.3184272168689337,False
76,17,6477,-1357500.0,27500.0,100.83980857221748,2.3179225006638537,False
76,18,6478,-1352500.0,27500.0,100.8845938317571,2.317419640207311,False
76,19,6479,-1347500.0,27500.0,100.92937913180012,2.3169186354971725,False
76,20,6480,-1342500.0,27500.0,100.97416447219689,2.3164194865314895,False
76,21,6481,-1337500.0,27500.0,101.0189498527977,2.3159221933086034,False
76,22,6482,-1332500.0,27500.0,101.06373527345295,2.315426755826403,False
76,23,6483,-1327500.0,27500.0,101.10852073401293,2.3149331740827206,False
76,24,6484,-1322500.0,27500.0,101.15330623432799,2.3144414480761455,False
76,25,6485,-1317500.0,27500.0,101.19809177424847,2.313951577804391,False
76,26,6486,-1312500.0,27500.0,101.24287735362468,2.313463563265524,False
76,27,6487,-1307500.0,27500.0,101.28766297230698,2.3129774044578024,False
76,28,6488,-1302500.0,27500.0,101.33244863014568,2.3124931013791605,False
76,29,6489,-1297500.0,27500.0,101.37723432699111,2.312010654027814,False
76,30,6490,-1292500.0,27500.0,101.42202006269363,2.3115300624022725,False
76,31,6491,-1287500.0,27500.0,101.46680583710354,2.311051326499834,False
76,32,6492,-1282500.0,27500.0,101.51159165007115,2.310574446319795,False
76,33,6493,-1277500.0,27500.0,101.55637750144683,2.3100994218587636,False
76,34,6494,-1272500.0,27500.0,101.60116339108089,2.309626253116471,False
76,35,6495,-1267500.0,27500.0,101.64594931882365,2.309154940089987,False
76,36,6496,-1262500.0,27500.0,101.69073528452545,2.3086854827778733,False
76,37,6497,-1257500.0,27500.0,101.73552128803658,2.30821788117822,False
76,38,6498,-1252500.0,27500.0,101.7803073292074,2.3077521352893116,False
76,39,6499,-1247500.0,27500.0,101.82509340788823,2.307288245109501,False
76,40,6500,-1242500.0,27500.0,101.86987952392937,2.3068262106368373,False
76,41,6501,-1237500.0,27500.0,101.91466567718115,2.306366031869442,False
76,42,6502,-1232500.0,27500.0,101.95945186749388,2.3059077088057003,False
76,43,6503,-1227500.0,27500.0,102.00423809471792,2.3054512414434223,False
76,44,6504,-1222500.0,27500.0,102.04902435870353,2.304996629781451,False
76,45,6505,-1217500.0,27500.0,102.09381065930108,2.304543873817503,False
76,46,6506,-1212500.0,27500.0,102.13859699636087,2.3040929735502496,False
76,47,6507,-1207500.0,27500.0,102.18338336973322,2.303643928977734,False
76,48,6508,-1202500.0,27500.0,102.22816977926843,2.3031967400981483,False
76,49,6509,-1197500.0,27500.0,102.27295622481682,2.3027514069100685,False
76,50,6510,-1192500.0,27500.0,102.3177427062287,2.3023079294110826,False
76,51,6511,-1187500.0,27500.0,102.36252922335441,2.301866307600469,False
76,52,6512,-1182500.0,27500.0,102.40731577604426,2.3014265414757924,False
76,53,6513,-1177500.0,27500.0,102.45210236414853,2.3009886310354957,False
76,54,6514,-1172500.0,27500.0,102.49688898751755,2.3005525762780197,False
76,55,6515,-1167500.0,27500.0,102.54167564600164,2.300118377201654,False
76,56,6516,-1162500.0,27500.0,102.58646233945109,2.299686033804629,False
76,57,6517,-1157500.0,27500.0,102.63124906771624,2.299255546085403,False
76,58,6518,-1152500.0,27500.0,102.67603583064736,2.298826914042375,False
76,59,6519,-1147500.0,27500.0,102.7208226280948,2.298400137673848,False
76,60,6520,-1142500.0,27500.0,102.76560945990884,2.29797521697806,False
76,61,6521,-1137500.0,27500.0,102.81039632593979,2.297552151953078,False
76,62,6522,-1132500.0,27500.0,102.85518322603797,2.2971309425980255,False
76,63,6523,-1127500.0,27500.0,102.89997016005366,2.2967115889106946,False
76,64,6524,-1122500.0,27500.0,102.94475712783718,2.296294090889957,False
76,65,6525,-1117500.0,27500.0,102.98954412923884,2.2958784485335837,False
76,66,6526,-1112500.0,27500.0,103.03433116410893,2.295464661840523,False
76,67,6527,-1107500.0,27500.0,103.07911823229776,2.295052730808832,False
76,68,6528,-1102500.0,27500.0,103.12390533365566,2.2946426554370993,False
76,69,6529,-1097500.0,27500.0,103.16869246803287,2.2942344357238587,False
76,70,6530,-1092500.0,27500.0,103.21347963527974,2.293828071667196,False
76,71,6531,-1087500.0,27500.0,103.25826683524654,2.2934235632659186,False
76,72,6532,-1082500.0,27500.0,103.3030540677836,2.293020910518363,False
76,73,6533,-1077500.0,27500.0,103.34784133274121,2.2926201134227173,False
76,74,6534,-1072500.0,27500.0,103.39262862996965,2.2922211719778627,False
76,75,6535,-1067500.0,27500.0,103.43741595931922,2.291824086182061,False
76,76,6536,-1062500.0,27500.0,103.48220332064022,2.2914288560336162,False
76,77,6537,-1057500.0,27500.0,103.52699071378298,2.291035481531228,False
76,78,6538,-1052500.0,27500.0,103.57177813859774,2.290643962673647,False
76,79,6539,-1047500.0,27500.0,103.61656559493484,2.2902542994588955,False
76,80,6540,-1042500.0,27500.0,103.66135308264455,2.289866491885567,False
76,81,6541,-1037500.0,27500.0,103.70614060157716,2.2894805399523364,False
76,82,6542,-1032500.0,27500.0,103.75092815158298,2.2890964436577392,False
76,83,6543,-1027500.0,27500.0,103.79571573251229,2.2887142030004988,False
76,84,6544,-1022500.0,27500.0,103.8405033442154,2.2883338179785615,False
77,0,6545,-1442500.0,32500.0,100.07899377952428,2.3721377899099227,False
77,1,6546,-1437500.0,32500.0,100.12377649699782,2.371603364554542,False
77,2,6547,-1432500.0,32500.0,100.1685592575136,2.3710707950429515,False
77,3,6548,-1427500.0,32500.0,100.213342060922,2.370540081372598,False
77,4,6549,-1422500.0,32500.0,100.25812490707342,2.370011223541402,False
77,5,6550,-1417500.0,32500.0,100.30290779581819,2.36948422154732,False
77,6,6551,-1412500.0,32500.0,100.34769072700668,2.3689590753882035,True
77,7,6552,-1407500.0,32500.0,100.39247370048928,2.368435785062242,False
77,8,6553,-1402500.0,32500.0,100.43725671611632,2.3679143505667857,False
77,9,6554,-1397500.0,32500.0,100.48203977373821,2.3673947719003934,False
77,10,6555,-1392500.0,32500.0,100.52682287320529,2.3668770490601534,False
77,11,6556,-1387500.0,32500.0,100.57160601436792,2.366361182044953,False
77,12,6557,-1382500.0,32500.0,100.61638919707646,2.3658471708522977,False
77,13,6558,-1377500.0,32500.0,100.66117242118129,2.365335015480049,False
77,14,6559,-1372500.0,32500.0,100.70595568653275,2.3648247159261966,False
77,15,6560,-1367500.0,32500.0,100.75073899298121,2.3643162721889275,False
77,16,6561,-1362500.0,32500.0,100.79552234037702,2.363809684265948,False
77,17,6562,-1357500.0,32500.0,100.84030572857057,2.363304952155536,False
77,18,6563,-1352500.0,32500.0,100.88508915741218,2.3628020758551096,False
77,19,6564,-1347500.0,32500.0,100.92987262675223,2.3623010553635386,False
77,20,6565,-1342500.0,32500.0,100.97465613644106,2.361801890677723,False
77,21,6566,-1337500.0,32500.0,101.01943968632902,2.3613045817969263,False
77,22,6567,-1332500.0,32500.0,101.06422327626649,2.3608091287182145,False
77,23,6568,-1327500.0,32500.0,101.10900690610382,2.3603155314401767,False
77,24,6569,-1322500.0,32500.0,101.15379057569135,2.3598237899603856,False
77,25,6570,-1317500.0,32500.0,101.19857428487943,2.3593339042771446,False
77,26,6571,-1312500.0,32500.0,101.2433580335184,2.358845874388454,False
77,27,6572,-1307500.0,32500.0,101.28814182145864,2.358359700292546,False
77,28,6573,-1302500.0,32500.0,101.33292564855049,2.3578753819873084,False
77,29,6574,-1297500.0,32500.0,101.37770951464428,2.357392919471145,False
77,30,6575,-1292500.0,32500.0,101.42249341959038,2.3569123127416907,False
77,31,6576,-1287500.0,32500.0,101.46727736323912,2.356433561797383,False
77,32,6577,-1282500.0,32500.0,101.51206134544087,2.355956666635946,False
77,33,6578,-1277500.0,32500.0,101.55684536604595,2.3554816272558203,False
77,34,6579,-1272500.0,32500.0,101.60162942490473,2.3550084436547363,False
77,35,6580,-1267500.0,32500.0,101.64641352186754,2.3545371158315858,False
77,36,6581,-1262500.0,32500.0,101.69119765678471,2.3540676437839068,False
77,37,6582,-1257500.0,32500.0,101.7359818295066,2.3536000275097515,False
77,38,6583,-1252500.0,32500.0,101.78076603988355,2.3531342670076754,False
77,39,6584,-1247500.0,32500.0,101.8255502877659,2.352670362275437,False
77,40,6585,-1242500.0,32500.0,101.870334573004,2.3522083133119436,False
77,41,6586,-1237500.0,32500.0,101.91511889544816,2.351748120114496,False
77,42,6587,-1232500.0,32500.0,101.95990325494874,2.3512897826814227,False
77,43,6588,-1227500.0,32500.0,102.00468765135608,2.350833301011521,False
77,44,6589,-1222500.0,32500.0,102.04947208452052,2.3503786751024225,False
77,45,6590,-1217500.0,32500.0,102.09425655429237,2.349925904952356,False
77,46,6591,-1212500.0,32500.0,102.139041060522,2.3494749905600085,False
77,47,6592,-1207500.0,32500.0,102.18382560305973,2.3490259319227924,False
77,48,6593,-1202500.0,32500.0,102.2286101817559,2.348578729039856,False
77,49,6594,-1197500.0,32500.0,102.27339479646082,2.348133381908895,False
77,50,6595,-1192500.0,32500.0,102.31817944702486,2.34768989052819,False
77,51,6596,-1187500.0,32500.0,102.36296413329833,2.3472482548960842,False
77,52,6597,-1182500.0,32500.0,102.40774885513156,2.3468084750110116,False
77,53,6598,-1177500.0,32500.0,102.45253361237489,2.346370550870961,False
77,54,6599,-1172500.0,32500.0,102.49731840487865,2.3459344824742083,False
77,55,6600,-1167500.0,32500.0,102.54210323249316,2.3455002698190746,False
77,56,6601,-1162500.0,32500.0,102.58688809506876,2.3450679129042036,False
77,57,6602,-1157500.0,32500.0,102.63167299245575,2.3446374117272497,False
77,58,6603,-1152500.0,32500.0,102.6764579245045,2.344208766287052,False
77,59,6604,-1147500.0,32500.0,102.72124289106532,2.343781976581942,False
77,60,6605,-1142500.0,32500.0,102.76602789198851,2.3433570426099375,False
77,61,6606,-1137500.0,32500.0,102.81081292712443,2.342933964369309,False
77,62,6607,-1132500.0,32500.0,102.8555979963234,2.3425127418588723,False
77,63,6608,-1127500.0,32500.0,102.90038309943571,2.3420933750764608,False
77,64,6609,-1122500.0,32500.0,102.94516823631174,2.341675864020793,False
77,65,6610,-1117500.0,32500.0,102.98995340680176,2.3412602086899206,False
77,66,6611,-1112500.0,32500.0,103.03473861075612,2.3408464090826624,False
77,67,6612,-1107500.0,32500.0,103.07952384802513,2.3404344651970077,False
77,68,6613,-1102500.0,32500.0,103.12430911845912,2.340024377031414,False
77,69,6614,-1097500.0,32500.0,103.1690944219084,2.339616144584348,False
77,70,6615,-1092500.0,32500.0,103.2138797582233,2.3392097678542103,False
77,71,6616,-1087500.0,32500.0,103.25866512725412,2.338805246839311,False
77,72,6617,-1082500.0,32500.0,103.3034505288512,2.338402581538295,False
77,73,6618,-1077500.0,32500.0,103.34823596286483,2.338001771949223,False
77,74,6619,-1072500.0,32500.0,103.39302142914535,2.337602818071047,False
77,75,6620,-1067500.0,32500.0,103.43780692754308,2.3372057199015566,False
77,76,6621,-1062500.0,32500.0,103.48259245790832,2.336810477439711,False
77,77,6622,-1057500.0,32500.0,103.52737802009139,2.3364170906839417,False
77,78,6623,-1052500.0,32500.0,103.57216361394259,2.3360255596321244,False
77,79,6624,-1047500.0,32500.0,103.61694923931225,2.3356358842838447,False
77,80,6625,-1042500.0,32500.0,103.66173489605069,2.335248064636589,False
77,81,6626,-1037500.0,32500.0,103.7065205840082,2.3348621006890684,False
77,82,6627,-1032500.0,32500.0,103.75130630303512,2.334477992439789,False
77,83,6628,-1027500.0,32500.0,103.79609205298172,2.334095739887644,False
77,84,6629,-1022500.0,32500.0,103.84087783369834,2.3337153430307658,False
78,0,6630,-1442500.0,37500.0,100.07952201377391,2.4175238252894524,False
78,1,6631,-1437500.0,37500.0,100.12430290078632,2.416989382704315,False
78,2,6632,-1432500.0,37500.0,100.1690838308357,2.416456796026344,False
78,3,6633,-1427500.0,37500.0,100.21386480377244,2.4159260652534833,False
78,4,6634,-1422500.0,37500.0,100.25864581944694,2.415397190383138,False
78,5,6635,-1417500.0,37500.0,100.30342687770957,2.414870171413735,True
78,6,6636,-1412500.0,37500.0,100.34820797841073,2.4143450083428766,True
78,7,6637,-1407500.0,37500.0,100.39298912140079,2.41382170116818,False
78,8,6638,-1402500.0,37500.0,100.43777030653015,2.4133002498878002,False
78,9,6639,-1397500.0,37500.0,100.48255153364919,2.41278065449956,False
78,10,6640,-1392500.0,37500.0,100.52733280260829,2.4122629150012638,False
78,11,6641,-1387500.0,37500.0,100.57211411325783,2.41174703139117,False
78,12,6642,-1382500.0,37500.0,100.61689546544818,2.4112330036665437,False
78,13,6643,-1377500.0,37500.0,100.66167685902975,2.410720831825794,False
78,14,6644,-1372500.0,37500.0,100.70645829385289,2.410210515866634,False
78,15,6645,-1367500.0,37500.0,100.751239769768,2.409702055787083,False
78,16,6646,-1362500.0,37500.0,100.79602128662543,2.4091954515850853,False
78,17,6647,-1357500.0,37500.0,100.8408028442756,2.4086907032585927,False
78,18,6648,-1352500.0,37500.0,100.88558444256884,2.408187810805311,False
78,19,6649,-1347500.0,37500.0,100.93036608135556,2.407686774223667,False
78,20,6650,-1342500.0,37500.0,100.9751477604861,2.4071875935115505,False
78,21,6651,-1337500.0,37500.0,101.01992947981086,2.4066902686663023,False
78,22,6652,-1332500.0,37500.0,101.06471123918021,2.406194799686514,False
78,23,6653,-1327500.0,37500.0,101.10949303844451,2.4057011865701847,False
78,24,6654,-1322500.0,37500.0,101.15427487745413,2.405209429315098,False
78,25,6655,-1317500.0,37500.0,101.19905675605946,2.4047195279194966,False
78,26,6656,-1312500.0,37500.0,101.24383867411086,2.404231482380911,False
78,27,6657,-1307500.0,37500.0,101.2886206314587,2.4037452926978085,False
78,28,6658,-1302500.0,37500.0,101.33340262795333,2.4032609588679397,False
78,29,6659,-1297500.0,37500.0,101.37818466344514,2.402778480889769,False
78,30,6660,-1292500.0,37500.0,101.42296673778449,2.4022978587611528,False
78,31,6661,-1287500.0,37500.0,101.46774885082174,2.401819092479918,False
78,32,6662,-1282500.0,37500.0,101.51253100240726,2.4013421820444094,False
78,33,6663,-1277500.0,37500.0,101.5573131923914,2.400867127452296,False
78,34,6664,-1272500.0,37500.0,101.60209542062455,2.4003939287024956,False
78,35,6665,-1267500.0,37500.0,101.64687768695704,2.3999225857922535,False
78,36,6666,-1262500.0,37500.0,101.69165999123926,2.3994530987200333,False
78,37,6667,-1257500.0,37500.0,101.73644233332155,2.3989854674839197,False
78,38,6668,-1252500.0,37500.0,101.7812247130543,2.3985196920820466,False
78,39,6669,-1247500.0,37500.0,101.82600713028785,2.3980557725123957,False
78,40,6670,-1242500.0,37500.0,101.87078958487254,2.397593708773291,False
78,41,6671,-1237500.0,37500.0,101.91557207665875,2.397133500863064,False
78,42,6672,-1232500.0,37500.0,101.96035460549685,2.396675148779343,False
78,43,6673,-1227500.0,37500.0,102.00513717123715,2.396218652520589,False
78,44,6674,-1222500.0,37500.0,102.04991977373005,2.395764012084631,False
78,45,6675,-1217500.0,37500.0,102.0947024128259,2.395311227470238,False
78,46,6676,-1212500.0,37500.0,102.13948508837504,2.394860298675115,False
78,47,6677,-1207500.0,37500.0,102.18426780022781,2.3944112256976484,False
78,48,6678,-1202500.0,37500.0,102.2290505482346,2.3939640085358995,False
78,49,6679,-1197500.0,37500.0,102.27383333224574,2.3935186471884617,False
78,50,6680,-1192500.0,37500.0,102.31861615211157,2.3930751416531404,False
78,51,6681,-1187500.0,37500.0,102.36339900768247,2.3926334919281946,False
78,52,6682,-1182500.0,37500.0,102.40818189880878,2.3921936980121,False
78,53,6683,-1177500.0,37500.0,102.45296482534083,2.3917557599026202,False
78,54,6684,-1172500.0,37500.0,102.49774778712899,2.3913196775984193,False
78,55,6685,-1167500.0,37500.0,102.54253078402358,2.3908854510975814,False
78,56,6686,-1162500.0,37500.0,102.58731381587499,2.39045308039869,False
78,57,6687,-1157500.0,37500.0,102.63209688253355,2.3900225654996743,False
78,58,6688,-1152500.0,37500.0,102.67687998384957,2.3895939063987885,False
78,59,6689,-1147500.0,37500.0,102.72166311967342,2.389167103094458,False
78,60,6690,-1142500.0,37500.0,102.76644628985548,2.3887421555848345,False
78,61,6691,-1137500.0,37500.0,102.81122949424604,2.388319063868353,False
78,62,6692,-1132500.0,37500.0,102.85601273269548,2.387897827943323,False
78,63,6693,-1127500.0,37500.0,102.90079600505409,2.3874784478081588,False
78,64,6694,-1122500.0,37500.0,102.94557931117228,2.387060923460727,False
78,65,6695,-1117500.0,37500.0,102.99036265090035,2.386645254899877,False
78,66,6696,-1112500.0,37500.0,103.03514602408865,2.3862314421238775,False
78,67,6697,-1107500.0,37500.0,103.07992943058753,2.385819485130718,False
78,68,6698,-1102500.0,37500.0,103.1247128702473,2.3854093839189403,False
78,69,6699,-1097500.0,37500.0,103.16949634291831,2.385001138487578,False
78,70,6700,-1092500.0,37500.0,103.21427984845091,2.3845947488337202,False
78,71,6701,-1087500.0,37500.0,103.25906338669543,2.384190214956673,False
78,72,6702,-1082500.0,37500.0,103.30384695750222,2.383787536854301,False
78,73,6703,-1077500.0,37500.0,103.34863056072159,2.3833867145254626,False
78,74,6704,-1072500.0,37500.0,103.39341419620388,2.382987747968275,False
78,75,6705,-1067500.0,37500.0,103.43819786379943,2.382590637181446,False
78,76,6706,-1062500.0,37500.0,103.48298156335858,2.3821953821627755,False
78,77,6707,-1057500.0,37500.0,103.52776529473165,2.3818019829116355,False
78,78,6708,-1052500.0,37500.0,103.57254905776898,2.381410439425542,False
78,79,6709,-1047500.0,37500.0,103.61733285232091,2.3810207517033755,False
78,80,6710,-1042500.0,37500.0,103.66211667823775,2.380632919743538,False
78,81,6711,-1037500.0,37500.0,103.70690053536985,2.3802469435445106,False
78,82,6712,-1032500.0,37500.0,103.75168442356754,2.379862823104648,False
78,83,6713,-1027500.0,37500.0,103.79646834268112,2.379480558422502,False
78,84,6714,-1022500.0,37500.0,103.84125229256095,2.3791001494967077,False
79,0,6715,-1442500.0,42500.0,100.08005020483698,2.4629131937566124,False
79,1,6716,-1437500.0,42500.0,100.12482926153785,2.462378733612649,False
79,2,6717,-1432500.0,42500.0,100.16960836127043,2.461846129440705,False
79,3,6718,-1427500.0,42500.0,100.21438750388512,2.461315381238529,False
79,4,6719,-1422500.0,42500.0,100.25916668923232,2.460786489003753,False
79,5,6720,-1417500.0,42500.0,100.30394591716242,2.460259452734676,True
79,6,6721,-1412500.0,42500.0,100.34872518752584,2.4597342724284346,False
79,7,6722,-1407500.0,42500.0,100.39350450017301,2.459210948083389,False
79,8,6723,-1402500.0,42500.0,100.43828385495429,2.45868947969679,False
79,9,6724,-1397500.0,42500.0,100.4830632517201,2.4581698672673014,False
79,10,6725,-1392500.0,42500.0,100.52784269032084,2.4576521107922265,False
79,11,6726,-1387500.0,42500.0,100.57262217060692,2.457136210269546,False
79,12,6727,-1382500.0,42500.0,100.6174016924287,2.456622165697004,False
79,13,6728,-1377500.0,42500.0,100.66218125563664,2.456109977072753,False
79,14,6729,-1372500.0,42500.0,100.70696086008108,2.4555996443940358,False
79,15,6730,-1367500.0,42500.0,100.75174050561245,2.455091167659629,False
79,16,6731,-1362500.0,42500.0,100.79652019208112,2.4545845468669705,False
79,17,6732,-1357500.0,42500.0,100.84129991933752,2.4540797820138347,False
79,18,6733,-1352500.0,42500.0,100.88607968723203,2.453576873098494,False
79,19,6734,-1347500.0,42500.0,100.93085949561502,2.4530758201185385,False
79,20,6735,-1342500.0,42500.0,100.97563934433693,2.452576623071974,False
79,21,6736,-1337500.0,42500.0,101.02041923324809,2.452079281956958,False
79,22,6737,-1332500.0,42500.0,101.06519916219895,2.4515837967714753,False
79,23,6738,-1327500.0,42500.0,101.10997913103986,2.4510901675129553,False
79,24,6739,-1322500.0,42500.0,101.15475913962123,2.450598394179876,False
79,25,6740,-1317500.0,42500.0,101.19953918779345,2.4501084767696826,False
79,26,6741,-1312500.0,42500.0,101.24431927540688,2.449620415281244,False
79,27,6742,-1307500.0,42500.0,101.28909940231195,2.4491342097118722,False
79,28,6743,-1302500.0,42500.0,101.33387956835901,2.448649860059685,False
79,29,6744,-1297500.0,42500.0,101.37865977339845,2.4481673663228,False
79,30,6745,-1292500.0,42500.0,101.42344001728068,2.44768672849905,False
79,31,6746,-1287500.0,42500.0,101.46822029985607,2.4472079465867314,False
79,32,6747,-1282500.0,42500.0,101.51300062097499,2.4467310205832438,False
79,33,6748,-1277500.0,42500.0,101.55778098048785,2.4462559504873864,False
79,34,6749,-1272500.0,42500.0,101.602561378245,2.445782736296822,False
79,35,6750,-1267500.0,42500.0,101.64734181409683,2.4453113780102447,False
79,36,6751,-1262500.0,42500.0,101.69212228789374,2.4448418756245753,False
79,37,6752,-1257500.0,42500.0,101.73690279948607,2.44437422913856,False
79,38,6753,-1252500.0,42500.0,101.78168334872426,2.4439084385503054,False
79,39,6754,-1247500.0,42500.0,101.82646393545862,2.4434445038578585,False
79,40,6755,-1242500.0,42500.0,101.87124455953958,2.4429824250593435,False
79,41,6756,-1237500.0,42500.0,101.91602522081747,2.442522202152514,False
79,42,6757,-1232500.0,42500.0,101.9608059191427,2.442063835135926,False
79,43,6758,-1227500.0,42500.0,102.00558665436564,2.4416073240075997,False
79,44,6759,-1222500.0,42500.0,102.05036742633666,2.4411526687653673,False
79,45,6760,-1217500.0,42500.0,102.09514823490612,2.4406998694078745,False
79,46,6761,-1212500.0,42500.0,102.13992907992441,2.4402489259329228,False
79,47,6762,-1207500.0,42500.0,102.18470996124191,2.4397998383386232,False
79,48,6763,-1202500.0,42500.0,102.22949087870896,2.4393526066230407,False
79,49,6764,-1197500.0,42500.0,102.27427183217594,2.43890723078496,False
79,50,6765,-1192500.0,42500.0,102.31905282149324,2.4384637108219556,False
79,51,6766,-1187500.0,42500.0,102.36383384651121,2.4380220467327,False
79,52,6767,-1182500.0,42500.0,102.40861490708023,2.437582238514644,False
79,53,6768,-1177500.0,42500.0,102.45339600305067,2.4371442861668555,False
79,54,6769,-1172500.0,42500.0,102.49817713427286,2.436708189686811,False
79,55,6770,-1167500.0,42500.0,102.54295830059722,2.436273949073244,False
79,56,6771,-1162500.0,42500.0,102.58773950187408,2.4358415643243565,False
79,57,6772,-1157500.0,42500.0,102.63252073795381,2.4354110354378955,False
79,58,6773,-1152500.0,42500.0,102.6773020086868,2.434982362412697,False
79,59,6774,-1147500.0,42500.0,102.72208331392336,2.434555545246695,False
79,60,6775,-1142500.0,42500.0,102.7668646535139,2.4341305839382557,False
79,61,6776,-1137500.0,42500.0,102.81164602730878,2.433707478485377,False
79,62,6777,-1132500.0,42500.0,102.85642743515834,2.433286228886719,False
79,63,6778,-1127500.0,42500.0,102.90120887691293,2.4328668351405818,False
79,64,6779,-1122500.0,42500.0,102.94599035242294,2.432449297244738,False
79,65,6780,-1117500.0,42500.0,102.99077186153872,2.432033615198236,False
79,66,6781,-1112500.0,42500.0,103.03555340411062,2.4316197889988245,False
79,67,6782,-1107500.0,42500.0,103.08033497998899,2.431207818644857,False
79,68,6783,-1102500.0,42500.0,103.12511658902422,2.4307977041348257,False
79,69,6784,-1097500.0,42500.0,103.16989823106665,2.430389445466949,False
79,70,6785,-1092500.0,42500.0,103.21467990596662,2.4299830426397713,False
79,71,6786,-1087500.0,42500.0,103.2594616135745,2.429578495651573,False
79,72,6787,-1082500.0,42500.0,103.30424335374065,2.42917580450068,False
79,73,6788,-1077500.0,42500.0,103.34902512631541,2.4287749691853002,False
79,74,6789,-1072500.0,42500.0,103.39380693114913,2.428375989703886,False
79,75,6790,-1067500.0,42500.0,103.43858876809219,2.4279788660548958,False
79,76,6791,-1062500.0,42500.0,103.48337063699492,2.4275835982365686,False
79,77,6792,-1057500.0,42500.0,103.52815253770765,2.427190186247759,False
79,78,6793,-1052500.0,42500.0,103.57293447008078,2.426798630086402,False
79,79,6794,-1047500.0,42500.0,103.61771643396465,2.426408929750929,False
79,80,6795,-1042500.0,42500.0,103.66249842920956,2.426021085239842,False
79,81,6796,-1037500.0,42500.0,103.70728045566591,2.4256350965517433,False
79,82,6797,-1032500.0,42500.0,103.75206251318404,2.4252509636849426,False
79,83,6798,-1027500.0,42500.0,103.79684460161428,2.424868686637768,False
79,84,6799,-1022500.0,42500.0,103.84162672080699,2.4244882654088427,False
80,0,6800,-1442500.0,47500.0,100.08057835271873,2.5083059233684635,False
80,1,6801,-1437500.0,47500.0,100.12535557925769,2.507771445336712,False
80,2,6802,-1432500.0,47500.0,100.17013284882306,2.5072388233431675,False
80,3,6803,-1427500.0,47500.0,100.21491016126528,2.5067080573846936,False
80,4,6804,-1422500.0,47500.0,100.25968751643478,2.506179147460227,False
80,5,6805,-1417500.0,47500.0,100.30446491418196,2.5056520935668316,False
80,6,6806,-1412500.0,47500.0,100.34924235435726,2.5051268957023223,False
80,7,6807,-1407500.0,47500.0,100.3940198368111,2.5046035538643476,False
80,8,6808,-1402500.0,47500.0,100.43879736139391,2.504082068051113,False
80,9,6809,-1397500.0,47500.0,100.48357492795608,2.5035624382604564,False
80,10,6810,-1392500.0,47500.0,100.52835253634807,2.50304466448951,False
80,11,6811,-1387500.0,47500.0,100.57313018642027,2.5025287467368167,False
80,12,6812,-1382500.0,47500.0,100.6179078780231,2.502014684999828,False
80,13,6813,-1377500.0,47500.0,100.66268561100699,2.5015024792765,False
80,14,6814,-1372500.0,47500.0,100.70746338522235,2.5009921295648496,False
80,15,6815,-1367500.0,47500.0,100.75224120051958,2.500483635862147,False
80,16,6816,-1362500.0,47500.0,100.79701905674911,2.4999769981669435,False
80,17,6817,-1357500.0,47500.0,100.84179695376135,2.4994722164765766,False
80,18,6818,-1352500.0,47500.0,100.88657489140672,2.4989692907893075,False
80,19,6819,-1347500.0,47500.0,100.93135286953562,2.4984682211027343,False
80,20,6820,-1342500.0,47500.0,100.97613088799845,2.49796900741506,False
80,21,6821,-1337500.0,47500.0,101.02090894664566,2.4974716497235727,False
80,22,6822,-1332500.0,47500.0,101.06568704532764,2.496976148027016,False
80,23,6823,-1327500.0,47500.0,101.11046518389476,2.4964825023227952,False
80,24,6824,-1322500.0,47500.0,101.15524336219748,2.4959907126091063,False
80,25,6825,-1317500.0,47500.0,101.20002158008619,2.495500778883438,False
80,26,6826,-1312500.0,47500.0,101.24479983741129,2.4950127011441423,False
80,27,6827,-1307500.0,47500.0,101.28957813402319,2.49452647938925,False
80,28,6828,-1302500.0,47500.0,101.33435646977229,2.49404211361633,False
80,29,6829,-1297500.0,47500.0,101.37913484450901,2.493559603823561,False
80,30,6830,-1292500.0,47500.0,101.42391325808373,2.493078950009202,False
80,31,6831,-1287500.0,47500.0,101.46869171034686,2.49260015217056,False
80,32,6832,-1282500.0,47500.0,101.51347020114882,2.4921232103061244,False
80,33,6833,-1277500.0,47500.0,101.55824873033998,2.491648124414105,False
80,34,6834,-1272500.0,47500.0,101.60302729777077,2.4911748944917442,False
80,35,6835,-1267500.0,47500.0,101.64780590329156,2.490703520537973,False
80,36,6836,-1262500.0,47500.0,101.69258454675277,2.490234002550019,False
80,37,6837,-1257500.0,47500.0,101.73736322800478,2.489766340526559,False
80,38,6838,-1252500.0,47500.0,101.78214194689801,2.489300534465278,False
80,39,6839,-1247500.0,47500.0,101.82692070328282,2.4888365843641114,False
80,40,6840,-1242500.0,47500.0,101.87169949700966,2.488374490221738,False
80,41,6841,-1237500.0,47500.0,101.91647832792887,2.487914252035416,False
80,42,6842,-1232500.0,47500.0,101.96125719589088,2.4874558698040867,False
80,43,6843,-1227500.0,47500.0,102.00603610074606,2.486999343524793,False
80,44,6844,-1222500.0,47500.0,102.05081504234481,2.4865446731965086,False
80,45,6845,-1217500.0,47500.0,102.09559402053753,2.4860918588171472,False
80,46,6846,-1212500.0,47500.0,102.1403730351746,2.4856409003845656,False
80,47,6847,-1207500.0,47500.0,102.18515208610641,2.485191797897055,False
80,48,6848,-1202500.0,47500.0,102.22993117318337,2.4847445513529642,False
80,49,6849,-1197500.0,47500.0,102.27471029625585,2.4842991607499085,False
80,50,6850,-1192500.0,47500.0,102.31948945517424,2.4838556260862186,False
80,51,6851,-1187500.0,47500.0,102.36426864978891,2.483413947360432,False
80,52,6852,-1182500.0,47500.0,102.4090478799503,2.482974124570219,False
80,53,6853,-1177500.0,47500.0,102.45382714550873,2.4825361577142426,False
80,54,6854,-1172500.0,47500.0,102.49860644631461,2.482100046790062,False
80,55,6855,-1167500.0,47500.0,102.54338578221835,2.4816657917963516,False
80,56,6856,-1162500.0,47500.0,102.5881651530703,2.481233392731303,False
80,57,6857,-1157500.0,47500.0,102.63294455872087,2.48080284959292,False
80,58,6858,-1152500.0,47500.0,102.67772399902043,2.4803741623791087,False
80,59,6859,-1147500.0,47500.0,102.72250347381934,2.479947331088891,False
80,60,6860,-1142500.0,47500.0,102.76728298296801,2.4795223557198116,False
80,61,6861,-1137500.0,47500.0,102.81206252631684,2.479099236270721,False
80,62,6862,-1132500.0,47500.0,102.85684210371615,2.4786779727388515,False
80,63,6863,-1127500.0,47500.0,102.90162171501636,2.4782585651237303,False
80,64,6864,-1122500.0,47500.0,102.94640136006784,2.4778410134225055,False
80,65,6865,-1117500.0,47500.0,102.99118103872095,2.4774253176342116,False
80,66,6866,-1112500.0,47500.0,103.03596075082609,2.4770114777567263,False
80,67,6867,-1107500.0,47500.0,103.08074049623364,2.476599493788279,False
80,68,6868,-1102500.0,47500.0,103.12552027479396,2.4761893657274934,False
80,69,6869,-1097500.0,47500.0,103.17030008635743,2.4757810935725093,False
80,70,6870,-1092500.0,47500.0,103.21507993077442,2.4753746773218377,False
80,71,6871,-1087500.0,47500.0,103.25985980789531,2.474970116973641,False
80,72,6872,-1082500.0,47500.0,103.30463971757045,2.4745674125259374,False
80,73,6873,-1077500.0,47500.0,103.34941965965027,2.4741665639772834,False
80,74,6874,-1072500.0,47500.0,103.39419963398507,2.4737675713262135,False
80,75,6875,-1067500.0,47500.0,103.43897964042527,2.473370434570834,False
80,76,6876,-1062500.0,47500.0,103.48375967882123,2.472975153709511,False
80,77,6877,-1057500.0,47500.0,103.5285397490233,2.472581728740986,False
80,78,6878,-1052500.0,47500.0,103.57331985088186,2.472190159663176,False
80,79,6879,-1047500.0,47500.0,103.6180999842473,2.47180044647461,False
80,80,6880,-1042500.0,47500.0,103.66288014896996,2.471412589173759,False
80,81,6881,-1037500.0,47500.0,103.7076603449002,2.4710265877590003,False
80,82,6882,-1032500.0,47500.0,103.75244057188843,2.4706424422287974,False
80,83,6883,-1027500.0,47500.0,103.79722082978498,2.4702601525813472,False
80,84,6884,-1022500.0,47500.0,103.84200111844022,2.4698797188152155,False
81,0,6885,-1442500.0,52500.0,100.08110645742451,2.5537020421985144,False
81,1,6886,-1437500.0,52500.0,100.1258818539511,2.553167545950204,False
81,2,6887,-1432500.0,52500.0,100.17065729349885,2.552634905806488,False
81,3,6888,-1427500.0,52500.0,100.21543277591817,2.5521041217654963,False
81,4,6889,-1422500.0,52500.0,100.26020830105955,2.5515751938250064,False
81,5,6890,-1417500.0,52500.0,100.30498386877338,2.5510481219829493,False
81,6,6891,-1412500.0,52500.0,100.34975947891013,2.5505229062363397,False
81,7,6892,-1407500.0,52500.0,100.39453513132024,2.5499995465836918,False
81,8,6893,-1402500.0,52500.0,100.43931082585415,2.549478043022348,False
81,9,6894,-1397500.0,52500.0,100.48408656236228,2.548958395550325,False
81,10,6895,-1392500.0,52500.0,100.52886234069507,2.5484406041650347,False
81,11,6896,-1387500.0,52500.0,100.573638160703,2.547924668864731,False
81,12,6897,-1382500.0,52500.0,100.61841402223644,2.547410589646607,False
81,13,6898,-1377500.0,52500.0,100.66318992514587,2.5468983665088016,False
81,14,6899,-1372500.0,52500.0,100.70796586928172,2.546387999449286,False
81,15,6900,-1367500.0,52500.0,100.75274185449442,2.5458794884658356,False
81,16,6901,-1362500.0,52500.0,100.79751788063437,2.545372833555665,False
81,17,6902,-1357500.0,52500.0,100.84229394755205,2.5448680347172505,False
81,18,6903,-1352500.0,52500.0,100.88707005509787,2.544365091948491,False
81,19,6904,-1347500.0,52500.0,100.93184620312226,2.5438640052467707,False
81,20,6905,-1342500.0,52500.0,100.97662239147564,2.54336477461008,False
81,21,6906,-1337500.0,52500.0,101.02139862000845,2.542867400036565,False
81,22,6907,-1332500.0,52500.0,101.06617488857114,2.5423718815240015,False
81,23,6908,-1327500.0,52500.0,101.11095119701407,2.541878219069925,False
81,24,6909,-1322500.0,52500.0,101.15572754518774,2.5413864126725705,False
81,25,6910,-1317500.0,52500.0,101.20050393294254,2.5408964623296635,False
81,26,6911,-1312500.0,52500.0,101.2452803601289,2.540408368039366,False
81,27,6912,-1307500.0,52500.0,101.29005682659724,2.539922129799345,False
81,28,6913,-1302500.0,52500.0,101.33483333219797,2.5394377476074843,False
81,29,6914,-1297500.0,52500.0,101.37960987678154,2.53895522146187,False
81,30,6915,-1292500.0,52500.0,101.42438646019836,2.5384745513606144,False
81,31,6916,-1287500.0,52500.0,101.46916308229885,2.537995737301103,False
81,32,6917,-1282500.0,52500.0,101.51393974293343,2.5375187792819536,False
81,33,6918,-1277500.0,52500.0,101.5587164419525,2.5370436773008347,False
81,34,6919,-1272500.0,52500.0,101.60349317920652,2.5365704313555595,False
81,35,6920,-1267500.0,52500.0,101.64826995454587,2.5360990414443227,False
81,36,6921,-1262500.0,52500.0,101.69304676782099,2.5356295075651976,False
81,37,6922,-1257500.0,52500.0,101.73782361888226,2.5351618297160052,False
81,38,6923,-1252500.0,52500.0,101.78260050758014,2.5346960078949703,False
81,39,6924,-1247500.0,52500.0,101.82737743376504,2.5342320420997497,False
81,40,6925,-1242500.0,52500.0,101.87215439728735,2.533769932328724,False
81,41,6926,-1237500.0,52500.0,101.91693139799747,2.5333096785794744,False
81,42,6927,-1232500.0,52500.0,101.96170843574586,2.5328512808505184,False
81,43,6928,-1227500.0,52500.0,102.0064855103829,2.532394739139911,False
81,44,6929,-1222500.0,52500.0,102.05126262175901,2.5319400534456813,False
81,45,6930,-1217500.0,52500.0,102.09603976972458,2.5314872237654846,False
81,46,6931,-1212500.0,52500.0,102.14081695413005,2.531036250097923,False
81,47,6932,-1207500.0,52500.0,102.18559417482581,2.5305871324403983,False
81,48,6933,-1202500.0,52500.0,102.23037143166226,2.5301398707918956,False
81,49,6934,-1197500.0,52500.0,102.27514872448984,2.529694465149805,False
81,50,6935,-1192500.0,52500.0,102.31992605315892,2.52925091551271,False
81,51,6936,-1187500.0,52500.0,102.36470341751993,2.528809221878542,False
81,52,6937,-1182500.0,52500.0,102.40948081742326,2.5283693842451442,False
81,53,6938,-1177500.0,52500.0,102.45425825271933,2.527931402611276,False
81,54,6939,-1172500.0,52500.0,102.49903572325852,2.5274952769746664,False
81,55,6940,-1167500.0,52500.0,102.54381322889125,2.5270610073332387,False
81,56,6941,-1162500.0,52500.0,102.58859076946791,2.526628593685933,False
81,57,6942,-1157500.0,52500.0,102.63336834483893,2.5261980360301632,False
81,58,6943,-1152500.0,52500.0,102.67814595485468,2.5257693343644996,False
81,59,6944,-1147500.0,52500.0,102.72292359936557,2.5253424886866096,False
81,60,6945,-1142500.0,52500.0,102.76770127822199,2.5249174989954963,False
81,61,6946,-1137500.0,52500.0,102.81247899127438,2.5244943652890015,False
81,62,6947,-1132500.0,52500.0,102.85725673837308,2.5240730875653434,False
81,63,6948,-1127500.0,52500.0,102.90203451936851,2.5236536658224655,False
81,64,6949,-1122500.0,52500.0,102.94681233411109,2.5232361000590413,False
81,65,6950,-1117500.0,52500.0,102.99159018245116,2.522820390272882,False
81,66,6951,-1112500.0,52500.0,103.03636806423918,2.5224065364627424,False
81,67,6952,-1107500.0,52500.0,103.08114597932551,2.5219945386263447,False
81,68,6953,-1102500.0,52500.0,103.12592392756054,2.5215843967624103,False
81,69,6954,-1097500.0,52500.0,103.1707019087947,2.521176110868992,False
81,70,6955,-1092500.0,52500.0,103.21547992287833,2.5207696809441655,False
81,71,6956,-1087500.0,52500.0,103.26025796966184,2.520365106986391,False
81,72,6957,-1082500.0,52500.0,103.30503604899563,2.519962388994256,False
81,73,6958,-1077500.0,52500.0,103.3498141607301,2.519561526965719,False
81,74,6959,-1072500.0,52500.0,103.39459230471563,2.519162520899339,False
81,75,6960,-1067500.0,52500.0,103.4393704808026,2.518765370792928,False
81,76,6961,-1062500.0,52500.0,103.4841486888414,2.5183700766454784,False
81,77,6962,-1057500.0,52500.0,103.52892692868244,2.517976638454832,False
81,78,6963,-1052500.0,52500.0,103.57370520017608,2.5175850562194184,False
81,79,6964,-1047500.0,52500.0,103.61848350317271,2.5171953299380623,False
81,80,6965,-1042500.0,52500.0,103.66326183752275,2.51680745960847,False
81,81,6966,-1037500.0,52500.0,103.70804020307655,2.516421445229544,False
81,82,6967,-1032500.0,52500.0,103.7528185996845,2.5160372867992344,False
81,83,6968,-1027500.0,52500.0,103.79759702719699,2.515654984316122,False
81,84,6969,-1022500.0,52500.0,103.84237548546439,2.5152745377787578,False
