cell_idx,row,col,is_riau,peat_frac,peat_depth_m
0,0,0,False,0.0,0.0
1,0,1,False,0.0,0.0
2,0,2,False,0.0,0.0
3,0,3,False,0.0,0.0
4,0,4,False,0.0,0.0
5,0,5,False,0.0,0.0
6,0,6,False,0.0,0.0
7,0,7,False,0.0,0.0
8,0,8,False,0.0,0.0
9,0,9,False,0.0,0.0
10,0,10,False,0.0,0.0
11,0,11,False,0.0,0.0
12,0,12,False,0.0,0.0
13,0,13,False,0.0,0.0
14,0,14,False,0.0,0.0
15,0,15,False,0.0,0.0
16,0,16,False,0.0,0.0
17,0,17,False,0.0,0.0
18,0,18,False,0.0,0.0
19,0,19,False,0.0,0.0
20,0,20,False,0.0,0.0
21,0,21,False,0.0,0.0
22,0,22,False,0.0,0.0
23,0,23,False,0.0,0.0
24,0,24,False,0.0,0.0
25,0,25,False,0.0,0.0
26,0,26,False,0.0,0.0
27,0,27,False,0.0,0.0
28,0,28,False,0.0,0.0
29,0,29,False,0.0,0.0
30,0,30,False,0.0,0.0
31,0,31,False,0.0,0.0
32,0,32,False,0.0,0.0
33,0,33,False,0.0,0.0
34,0,34,False,0.0,0.0
35,0,35,False,0.0,0.0
36,0,36,False,0.0,0.0
37,0,37,False,0.0,0.0
38,0,38,False,0.0,0.0
39,0,39,False,0.0,0.0
40,0,40,False,0.0,0.0
41,0,41,False,0.0,0.0
42,0,42,False,0.0,0.0
43,0,43,False,0.0,0.0
44,0,44,False,0.0,0.0
45,0,45,False,0.0,0.0
46,0,46,False,0.0,0.0
47,0,47,False,0.0,0.0
48,0,48,False,0.0,0.0
49,0,49,False,0.0,0.0
50,0,50,False,0.0,0.0
51,0,51,False,0.0,0.0
52,0,52,False,0.0,0.0
53,0,53,False,0.0,0.0
54,0,54,False,0.0,0.0
55,0,55,False,0.0,0.0
56,0,56,False,0.0,0.0
57,0,57,False,0.0,0.0
58,0,58,False,0.0,0.0
59,0,59,False,0.0,0.0
60,0,60,False,0.0,0.0
61,0,61,False,0.0,0.0
62,0,62,False,0.0,0.0
63,0,63,False,0.0,0.0
64,0,64,False,0.0,0.0
65,0,65,False,0.0,0.0
66,0,66,False,0.0,0.0
67,0,67,False,0.0,0.0
68,0,68,False,0.0,0.0
69,0,69,False,0.0,0.0
70,0,70,False,0.0,0.0
71,0,71,False,0.0,0.0
72,0,72,False,0.0,0.0
73,0,73,False,0.0,0.0
74,0,74,False,0.0,0.0
75,0,75,False,0.0,0.0
76,0,76,False,0.0,0.0
77,0,77,False,0.0,0.0
78,0,78,False,0.0,0.0
79,0,79,False,0.0,0.0
80,0,80,False,0.0,0.0
81,0,81,False,0.0,0.0
82,0,82,False,0.0,0.0
83,0,83,False,0.0,0.0
84,0,84,False,0.0,0.0
85,1,0,False,0.0,0.0
86,1,1,False,0.0,0.0
87,1,2,False,0.0,0.0
88,1,3,False,0.0,0.0
89,1,4,False,0.0,0.0
90,1,5,False,0.0,0.0
91,1,6,False,0.0,0.0
92,1,7,False,0.0,0.0
93,1,8,False,0.0,0.0
94,1,9,False,0.0,0.0
95,1,10,False,0.0,0.0
96,1,11,False,0.0,0.0
97,1,12,False,0.0,0.0
98,1,13,False,0.0,0.0
99,1,14,False,0.0,0.0
100,1,15,False,0.0,0.0
101,1,16,False,0.0,0.0
102,1,17,False,0.0,0.0
103,1,18,False,0.0,0.0
104,1,19,False,0.0,0.0
105,1,20,False,0.0,0.0
106,1,21,False,0.0,0.0
107,1,22,False,0.0,0.0
108,1,23,False,0.0,0.0
109,1,24,False,0.0,0.0
110,1,25,False,0.0,0.0
111,1,26,False,0.0,0.0
112,1,27,False,0.0,0.0
113,1,28,False,0.0,0.0
114,1,29,False,0.0,0.0
115,1,30,False,0.0,0.0
116,1,31,False,0.0,0.0
117,1,32,False,0.0,0.0
118,1,33,False,0.0,0.0
119,1,34,False,0.0,0.0
120,1,35,False,0.0,0.0
121,1,36,False,0.0,0.0
122,1,37,False,0.0,0.0
123,1,38,False,0.0,0.0
124,1,39,False,0.0,0.0
125,1,40,False,0.0,0.0
126,1,41,False,0.0,0.0
127,1,42,False,0.0,0.0
128,1,43,False,0.0,0.0
129,1,44,False,0.0,0.0
130,1,45,False,0.0,0.0
131,1,46,False,0.0,0.0
132,1,47,False,0.0,0.0
133,1,48,False,0.0,0.0
134,1,49,False,0.0,0.0
135,1,50,False,0.0,0.0
136,1,51,False,0.0,0.0
137,1,52,False,0.0,0.0
138,1,53,False,0.0,0.0
139,1,54,False,0.0,0.0
140,1,55,False,0.0,0.0
141,1,56,True,0.0,0.0
142,1,57,True,0.0,0.0
143,1,58,True,0.0,0.0
144,1,59,False,0.0,0.0
145,1,60,False,0.0,0.0
146,1,61,False,0.0,0.0
147,1,62,False,0.0,0.0
148,1,63,False,0.0,0.0
149,1,64,False,0.0,0.0
150,1,65,False,0.0,0.0
151,1,66,False,0.0,0.0
152,1,67,False,0.0,0.0
153,1,68,False,0.0,0.0
154,1,69,False,0.0,0.0
155,1,70,False,0.0,0.0
156,1,71,False,0.0,0.0
157,1,72,False,0.0,0.0
158,1,73,False,0.0,0.0
159,1,74,False,0.0,0.0
160,1,75,False,0.0,0.0
161,1,76,False,0.0,0.0
162,1,77,False,0.0,0.0
163,1,78,False,0.0,0.0
164,1,79,False,0.0,0.0
165,1,80,False,0.0,0.0
166,1,81,False,0.0,0.0
167,1,82,False,0.0,0.0
168,1,83,False,0.0,0.0
169,1,84,False,0.0,0.0
170,2,0,False,0.0,0.0
171,2,1,False,0.0,0.0
172,2,2,False,0.0,0.0
173,2,3,False,0.0,0.0
174,2,4,False,0.0,0.0
175,2,5,False,0.0,0.0
176,2,6,False,0.0,0.0
177,2,7,False,0.0,0.0
178,2,8,False,0.0,0.0
179,2,9,False,0.0,0.0
180,2,10,False,0.0,0.0
181,2,11,False,0.0,0.0
182,2,12,False,0.0,0.0
183,2,13,False,0.0,0.0
184,2,14,False,0.0,0.0
185,2,15,False,0.0,0.0
186,2,16,False,0.0,0.0
187,2,17,False,0.0,0.0
188,2,18,False,0.0,0.0
189,2,19,False,0.0,0.0
190,2,20,False,0.0,0.0
191,2,21,False,0.0,0.0
192,2,22,False,0.0,0.0
193,2,23,False,0.0,0.0
194,2,24,False,0.0,0.0
195,2,25,False,0.0,0.0
196,2,26,False,0.0,0.0
197,2,27,False,0.0,0.0
198,2,28,False,0.0,0.0
199,2,29,False,0.0,0.0
200,2,30,False,0.0,0.0
201,2,31,False,0.0,0.0
202,2,32,False,0.0,0.0
203,2,33,False,0.0,0.0
204,2,34,False,0.0,0.0
205,2,35,False,0.0,0.0
206,2,36,False,0.0,0.0
207,2,37,False,0.0,0.0
208,2,38,False,0.0,0.0
209,2,39,False,0.0,0.0
210,2,40,False,0.0,0.0
211,2,41,False,0.0,0.0
212,2,42,False,0.0,0.0
213,2,43,False,0.0,0.0
214,2,44,False,0.0,0.0
215,2,45,False,0.0,0.0
216,2,46,False,0.0,0.0
217,2,47,False,0.0,0.0
218,2,48,False,0.0,0.0
219,2,49,False,0.0,0.0
220,2,50,False,0.0,0.0
221,2,51,False,0.0,0.0
222,2,52,False,0.0,0.0
223,2,53,False,0.0,0.0
224,2,54,True,0.0,0.0
225,2,55,True,0.0,0.0
226,2,56,True,0.0,0.0
227,2,57,True,0.0,0.0
228,2,58,True,0.0,0.0
229,2,59,True,0.0,0.0
230,2,60,False,0.0,0.0
231,2,61,False,0.0,0.0
232,2,62,False,0.0,0.0
233,2,63,False,0.0,0.0
234,2,64,False,0.0,0.0
235,2,65,False,0.0,0.0
236,2,66,False,0.0,0.0
237,2,67,False,0.0,0.0
238,2,68,False,0.0,0.0
239,2,69,False,0.0,0.0
240,2,70,False,0.0,0.0
241,2,71,False,0.0,0.0
242,2,72,False,0.0,0.0
243,2,73,False,0.0,0.0
244,2,74,False,0.0,0.0
245,2,75,False,0.0,0.0
246,2,76,False,0.0,0.0
247,2,77,False,0.0,0.0
248,2,78,False,0.0,0.0
249,2,79,False,0.0,0.0
250,2,80,False,0.0,0.0
251,2,81,False,0.0,0.0
252,2,82,False,0.0,0.0
253,2,83,False,0.0,0.0
254,2,84,False,0.0,0.0
255,3,0,False,0.0,0.0
256,3,1,False,0.0,0.0
257,3,2,False,0.0,0.0
258,3,3,False,0.0,0.0
259,3,4,False,0.0,0.0
260,3,5,False,0.0,0.0
261,3,6,False,0.0,0.0
262,3,7,False,0.0,0.0
263,3,8,False,0.0,0.0
264,3,9,False,0.0,0.0
265,3,10,False,0.0,0.0
266,3,11,False,0.0,0.0
267,3,12,False,0.0,0.0
268,3,13,False,0.0,0.0
269,3,14,False,0.0,0.0
270,3,15,False,0.0,0.0
271,3,16,False,0.0,0.0
272,3,17,False,0.0,0.0
273,3,18,False,0.0,0.0
274,3,19,False,0.0,0.0
275,3,20,False,0.0,0.0
276,3,21,False,0.0,0.0
277,3,22,False,0.0,0.0
278,3,23,False,0.0,0.0
279,3,24,False,0.0,0.0
280,3,25,False,0.0,0.0
281,3,26,False,0.0,0.0
282,3,27,False,0.0,0.0
283,3,28,False,0.0,0.0
284,3,29,False,0.0,0.0
285,3,30,False,0.0,0.0
286,3,31,False,0.0,0.0
287,3,32,False,0.0,0.0
288,3,33,False,0.0,0.0
289,3,34,False,0.0,0.0
290,3,35,False,0.0,0.0
291,3,36,False,0.0,0.0
292,3,37,False,0.0,0.0
293,3,38,False,0.0,0.0
294,3,39,False,0.0,0.0
295,3,40,False,0.0,0.0
296,3,41,False,0.0,0.0
297,3,42,False,0.0,0.0
298,3,43,False,0.0,0.0
299,3,44,False,0.0,0.0
300,3,45,False,0.0,0.0
301,3,46,False,0.0,0.0
302,3,47,False,0.0,0.0
303,3,48,False,0.0,0.0
304,3,49,False,0.0,0.0
305,3,50,False,0.0,0.0
306,3,51,False,0.0,0.0
307,3,52,False,0.0,0.0
308,3,53,True,0.0,0.0
309,3,54,True,0.0,0.0
310,3,55,True,0.0,0.0
311,3,56,True,0.0,0.0
312,3,57,True,0.0,0.0
313,3,58,True,0.0,0.0
314,3,59,True,0.0,0.0
315,3,60,True,0.0,0.0
316,3,61,False,0.0,0.0
317,3,62,False,0.0,0.0
318,3,63,False,0.0,0.0
319,3,64,False,0.0,0.0
320,3,65,False,0.0,0.0
321,3,66,False,0.0,0.0
322,3,67,False,0.0,0.0
323,3,68,False,0.0,0.0
324,3,69,False,0.0,0.0
325,3,70,False,0.0,0.0
326,3,71,False,0.0,0.0
327,3,72,False,0.0,0.0
328,3,73,False,0.0,0.0
329,3,74,False,0.0,0.0
330,3,75,False,0.0,0.0
331,3,76,False,0.0,0.0
332,3,77,False,0.0,0.0
333,3,78,False,0.0,0.0
334,3,79,False,0.0,0.0
335,3,80,False,0.0,0.0
336,3,81,False,0.0,0.0
337,3,82,False,0.0,0.0
338,3,83,False,0.0,0.0
339,3,84,False,0.0,0.0
340,4,0,False,0.0,0.0
341,4,1,False,0.0,0.0
342,4,2,False,0.0,0.0
343,4,3,False,0.0,0.0
344,4,4,False,0.0,0.0
345,4,5,False,0.0,0.0
346,4,6,False,0.0,0.0
347,4,7,False,0.0,0.0
348,4,8,False,0.0,0.0
349,4,9,False,0.0,0.0
350,4,10,False,0.0,0.0
351,4,11,False,0.0,0.0
352,4,12,False,0.0,0.0
353,4,13,False,0.0,0.0
354,4,14,False,0.0,0.0
355,4,15,False,0.0,0.0
356,4,16,False,0.0,0.0
357,4,17,False,0.0,0.0
358,4,18,False,0.0,0.0
359,4,19,False,0.0,0.0
360,4,20,False,0.0,0.0
361,4,21,False,0.0,0.0
362,4,22,False,0.0,0.0
363,4,23,False,0.0,0.0
364,4,24,False,0.0,0.0
365,4,25,False,0.0,0.0
366,4,26,False,0.0,0.0
367,4,27,False,0.0,0.0
368,4,28,False,0.0,0.0
369,4,29,False,0.0,0.0
370,4,30,False,0.0,0.0
371,4,31,False,0.0,0.0
372,4,32,False,0.0,0.0
373,4,33,False,0.0,0.0
374,4,34,False,0.0,0.0
375,4,35,False,0.0,0.0
376,4,36,False,0.0,0.0
377,4,37,False,0.0,0.0
378,4,38,True,0.0,0.0
379,4,39,True,0.0,0.0
380,4,40,True,0.0,0.0
381,4,41,True,0.0,0.0
382,4,42,False,0.0,0.0
383,4,43,False,0.0,0.0
384,4,44,False,0.0,0.0
385,4,45,False,0.0,0.0
386,4,46,False,0.0,0.0
387,4,47,False,0.0,0.0
388,4,48,False,0.0,0.0
389,4,49,False,0.0,0.0
390,4,50,False,0.0,0.0
391,4,51,True,0.0,0.0
392,4,52,True,0.0,0.0
393,4,53,True,0.0,0.0
394,4,54,True,0.0,0.0
395,4,55,True,0.0,0.0
396,4,56,True,0.0,0.0
397,4,57,True,0.0,0.0
398,4,58,True,0.0,0.0
399,4,59,True,0.0,0.0
400,4,60,True,0.0,0.0
401,4,61,True,0.0,0.0
402,4,62,False,0.0,0.0
403,4,63,False,0.0,0.0
404,4,64,False,0.0,0.0
405,4,65,False,0.0,0.0
406,4,66,False,0.0,0.0
407,4,67,False,0.0,0.0
408,4,68,False,0.0,0.0
409,4,69,False,0.0,0.0
410,4,70,False,0.0,0.0
411,4,71,False,0.0,0.0
412,4,72,False,0.0,0.0
413,4,73,False,0.0,0.0
414,4,74,False,0.0,0.0
415,4,75,False,0.0,0.0
416,4,76,False,0.0,0.0
417,4,77,False,0.0,0.0
418,4,78,False,0.0,0.0
419,4,79,False,0.0,0.0
420,4,80,False,0.0,0.0
421,4,81,False,0.0,0.0
422,4,82,False,0.0,0.0
423,4,83,False,0.0,0.0
424,4,84,False,0.0,0.0
425,5,0,False,0.0,0.0
426,5,1,False,0.0,0.0
427,5,2,False,0.0,0.0
428,5,3,False,0.0,0.0
429,5,4,False,0.0,0.0
430,5,5,False,0.0,0.0
431,5,6,False,0.0,0.0
432,5,7,False,0.0,0.0
433,5,8,False,0.0,0.0
434,5,9,False,0.0,0.0
435,5,10,False,0.0,0.0
436,5,11,False,0.0,0.0
437,5,12,False,0.0,0.0
438,5,13,False,0.0,0.0
439,5,14,False,0.0,0.0
440,5,15,False,0.0,0.0
441,5,16,False,0.0,0.0
442,5,17,False,0.0,0.0
443,5,18,False,0.0,0.0
444,5,19,False,0.0,0.0
445,5,20,False,0.0,0.0
446,5,21,False,0.0,0.0
447,5,22,False,0.0,0.0
448,5,23,False,0.0,0.0
449,5,24,False,0.0,0.0
450,5,25,False,0.0,0.0
451,5,26,False,0.0,0.0
452,5,27,False,0.0,0.0
453,5,28,False,0.0,0.0
454,5,29,False,0.0,0.0
455,5,30,False,0.0,0.0
456,5,31,False,0.0,0.0
457,5,32,False,0.0,0.0
458,5,33,False,0.0,0.0
459,5,34,False,0.0,0.0
460,5,35,False,0.0,0.0
461,5,36,False,0.0,0.0
462,5,37,False,0.0,0.0
463,5,38,True,0.0,0.0
464,5,39,True,0.0,0.0
465,5,40,True,0.0,0.0
466,5,41,True,0.0,0.0
467,5,42,True,0.0,0.0
468,5,43,False,0.0,0.0
469,5,44,False,0.0,0.0
470,5,45,False,0.0,0.0
471,5,46,True,0.0,0.0
472,5,47,False,0.0,0.0
473,5,48,True,0.0,0.0
474,5,49,True,0.0,0.0
475,5,50,True,0.0,0.0
476,5,51,True,0.0,0.0
477,5,52,True,0.0,0.0
478,5,53,True,0.0,0.0
479,5,54,True,0.0,0.0
480,5,55,True,0.0,0.0
481,5,56,True,0.0,0.0
482,5,57,True,0.0,0.0
483,5,58,True,0.0,0.0
484,5,59,True,0.0,0.0
485,5,60,True,0.0,0.0
486,5,61,True,0.0,0.0
487,5,62,True,0.0,0.0
488,5,63,False,0.0,0.0
489,5,64,False,0.0,0.0
490,5,65,False,0.0,0.0
491,5,66,False,0.0,0.0
492,5,67,False,0.0,0.0
493,5,68,False,0.0,0.0
494,5,69,False,0.0,0.0
495,5,70,False,0.0,0.0
496,5,71,False,0.0,0.0
497,5,72,False,0.0,0.0
498,5,73,False,0.0,0.0
499,5,74,False,0.0,0.0
500,5,75,False,0.0,0.0
501,5,76,False,0.0,0.0
502,5,77,False,0.0,0.0
503,5,78,False,0.0,0.0
504,5,79,False,0.0,0.0
505,5,80,False,0.0,0.0
506,5,81,False,0.0,0.0
507,5,82,False,0.0,0.0
508,5,83,False,0.0,0.0
509,5,84,False,0.0,0.0
510,6,0,False,0.0,0.0
511,6,1,False,0.0,0.0
512,6,2,False,0.0,0.0
513,6,3,False,0.0,0.0
514,6,4,False,0.0,0.0
515,6,5,False,0.0,0.0
516,6,6,False,0.0,0.0
517,6,7,False,0.0,0.0
518,6,8,False,0.0,0.0
519,6,9,False,0.0,0.0
520,6,10,False,0.0,0.0
521,6,11,False,0.0,0.0
522,6,12,False,0.0,0.0
523,6,13,False,0.0,0.0
524,6,14,False,0.0,0.0
525,6,15,False,0.0,0.0
526,6,16,False,0.0,0.0
527,6,17,False,0.0,0.0
528,6,18,False,0.0,0.0
529,6,19,False,0.0,0.0
530,6,20,False,0.0,0.0
531,6,21,False,0.0,0.0
532,6,22,False,0.0,0.0
533,6,23,False,0.0,0.0
534,6,24,False,0.0,0.0
535,6,25,False,0.0,0.0
536,6,26,False,0.0,0.0
537,6,27,False,0.0,0.0
538,6,28,False,0.0,0.0
539,6,29,False,0.0,0.0
540,6,30,False,0.0,0.0
541,6,31,False,0.0,0.0
542,6,32,False,0.0,0.0
543,6,33,False,0.0,0.0
544,6,34,False,0.0,0.0
545,6,35,False,0.0,0.0
546,6,36,False,0.0,0.0
547,6,37,False,0.0,0.0
548,6,38,True,0.0,0.0
549,6,39,True,0.0,0.0
550,6,40,True,0.0,0.0
551,6,41,True,0.0,0.0
552,6,42,True,0.0,0.0
553,6,43,True,0.0,0.0
554,6,44,True,0.0,0.0
555,6,45,True,0.0,0.0
556,6,46,True,0.0,0.0
557,6,47,True,0.0,0.0
558,6,48,True,0.0,0.0
559,6,49,True,0.0,0.0
560,6,50,True,0.0,0.0
561,6,51,True,0.0,0.0
562,6,52,True,0.0,0.0
563,6,53,True,0.0,0.0
564,6,54,True,0.0,0.0
565,6,55,True,0.0,0.0
566,6,56,True,0.0,0.0
567,6,57,True,0.0,0.0
568,6,58,True,0.0,0.0
569,6,59,True,0.0,0.0
570,6,60,True,0.0,0.0
571,6,61,True,0.0,0.0
572,6,62,True,0.0,0.0
573,6,63,True,0.0,0.0
574,6,64,True,0.0,0.0
575,6,65,False,0.0,0.0
576,6,66,False,0.0,0.0
577,6,67,False,0.0,0.0
578,6,68,False,0.0,0.0
579,6,69,False,0.0,0.0
580,6,70,False,0.0,0.0
581,6,71,False,0.0,0.0
582,6,72,False,0.0,0.0
583,6,73,False,0.0,0.0
584,6,74,False,0.0,0.0
585,6,75,False,0.0,0.0
586,6,76,False,0.0,0.0
587,6,77,False,0.0,0.0
588,6,78,False,0.0,0.0
589,6,79,False,0.0,0.0
590,6,80,False,0.0,0.0
591,6,81,False,0.0,0.0
592,6,82,False,0.0,0.0
593,6,83,False,0.0,0.0
594,6,84,False,0.0,0.0
595,7,0,False,0.0,0.0
596,7,1,False,0.0,0.0
597,7,2,False,0.0,0.0
598,7,3,False,0.0,0.0
599,7,4,False,0.0,0.0
600,7,5,False,0.0,0.0
601,7,6,False,0.0,0.0
602,7,7,False,0.0,0.0
603,7,8,False,0.0,0.0
604,7,9,False,0.0,0.0
605,7,10,False,0.0,0.0
606,7,11,False,0.0,0.0
607,7,12,False,0.0,0.0
608,7,13,False,0.0,0.0
609,7,14,False,0.0,0.0
610,7,15,False,0.0,0.0
611,7,16,False,0.0,0.0
612,7,17,False,0.0,0.0
613,7,18,False,0.0,0.0
614,7,19,False,0.0,0.0
615,7,20,False,0.0,0.0
616,7,21,False,0.0,0.0
617,7,22,False,0.0,0.0
618,7,23,False,0.0,0.0
619,7,24,False,0.0,0.0
620,7,25,False,0.0,0.0
621,7,26,False,0.0,0.0
622,7,27,False,0.0,0.0
623,7,28,False,0.0,0.0
624,7,29,False,0.0,0.0
625,7,30,False,0.0,0.0
626,7,31,False,0.0,0.0
627,7,32,False,0.0,0.0
628,7,33,False,0.0,0.0
629,7,34,True,0.0,0.0
630,7,35,True,0.0,0.0
631,7,36,True,0.0,0.0
632,7,37,True,0.0,0.0
633,7,38,True,0.0,0.0
634,7,39,True,0.0,0.0
635,7,40,True,0.0,0.0
636,7,41,True,0.0,0.0
637,7,42,True,0.0,0.0
638,7,43,True,0.0,0.0
639,7,44,True,0.0,0.0
640,7,45,True,0.0,0.0
641,7,46,True,0.0,0.0
642,7,47,True,0.0,0.0
643,7,48,True,0.0,0.0
644,7,49,True,0.0,0.0
645,7,50,True,0.0,0.0
646,7,51,True,0.0,0.0
647,7,52,True,0.0,0.0
648,7,53,True,0.0,0.0
649,7,54,True,0.0,0.0
650,7,55,True,0.0,0.0
651,7,56,True,0.0,0.0
652,7,57,True,0.0,0.0
653,7,58,True,0.0,0.0
654,7,59,True,0.0,0.0
655,7,60,True,0.0,0.0
656,7,61,True,0.0,0.0
657,7,62,True,0.0,0.0
658,7,63,True,0.0,0.0
659,7,64,True,0.0,0.0
660,7,65,False,0.0,0.0
661,7,66,False,0.0,0.0
662,7,67,False,0.0,0.0
663,7,68,False,0.0,0.0
664,7,69,False,0.0,0.0
665,7,70,False,0.0,0.0
666,7,71,False,0.0,0.0
667,7,72,False,0.0,0.0
668,7,73,False,0.0,0.0
669,7,74,False,0.0,0.0
670,7,75,False,0.0,0.0
671,7,76,False,0.0,0.0
672,7,77,False,0.0,0.0
673,7,78,False,0.0,0.0
674,7,79,False,0.0,0.0
675,7,80,False,0.0,0.0
676,7,81,False,0.0,0.0
677,7,82,False,0.0,0.0
678,7,83,False,0.0,0.0
679,7,84,False,0.0,0.0
680,8,0,False,0.0,0.0
681,8,1,False,0.0,0.0
682,8,2,False,0.0,0.0
683,8,3,False,0.0,0.0
684,8,4,False,0.0,0.0
685,8,5,False,0.0,0.0
686,8,6,False,0.0,0.0
687,8,7,False,0.0,0.0
688,8,8,False,0.0,0.0
689,8,9,False,0.0,0.0
690,8,10,False,0.0,0.0
691,8,11,False,0.0,0.0
692,8,12,False,0.0,0.0
693,8,13,False,0.0,0.0
694,8,14,False,0.0,0.0
695,8,15,False,0.0,0.0
696,8,16,False,0.0,0.0
697,8,17,False,0.0,0.0
698,8,18,False,0.0,0.0
699,8,19,False,0.0,0.0
700,8,20,False,0.0,0.0
701,8,21,False,0.0,0.0
702,8,22,False,0.0,0.0
703,8,23,False,0.0,0.0
704,8,24,False,0.0,0.0
705,8,25,False,0.0,0.0
706,8,26,False,0.0,0.0
707,8,27,False,0.0,0.0
708,8,28,False,0.0,0.0
709,8,29,False,0.0,0.0
710,8,30,False,0.0,0.0
711,8,31,False,0.0,0.0
712,8,32,True,0.0,0.0
713,8,33,True,0.0,0.0
714,8,34,True,0.0,0.0
715,8,35,True,0.0,0.0
716,8,36,True,0.0,0.0
717,8,37,True,0.0,0.0
718,8,38,True,0.0,0.0
719,8,39,True,0.0,0.0
720,8,40,True,0.0,0.0
721,8,41,True,0.0,0.0
722,8,42,True,0.0,0.0
723,8,43,True,0.0,0.0
724,8,44,True,0.0,0.0
725,8,45,True,0.0,0.0
726,8,46,True,0.0,0.0
727,8,47,True,0.0,0.0
728,8,48,True,0.0,0.0
729,8,49,True,0.0,0.0
730,8,50,True,0.0,0.0
731,8,51,True,0.0,0.0
732,8,52,True,0.0,0.0
733,8,53,True,0.0,0.0
734,8,54,True,0.0,0.0
735,8,55,True,0.0,0.0
736,8,56,True,0.0,0.0
737,8,57,True,0.0,0.0
738,8,58,True,0.0,0.0
739,8,59,True,0.0,0.0
740,8,60,True,0.0,0.0
741,8,61,True,0.0,0.0
742,8,62,True,0.0,0.0
743,8,63,True,0.0,0.0
744,8,64,True,0.0,0.0
745,8,65,True,0.0,0.0
746,8,66,False,0.0,0.0
747,8,67,False,0.0,0.0
748,8,68,False,0.0,0.0
749,8,69,False,0.0,0.0
750,8,70,False,0.0,0.0
751,8,71,False,0.0,0.0
752,8,72,False,0.0,0.0
753,8,73,False,0.0,0.0
754,8,74,True,0.0,0.0
755,8,75,False,0.0,0.0
756,8,76,False,0.0,0.0
757,8,77,False,0.0,0.0
758,8,78,False,0.0,0.0
759,8,79,False,0.0,0.0
760,8,80,False,0.0,0.0
761,8,81,False,0.0,0.0
762,8,82,False,0.0,0.0
763,8,83,False,0.0,0.0
764,8,84,False,0.0,0.0
765,9,0,False,0.0,0.0
766,9,1,False,0.0,0.0
767,9,2,False,0.0,0.0
768,9,3,False,0.0,0.0
769,9,4,False,0.0,0.0
770,9,5,False,0.0,0.0
771,9,6,False,0.0,0.0
772,9,7,False,0.0,0.0
773,9,8,False,0.0,0.0
774,9,9,False,0.0,0.0
775,9,10,False,0.0,0.0
776,9,11,False,0.0,0.0
777,9,12,False,0.0,0.0
778,9,13,False,0.0,0.0
779,9,14,False,0.0,0.0
780,9,15,False,0.0,0.0
781,9,16,False,0.0,0.0
782,9,17,False,0.0,0.0
783,9,18,False,0.0,0.0
784,9,19,False,0.0,0.0
785,9,20,False,0.0,0.0
786,9,21,False,0.0,0.0
787,9,22,False,0.0,0.0
788,9,23,False,0.0,0.0
789,9,24,False,0.0,0.0
790,9,25,False,0.0,0.0
791,9,26,False,0.0,0.0
792,9,27,False,0.0,0.0
793,9,28,False,0.0,0.0
794,9,29,False,0.0,0.0
795,9,30,False,0.0,0.0
796,9,31,True,0.0,0.0
797,9,32,True,0.0,0.0
798,9,33,True,0.0,0.0
799,9,34,True,0.0,0.0
800,9,35,True,0.0,0.0
801,9,36,True,0.0,0.0
802,9,37,True,0.0,0.0
803,9,38,True,0.0,0.0
804,9,39,True,0.0,0.0
805,9,40,True,0.0,0.0
806,9,41,True,0.0,0.0
807,9,42,True,0.0,0.0
808,9,43,True,0.0,0.0
809,9,44,True,0.0,0.0
810,9,45,True,0.0,0.0
811,9,46,True,0.0,0.0
812,9,47,True,0.0,0.0
813,9,48,True,0.0,0.0
814,9,49,True,0.0,0.0
815,9,50,True,0.0,0.0
816,9,51,True,0.0,0.0
817,9,52,True,0.0,0.0
818,9,53,True,0.0,0.0
819,9,54,True,0.0,0.0
820,9,55,True,0.0,0.0
821,9,56,True,0.0,0.0
822,9,57,True,0.0,0.0
823,9,58,True,0.0,0.0
824,9,59,True,0.0,0.0
825,9,60,True,0.0,0.0
826,9,61,True,0.0,0.0
827,9,62,True,0.0,0.0
828,9,63,True,0.0,0.0
829,9,64,True,0.0,0.0
830,9,65,True,0.0,0.0
831,9,66,True,0.0,0.0
832,9,67,True,0.0,0.0
833,9,68,True,0.0,0.0
834,9,69,True,0.0,0.0
835,9,70,True,0.0,0.0
836,9,71,True,0.0,0.0
837,9,72,True,0.0,0.0
838,9,73,True,0.0,0.0
839,9,74,True,0.0,0.0
840,9,75,True,0.0,0.0
841,9,76,False,0.0,0.0
842,9,77,False,0.0,0.0
843,9,78,False,0.0,0.0
844,9,79,False,0.0,0.0
845,9,80,False,0.0,0.0
846,9,81,False,0.0,0.0
847,9,82,False,0.0,0.0
848,9,83,False,0.0,0.0
849,9,84,False,0.0,0.0
850,10,0,False,0.0,0.0
851,10,1,False,0.0,0.0
852,10,2,False,0.0,0.0
853,10,3,False,0.0,0.0
854,10,4,False,0.0,0.0
855,10,5,False,0.0,0.0
856,10,6,False,0.0,0.0
857,10,7,False,0.0,0.0
858,10,8,False,0.0,0.0
859,10,9,False,0.0,0.0
860,10,10,False,0.0,0.0
861,10,11,False,0.0,0.0
862,10,12,False,0.0,0.0
863,10,13,False,0.0,0.0
864,10,14,False,0.0,0.0
865,10,15,False,0.0,0.0
866,10,16,False,0.0,0.0
867,10,17,False,0.0,0.0
868,10,18,False,0.0,0.0
869,10,19,False,0.0,0.0
870,10,20,False,0.0,0.0
871,10,21,False,0.0,0.0
872,10,22,False,0.0,0.0
873,10,23,False,0.0,0.0
874,10,24,False,0.0,0.0
875,10,25,False,0.0,0.0
876,10,26,False,0.0,0.0
877,10,27,False,0.0,0.0
878,10,28,False,0.0,0.0
879,10,29,False,0.0,0.0
880,10,30,True,0.0,0.0
881,10,31,True,0.0,0.0
882,10,32,True,0.0,0.0
883,10,33,True,0.0,0.0
884,10,34,True,0.0,0.0
885,10,35,True,0.0,0.0
886,10,36,True,0.0,0.0
887,10,37,True,0.0,0.0
888,10,38,True,0.0,0.0
889,10,39,True,0.0,0.0
890,10,40,True,0.0,0.0
891,10,41,True,0.0,0.0
892,10,42,True,0.0,0.0
893,10,43,True,0.0,0.0
894,10,44,True,0.0,0.0
895,10,45,True,0.0,0.0
896,10,46,True,0.0,0.0
897,10,47,True,0.0,0.0
898,10,48,True,0.0,0.0
899,10,49,True,0.0,0.0
900,10,50,True,0.0,0.0
901,10,51,True,0.0,0.0
902,10,52,True,0.0,0.0
903,10,53,True,0.0,0.0
904,10,54,True,0.0,0.0
905,10,55,True,0.0,0.0
906,10,56,True,0.0,0.0
907,10,57,True,0.0,0.0
908,10,58,True,0.0,0.0
909,10,59,True,0.0,0.0
910,10,60,True,0.0,0.0
911,10,61,True,0.0,0.0
912,10,62,True,0.0,0.0
913,10,63,True,0.0,0.0
914,10,64,True,0.0,0.0
915,10,65,True,0.0,0.0
916,10,66,True,0.0,0.0
917,10,67,True,0.0,0.0
918,10,68,True,0.0,0.0
919,10,69,True,0.0,0.0
920,10,70,True,0.0,0.0
921,10,71,True,0.0,0.0
922,10,72,True,0.0,0.0
923,10,73,True,0.0,0.0
924,10,74,True,0.0,0.0
925,10,75,False,0.0,0.0
926,10,76,False,0.0,0.0
927,10,77,False,0.0,0.0
928,10,78,False,0.0,0.0
929,10,79,False,0.0,0.0
930,10,80,False,0.0,0.0
931,10,81,False,0.0,0.0
932,10,82,False,0.0,0.0
933,10,83,False,0.0,0.0
934,10,84,False,0.0,0.0
935,11,0,False,0.0,0.0
936,11,1,False,0.0,0.0
937,11,2,False,0.0,0.0
938,11,3,False,0.0,0.0
939,11,4,False,0.0,0.0
940,11,5,False,0.0,0.0
941,11,6,False,0.0,0.0
942,11,7,False,0.0,0.0
943,11,8,False,0.0,0.0
944,11,9,False,0.0,0.0
945,11,10,False,0.0,0.0
946,11,11,False,0.0,0.0
947,11,12,False,0.0,0.0
948,11,13,False,0.0,0.0
949,11,14,False,0.0,0.0
950,11,15,False,0.0,0.0
951,11,16,False,0.0,0.0
952,11,17,False,0.0,0.0
953,11,18,False,0.0,0.0
954,11,19,False,0.0,0.0
955,11,20,False,0.0,0.0
956,11,21,False,0.0,0.0
957,11,22,False,0.0,0.0
958,11,23,False,0.0,0.0
959,11,24,False,0.0,0.0
960,11,25,False,0.0,0.0
961,11,26,False,0.0,0.0
962,11,27,False,0.0,0.0
963,11,28,False,0.0,0.0
964,11,29,True,0.0,0.0
965,11,30,True,0.0,0.0
966,11,31,True,0.0,0.0
967,11,32,True,0.0,0.0
968,11,33,True,0.0,0.0
969,11,34,True,0.0,0.0
970,11,35,True,0.0,0.0
971,11,36,True,0.0,0.0
972,11,37,True,0.0,0.0
973,11,38,True,0.0,0.0
974,11,39,True,0.0,0.0
975,11,40,True,0.0,0.0
976,11,41,True,0.0,0.0
977,11,42,True,0.0,0.0
978,11,43,True,0.0,0.0
979,11,44,True,0.0,0.0
980,11,45,True,0.0,0.0
981,11,46,True,0.0,0.0
982,11,47,True,0.0,0.0
983,11,48,True,0.0,0.0
984,11,49,True,0.0,0.0
985,11,50,True,0.0,0.0
986,11,51,True,0.0,0.0
987,11,52,True,0.0,0.0
988,11,53,True,0.0,0.0
989,11,54,True,0.0,0.0
990,11,55,True,0.0,0.0
991,11,56,True,0.0,0.0
992,11,57,True,0.0,0.0
993,11,58,True,0.0,0.0
994,11,59,True,0.0,0.0
995,11,60,True,0.0,0.0
996,11,61,True,0.0,0.0
997,11,62,True,0.0,0.0
998,11,63,True,0.0,0.0
999,11,64,True,0.0,0.0
1000,11,65,True,0.0,0.0
1001,11,66,True,0.0,0.0
1002,11,67,True,0.0,0.0
1003,11,68,True,0.0,0.0
1004,11,69,True,0.0,0.0
1005,11,70,True,0.0,0.0
1006,11,71,True,0.0,0.0
1007,11,72,True,0.0,0.0
1008,11,73,True,0.0,0.0
1009,11,74,True,0.0,0.0
1010,11,75,True,0.0,0.0
1011,11,76,False,0.0,0.0
1012,11,77,False,0.0,0.0
1013,11,78,False,0.0,0.0
1014,11,79,False,0.0,0.0
1015,11,80,False,0.0,0.0
1016,11,81,False,0.0,0.0
1017,11,82,False,0.0,0.0
1018,11,83,False,0.0,0.0
1019,11,84,False,0.0,0.0
1020,12,0,False,0.0,0.0
1021,12,1,False,0.0,0.0
1022,12,2,False,0.0,0.0
1023,12,3,False,0.0,0.0
1024,12,4,False,0.0,0.0
1025,12,5,False,0.0,0.0
1026,12,6,False,0.0,0.0
1027,12,7,False,0.0,0.0
1028,12,8,False,0.0,0.0
1029,12,9,False,0.0,0.0
1030,12,10,False,0.0,0.0
1031,12,11,False,0.0,0.0
1032,12,12,False,0.0,0.0
1033,12,13,False,0.0,0.0
1034,12,14,False,0.0,0.0
1035,12,15,False,0.0,0.0
1036,12,16,False,0.0,0.0
1037,12,17,False,0.0,0.0
1038,12,18,False,0.0,0.0
1039,12,19,False,0.0,0.0
1040,12,20,False,0.0,0.0
1041,12,21,False,0.0,0.0
1042,12,22,False,0.0,0.0
1043,12,23,False,0.0,0.0
1044,12,24,False,0.0,0.0
1045,12,25,False,0.0,0.0
1046,12,26,True,0.0,0.0
1047,12,27,True,0.0,0.0
1048,12,28,True,0.0,0.0
1049,12,29,True,0.0,0.0
1050,12,30,True,0.0,0.0
1051,12,31,True,0.0,0.0
1052,12,32,True,0.0,0.0
1053,12,33,True,0.0,0.0
1054,12,34,True,0.0,0.0
1055,12,35,True,0.0,0.0
1056,12,36,True,0.0,0.0
1057,12,37,True,0.0,0.0
1058,12,38,True,0.0,0.0
1059,12,39,True,0.0,0.0
1060,12,40,True,0.0,0.0
1061,12,41,True,0.0,0.0
1062,12,42,True,0.0,0.0
1063,12,43,True,0.0,0.0
1064,12,44,True,0.0,0.0
1065,12,45,True,0.0,0.0
1066,12,46,True,0.0,0.0
1067,12,47,True,0.0,0.0
1068,12,48,True,0.0,0.0
1069,12,49,True,0.0,0.0
1070,12,50,True,0.0,0.0
1071,12,51,True,0.0,0.0
1072,12,52,True,0.0,0.0
1073,12,53,True,0.0,0.0
1074,12,54,True,0.0,0.0
1075,12,55,True,0.0,0.0
1076,12,56,True,0.0,0.0
1077,12,57,True,0.0,0.0
1078,12,58,True,0.0,0.0
1079,12,59,True,0.0,0.0
1080,12,60,True,0.0,0.0
1081,12,61,True,0.0,0.0
1082,12,62,True,0.0,0.0
1083,12,63,True,0.0,0.0
1084,12,64,True,0.0,0.0
1085,12,65,True,0.0,0.0
1086,12,66,True,0.0,0.0
1087,12,67,True,0.0,0.0
1088,12,68,True,0.0,0.0
1089,12,69,True,0.0,0.0
1090,12,70,True,0.0,0.0
1091,12,71,True,0.0,0.0
1092,12,72,True,0.0,0.0
1093,12,73,True,0.0,0.0
1094,12,74,True,0.0,0.0
1095,12,75,True,0.0,0.0
1096,12,76,False,0.0,0.0
1097,12,77,False,0.0,0.0
1098,12,78,False,0.0,0.0
1099,12,79,False,0.0,0.0
1100,12,80,False,0.0,0.0
1101,12,81,False,0.0,0.0
1102,12,82,False,0.0,0.0
1103,12,83,False,0.0,0.0
1104,12,84,False,0.0,0.0
1105,13,0,False,0.0,0.0
1106,13,1,False,0.0,0.0
1107,13,2,False,0.0,0.0
1108,13,3,False,0.0,0.0
1109,13,4,False,0.0,0.0
1110,13,5,False,0.0,0.0
1111,13,6,False,0.0,0.0
1112,13,7,False,0.0,0.0
1113,13,8,False,0.0,0.0
1114,13,9,False,0.0,0.0
1115,13,10,False,0.0,0.0
1116,13,11,False,0.0,0.0
1117,13,12,False,0.0,0.0
1118,13,13,False,0.0,0.0
1119,13,14,False,0.0,0.0
1120,13,15,False,0.0,0.0
1121,13,16,False,0.0,0.0
1122,13,17,False,0.0,0.0
1123,13,18,False,0.0,0.0
1124,13,19,False,0.0,0.0
1125,13,20,False,0.0,0.0
1126,13,21,False,0.0,0.0
1127,13,22,False,0.0,0.0
1128,13,23,False,0.0,0.0
1129,13,24,False,0.0,0.0
1130,13,25,True,0.0,0.0
1131,13,26,True,0.0,0.0
1132,13,27,True,0.0,0.0
1133,13,28,True,0.0,0.0
1134,13,29,True,0.0,0.0
1135,13,30,True,0.0,0.0
1136,13,31,True,0.0,0.0
1137,13,32,True,0.0,0.0
1138,13,33,True,0.0,0.0
1139,13,34,True,0.0,0.0
1140,13,35,True,0.0,0.0
1141,13,36,True,0.0,0.0
1142,13,37,True,0.0,0.0
1143,13,38,True,0.0,0.0
1144,13,39,True,0.0,0.0
1145,13,40,True,0.0,0.0
1146,13,41,True,0.0,0.0
1147,13,42,True,0.0,0.0
1148,13,43,True,0.0,0.0
1149,13,44,True,0.0,0.0
1150,13,45,True,0.0,0.0
1151,13,46,True,0.0,0.0
1152,13,47,True,0.0,0.0
1153,13,48,True,0.0,0.0
1154,13,49,True,0.010099611586190514,0.25
1155,13,50,True,0.06764137204295412,0.34516096050661665
1156,13,51,True,0.11547679972868398,1.0872998632023334
1157,13,52,True,0.0,0.0
1158,13,53,True,0.0,0.0
1159,13,54,True,0.0,0.0
1160,13,55,True,0.0,0.0
1161,13,56,True,0.0,0.0
1162,13,57,True,0.0,0.0
1163,13,58,True,0.0,0.0
1164,13,59,True,0.0,0.0
1165,13,60,True,0.0,0.0
1166,13,61,True,0.0,0.0
1167,13,62,True,0.0,0.0
1168,13,63,True,0.0002313861003458032,4.5
1169,13,64,True,0.0,0.0
1170,13,65,True,0.027553685327670885,0.75
1171,13,66,True,0.0,0.0
1172,13,67,True,0.0,0.0
1173,13,68,True,0.0,0.0
1174,13,69,True,0.0,0.0
1175,13,70,True,0.0,0.0
1176,13,71,True,0.0,0.0
1177,13,72,True,0.0,0.0
1178,13,73,True,0.0,0.0
1179,13,74,True,0.0,0.0
1180,13,75,True,0.0,0.0
1181,13,76,False,0.0,0.0
1182,13,77,False,0.0,0.0
1183,13,78,False,0.0,0.0
1184,13,79,False,0.0,0.0
1185,13,80,False,0.0,0.0
1186,13,81,False,0.0,0.0
1187,13,82,False,0.0,0.0
1188,13,83,False,0.0,0.0
1189,13,84,False,0.0,0.0
1190,14,0,False,0.0,0.0
1191,14,1,False,0.0,0.0
1192,14,2,False,0.0,0.0
1193,14,3,False,0.0,0.0
1194,14,4,False,0.0,0.0
1195,14,5,False,0.0,0.0
1196,14,6,False,0.0,0.0
1197,14,7,False,0.0,0.0
1198,14,8,False,0.0,0.0
1199,14,9,False,0.0,0.0
1200,14,10,False,0.0,0.0
1201,14,11,False,0.0,0.0
1202,14,12,False,0.0,0.0
1203,14,13,False,0.0,0.0
1204,14,14,False,0.0,0.0
1205,14,15,False,0.0,0.0
1206,14,16,False,0.0,0.0
1207,14,17,False,0.0,0.0
1208,14,18,False,0.0,0.0
1209,14,19,False,0.0,0.0
1210,14,20,False,0.0,0.0
1211,14,21,False,0.0,0.0
1212,14,22,False,0.0,0.0
1213,14,23,True,0.0,0.0
1214,14,24,True,0.0,0.0
1215,14,25,True,0.0,0.0
1216,14,26,True,0.0,0.0
1217,14,27,True,0.0,0.0
1218,14,28,True,0.0,0.0
1219,14,29,True,0.0,0.0
1220,14,30,True,0.0,0.0
1221,14,31,True,0.0,0.0
1222,14,32,True,0.0,0.0
1223,14,33,True,0.0,0.0
1224,14,34,True,0.0,0.0
1225,14,35,True,0.0,0.0
1226,14,36,True,0.0,0.0
1227,14,37,True,0.0,0.0
1228,14,38,True,0.0,0.0
1229,14,39,True,0.0,0.0
1230,14,40,True,0.0,0.0
1231,14,41,True,0.0,0.0
1232,14,42,True,0.0,0.0
1233,14,43,True,0.0,0.0
1234,14,44,True,0.0,0.0
1235,14,45,True,0.0,0.0
1236,14,46,True,0.0,0.0
1237,14,47,True,0.0,0.0
1238,14,48,True,0.08469825348853224,1.2356750897008122
1239,14,49,True,0.3201639216424088,0.2706718791034141
1240,14,50,True,0.9796580375140684,1.125980194177345
1241,14,51,True,0.9693054927162374,4.282325519258925
1242,14,52,True,0.03587709954500682,0.33365438250956264
1243,14,53,True,0.0,0.0
1244,14,54,True,0.0,0.0
1245,14,55,True,0.0,0.0
1246,14,56,True,0.0,0.0
1247,14,57,True,0.0,0.0
1248,14,58,True,0.0,0.0
1249,14,59,True,0.0,0.0
1250,14,60,True,0.0,0.0
1251,14,61,True,0.040974363152171796,1.7966111595653704
1252,14,62,True,0.38506750776242293,3.819409973041754
1253,14,63,True,0.24028143469495467,1.9432316173703252
1254,14,64,True,0.03662297703663055,1.3418846884665412
1255,14,65,True,0.6852156648515768,1.2975766543701652
1256,14,66,True,0.030549211141164916,0.75
1257,14,67,True,0.03878237142427724,0.7637710066098022
1258,14,68,True,0.0038413736587304442,0.7499999999999999
1259,14,69,True,0.23237278538336445,0.8372210632612443
1260,14,70,True,0.10107292224666266,0.7661191276089814
1261,14,71,True,0.0,0.0
1262,14,72,True,0.0,0.0
1263,14,73,True,0.0,0.0
1264,14,74,True,0.0,0.0
1265,14,75,True,0.0,0.0
1266,14,76,False,0.0,0.0
1267,14,77,False,0.0,0.0
1268,14,78,False,0.0,0.0
1269,14,79,False,0.0,0.0
1270,14,80,False,0.0,0.0
1271,14,81,False,0.0,0.0
1272,14,82,False,0.0,0.0
1273,14,83,False,0.0,0.0
1274,14,84,False,0.0,0.0
1275,15,0,False,0.0,0.0
1276,15,1,False,0.0,0.0
1277,15,2,False,0.0,0.0
1278,15,3,False,0.0,0.0
1279,15,4,False,0.0,0.0
1280,15,5,False,0.0,0.0
1281,15,6,False,0.0,0.0
1282,15,7,False,0.0,0.0
1283,15,8,False,0.0,0.0
1284,15,9,False,0.0,0.0
1285,15,10,False,0.0,0.0
1286,15,11,False,0.0,0.0
1287,15,12,False,0.0,0.0
1288,15,13,False,0.0,0.0
1289,15,14,False,0.0,0.0
1290,15,15,False,0.0,0.0
1291,15,16,False,0.0,0.0
1292,15,17,False,0.0,0.0
1293,15,18,False,0.0,0.0
1294,15,19,False,0.0,0.0
1295,15,20,False,0.0,0.0
1296,15,21,False,0.0,0.0
1297,15,22,False,0.0,0.0
1298,15,23,True,0.0,0.0
1299,15,24,True,0.0,0.0
1300,15,25,True,0.0,0.0
1301,15,26,True,0.0,0.0
1302,15,27,True,0.0,0.0
1303,15,28,True,0.0,0.0
1304,15,29,True,0.0,0.0
1305,15,30,True,0.0,0.0
1306,15,31,True,0.0,0.0
1307,15,32,True,0.0,0.0
1308,15,33,True,0.0,0.0
1309,15,34,True,0.0,0.0
1310,15,35,True,0.0,0.0
1311,15,36,True,0.0,0.0
1312,15,37,True,0.0,0.0
1313,15,38,True,0.0,0.0
1314,15,39,True,0.0,0.0
1315,15,40,True,0.0,0.0
1316,15,41,True,0.0,0.0
1317,15,42,True,0.0,0.0
1318,15,43,True,0.0,0.0
1319,15,44,True,0.0,0.0
1320,15,45,True,0.0,0.0
1321,15,46,True,0.0,0.0
1322,15,47,True,0.0,0.0
1323,15,48,True,0.0,0.0
1324,15,49,True,0.3062517707307091,0.25
1325,15,50,True,1.0,0.6350571490136013
1326,15,51,True,0.9999999999999999,1.2752034669053942
1327,15,52,True,0.1456522339857517,0.25
1328,15,53,True,0.0,0.0
1329,15,54,True,0.0,0.0
1330,15,55,True,0.0,0.0
1331,15,56,True,0.0,0.0
1332,15,57,True,0.0,0.0
1333,15,58,True,0.0004821564250163324,4.5
1334,15,59,True,0.10458112714337812,1.5587392849448412
1335,15,60,True,0.09551516499283265,4.296606494085002
1336,15,61,True,0.8110080030838779,5.693890596238144
1337,15,62,True,0.9967793328986299,6.771468685140096
1338,15,63,True,0.7738321336958845,2.6549464127903533
1339,15,64,True,0.046529775682510634,1.5
1340,15,65,True,0.05953349482308865,1.634884298405218
1341,15,66,True,0.048257919390406134,0.8764823520422679
1342,15,67,True,0.45911924718157543,1.0135298236078065
1343,15,68,True,0.6858627568047605,0.9909932085355977
1344,15,69,True,0.680321509946784,0.8736480975413184
1345,15,70,True,0.037143502810598084,0.75
1346,15,71,True,0.0022482125036019577,0.75
1347,15,72,True,0.0002513172424271743,0.75
1348,15,73,True,0.0,0.0
1349,15,74,True,0.0,0.0
1350,15,75,True,0.0,0.0
1351,15,76,True,0.0,0.0
1352,15,77,True,0.054036016081437224,0.7499999999999999
1353,15,78,True,0.05621876273409284,0.7500000000000001
1354,15,79,False,0.0,0.0
1355,15,80,False,0.0,0.0
1356,15,81,False,0.0,0.0
1357,15,82,False,0.0,0.0
1358,15,83,False,0.0,0.0
1359,15,84,False,0.0,0.0
1360,16,0,False,0.0,0.0
1361,16,1,False,0.0,0.0
1362,16,2,False,0.0,0.0
1363,16,3,False,0.0,0.0
1364,16,4,False,0.0,0.0
1365,16,5,False,0.0,0.0
1366,16,6,False,0.0,0.0
1367,16,7,False,0.0,0.0
1368,16,8,False,0.0,0.0
1369,16,9,False,0.0,0.0
1370,16,10,False,0.0,0.0
1371,16,11,False,0.0,0.0
1372,16,12,False,0.0,0.0
1373,16,13,False,0.0,0.0
1374,16,14,False,0.0,0.0
1375,16,15,False,0.0,0.0
1376,16,16,False,0.0,0.0
1377,16,17,False,0.0,0.0
1378,16,18,False,0.0,0.0
1379,16,19,False,0.0,0.0
1380,16,20,False,0.0,0.0
1381,16,21,False,0.0,0.0
1382,16,22,True,0.0,0.0
1383,16,23,True,0.0,0.0
1384,16,24,True,0.0,0.0
1385,16,25,True,0.0,0.0
1386,16,26,True,0.0,0.0
1387,16,27,True,0.0,0.0
1388,16,28,True,0.0,0.0
1389,16,29,True,0.0,0.0
1390,16,30,True,0.0,0.0
1391,16,31,True,0.0,0.0
1392,16,32,True,0.0,0.0
1393,16,33,True,0.0,0.0
1394,16,34,True,0.0,0.0
1395,16,35,True,0.0,0.0
1396,16,36,True,0.0,0.0
1397,16,37,True,0.0,0.0
1398,16,38,True,0.0,0.0
1399,16,39,True,0.0,0.0
1400,16,40,True,0.0,0.0
1401,16,41,True,0.0,0.0
1402,16,42,True,0.0,0.0
1403,16,43,True,0.0,0.0
1404,16,44,True,0.0,0.0
1405,16,45,True,0.0,0.0
1406,16,46,True,0.0,0.0
1407,16,47,True,0.0,0.0
1408,16,48,True,0.0,0.0
1409,16,49,True,0.44013361403576806,0.25
1410,16,50,True,0.9990790937345422,0.25
1411,16,51,True,0.5770715411832393,0.32554047695722155
1412,16,52,True,0.1722465487088986,0.25
1413,16,53,True,0.005901111939047419,0.25
1414,16,54,True,0.0,0.0
1415,16,55,True,0.0,0.0
1416,16,56,True,0.0,0.0
1417,16,57,True,0.025134925627695977,1.686494291457965
1418,16,58,True,0.35192468906184227,1.963014192675371
1419,16,59,True,0.6718495558938359,4.415798828238553
1420,16,60,True,0.9969862275168595,6.595890771056163
1421,16,61,True,0.9937736351999533,7.371506110068007
1422,16,62,True,1.0,7.279339217271896
1423,16,63,True,0.9890647497159721,4.656763879182602
1424,16,64,True,0.7895927039237747,4.704840687129357
1425,16,65,True,0.7087225595619877,1.9793608259847033
1426,16,66,True,0.5653186627697291,1.0313005375135393
1427,16,67,True,0.11143019597114727,0.8048421953853576
1428,16,68,True,0.42836680063382043,1.0029352284255164
1429,16,69,True,0.7490565443293477,0.9620348550223068
1430,16,70,True,0.5904700510985511,0.8886713497665437
1431,16,71,True,0.6722720834274662,0.939642302084324
1432,16,72,True,0.3982814552808674,0.9102990121467464
1433,16,73,True,0.0183674635597439,0.75
1434,16,74,True,0.25754128297552703,0.8007828899784702
1435,16,75,True,0.0,0.0
1436,16,76,True,0.0,0.0
1437,16,77,True,0.343826804082252,0.8647938031767254
1438,16,78,True,0.12237418053234606,0.7916805716015536
1439,16,79,True,0.0,0.0
1440,16,80,False,0.0,0.0
1441,16,81,False,0.0,0.0
1442,16,82,False,0.0,0.0
1443,16,83,False,0.0,0.0
1444,16,84,False,0.0,0.0
1445,17,0,False,0.0,0.0
1446,17,1,False,0.0,0.0
1447,17,2,False,0.0,0.0
1448,17,3,False,0.0,0.0
1449,17,4,False,0.0,0.0
1450,17,5,False,0.0,0.0
1451,17,6,False,0.0,0.0
1452,17,7,False,0.0,0.0
1453,17,8,False,0.0,0.0
1454,17,9,False,0.0,0.0
1455,17,10,False,0.0,0.0
1456,17,11,False,0.0,0.0
1457,17,12,False,0.0,0.0
1458,17,13,False,0.0,0.0
1459,17,14,False,0.0,0.0
1460,17,15,False,0.0,0.0
1461,17,16,False,0.0,0.0
1462,17,17,False,0.0,0.0
1463,17,18,False,0.0,0.0
1464,17,19,False,0.0,0.0
1465,17,20,False,0.0,0.0
1466,17,21,False,0.0,0.0
1467,17,22,False,0.0,0.0
1468,17,23,True,0.0,0.0
1469,17,24,True,0.0,0.0
1470,17,25,True,0.0,0.0
1471,17,26,True,0.0,0.0
1472,17,27,True,0.0,0.0
1473,17,28,True,0.0,0.0
1474,17,29,True,0.0,0.0
1475,17,30,True,0.0,0.0
1476,17,31,True,0.0,0.0
1477,17,32,True,0.0,0.0
1478,17,33,True,0.0,0.0
1479,17,34,True,0.0,0.0
1480,17,35,True,0.0,0.0
1481,17,36,True,0.0,0.0
1482,17,37,True,0.0,0.0
1483,17,38,True,0.0,0.0
1484,17,39,True,0.0,0.0
1485,17,40,True,0.0,0.0
1486,17,41,True,0.0,0.0
1487,17,42,True,0.0,0.0
1488,17,43,True,0.0,0.0
1489,17,44,True,0.0,0.0
1490,17,45,True,0.0,0.0
1491,17,46,True,0.0,0.0
1492,17,47,True,0.0,0.0
1493,17,48,True,0.0,0.0
1494,17,49,True,0.0,0.0
1495,17,50,True,0.2536944871132414,0.25
1496,17,51,True,0.3891056032512499,0.259836727608086
1497,17,52,True,0.9903794252138217,0.2659749669653735
1498,17,53,True,0.2950389305372424,0.25
1499,17,54,True,0.01202387343094438,1.641781156550853
1500,17,55,True,0.08581816068328567,2.0595379294852987
1501,17,56,True,0.39325545535170525,3.485671801958485
1502,17,57,True,0.769137205688607,3.1029053959629804
1503,17,58,True,0.958013679927696,6.235315399218786
1504,17,59,True,1.0,8.25401480577921
1505,17,60,True,0.9978088316137204,9.229355824778485
1506,17,61,True,0.9236643705397238,6.4692874938327405
1507,17,62,True,0.9974794202121401,7.041387662433878
1508,17,63,True,1.0,4.868018530553097
1509,17,64,True,0.995532375969447,6.040475783120968
1510,17,65,True,0.9419408036372742,6.221257071208116
1511,17,66,True,0.40944047979500003,1.2158849727377097
1512,17,67,True,0.48740634213,1.007763005059872
1513,17,68,True,0.2094511180704652,0.9122700863768122
1514,17,69,True,0.6340792445875904,0.8761502063487869
1515,17,70,True,0.8227967194572099,0.8588195755580291
1516,17,71,True,0.7952847579837399,0.8237127812024876
1517,17,72,True,0.7280356594774203,0.9858595239385892
1518,17,73,True,0.06419529335832322,0.8838960842574095
1519,17,74,True,0.15993073753829876,0.8936210391502734
1520,17,75,True,0.0,0.0
1521,17,76,True,0.0,0.0
1522,17,77,True,0.009171045840063237,0.7617942556669888
1523,17,78,True,0.0632880343120809,0.8324937095352946
1524,17,79,True,0.16469342584552563,0.754586808188477
1525,17,80,True,0.11240098859227467,0.7500000000000001
1526,17,81,False,0.0,0.0
1527,17,82,False,0.0,0.0
1528,17,83,False,0.0,0.0
1529,17,84,False,0.0,0.0
1530,18,0,False,0.0,0.0
1531,18,1,False,0.0,0.0
1532,18,2,False,0.0,0.0
1533,18,3,False,0.0,0.0
1534,18,4,False,0.0,0.0
1535,18,5,False,0.0,0.0
1536,18,6,False,0.0,0.0
1537,18,7,False,0.0,0.0
1538,18,8,False,0.0,0.0
1539,18,9,False,0.0,0.0
1540,18,10,False,0.0,0.0
1541,18,11,False,0.0,0.0
1542,18,12,False,0.0,0.0
1543,18,13,False,0.0,0.0
1544,18,14,False,0.0,0.0
1545,18,15,False,0.0,0.0
1546,18,16,False,0.0,0.0
1547,18,17,False,0.0,0.0
1548,18,18,True,0.0,0.0
1549,18,19,True,0.0,0.0
1550,18,20,True,0.0,0.0
1551,18,21,True,0.0,0.0
1552,18,22,True,0.0,0.0
1553,18,23,True,0.0,0.0
1554,18,24,True,0.0,0.0
1555,18,25,True,0.0,0.0
1556,18,26,True,0.0,0.0
1557,18,27,True,0.0,0.0
1558,18,28,True,0.0,0.0
1559,18,29,True,0.0,0.0
1560,18,30,True,0.0,0.0
1561,18,31,True,0.0,0.0
1562,18,32,True,0.0,0.0
1563,18,33,True,0.0,0.0
1564,18,34,True,0.0,0.0
1565,18,35,True,0.0,0.0
1566,18,36,True,0.0,0.0
1567,18,37,True,0.0,0.0
1568,18,38,True,0.0,0.0
1569,18,39,True,0.0,0.0
1570,18,40,True,0.0,0.0
1571,18,41,True,0.0,0.0
1572,18,42,True,0.0,0.0
1573,18,43,True,0.0,0.0
1574,18,44,True,0.0,0.0
1575,18,45,True,0.0,0.0
1576,18,46,True,0.0,0.0
1577,18,47,True,0.0,0.0
1578,18,48,True,0.0,0.0
1579,18,49,True,0.0,0.0
1580,18,50,True,0.0005484817750237922,4.5
1581,18,51,True,0.18664175185077045,2.3993618041960536
1582,18,52,True,0.8403880057554631,3.607361738492746
1583,18,53,True,0.7413012936450983,2.2667298769360924
1584,18,54,True,0.72472182417686,5.129208089191162
1585,18,55,True,0.885156340140378,5.708591281484236
1586,18,56,True,1.0,7.853670620557575
1587,18,57,True,1.0,8.902181795457969
1588,18,58,True,1.0,10.443119388579595
1589,18,59,True,1.0,9.21589539389343
1590,18,60,True,0.9999999999999997,9.536510958494008
1591,18,61,True,1.0,8.20677114182418
1592,18,62,True,1.0,5.4421615093599
1593,18,63,True,0.9635957882031843,2.682343309606249
1594,18,64,True,0.9524864064321549,3.4074695039188403
1595,18,65,True,0.999041218796871,6.571491477353965
1596,18,66,True,0.37869167230451845,2.995160603061331
1597,18,67,True,0.5185065164926913,1.9036142145401032
1598,18,68,True,0.4481621495373589,1.6641965647079269
1599,18,69,True,0.25329658278404854,1.3879191880250408
1600,18,70,True,0.22449645083937447,0.822310187788237
1601,18,71,True,0.6629519916731458,0.9545013923798276
1602,18,72,True,0.3694423131031516,0.9755793960290707
1603,18,73,True,0.04131343387311656,0.75
1604,18,74,True,0.0,0.0
1605,18,75,True,0.0,0.0
1606,18,76,True,0.0,0.0
1607,18,77,True,0.0,0.0
1608,18,78,True,0.0,0.0
1609,18,79,True,0.30160596739938644,0.9638010276121406
1610,18,80,True,0.1196225940027383,1.0037371501908396
1611,18,81,True,0.5368588229766011,1.131521863013962
1612,18,82,True,0.17844909897624317,0.9455271420987125
1613,18,83,True,0.048450900834001054,0.8716217379895688
1614,18,84,False,0.0,0.0
1615,19,0,False,0.0,0.0
1616,19,1,False,0.0,0.0
1617,19,2,False,0.0,0.0
1618,19,3,False,0.0,0.0
1619,19,4,False,0.0,0.0
1620,19,5,False,0.0,0.0
1621,19,6,False,0.0,0.0
1622,19,7,False,0.0,0.0
1623,19,8,False,0.0,0.0
1624,19,9,False,0.0,0.0
1625,19,10,False,0.0,0.0
1626,19,11,False,0.0,0.0
1627,19,12,False,0.0,0.0
1628,19,13,False,0.0,0.0
1629,19,14,False,0.0,0.0
1630,19,15,False,0.0,0.0
1631,19,16,False,0.0,0.0
1632,19,17,True,0.0,0.0
1633,19,18,True,0.0,0.0
1634,19,19,True,0.0,0.0
1635,19,20,True,0.0,0.0
1636,19,21,True,0.0,0.0
1637,19,22,True,0.0,0.0
1638,19,23,True,0.0,0.0
1639,19,24,True,0.0,0.0
1640,19,25,True,0.0,0.0
1641,19,26,True,0.0,0.0
1642,19,27,True,0.0,0.0
1643,19,28,True,0.0,0.0
1644,19,29,True,0.0,0.0
1645,19,30,True,0.0,0.0
1646,19,31,True,0.0,0.0
1647,19,32,True,0.0,0.0
1648,19,33,True,0.0,0.0
1649,19,34,True,0.0,0.0
1650,19,35,True,0.0,0.0
1651,19,36,True,0.0,0.0
1652,19,37,True,0.0,0.0
1653,19,38,True,0.0,0.0
1654,19,39,True,0.0,0.0
1655,19,40,True,0.0,0.0
1656,19,41,True,0.0,0.0
1657,19,42,True,0.0,0.0
1658,19,43,True,0.0,0.0
1659,19,44,True,0.0,0.0
1660,19,45,True,0.0,0.0
1661,19,46,True,0.0,0.0
1662,19,47,True,0.0,0.0
1663,19,48,True,0.0,0.0
1664,19,49,True,0.0,0.0
1665,19,50,True,0.10829475873622063,1.9601489101561196
1666,19,51,True,0.7440874523125682,3.663094914194437
1667,19,52,True,1.0,7.421831938062347
1668,19,53,True,1.0,7.248124845817521
1669,19,54,True,0.9999999999999999,7.528272822217774
1670,19,55,True,1.0,6.601527018959351
1671,19,56,True,1.0,8.25110229164563
1672,19,57,True,1.0,9.177727672902169
1673,19,58,True,1.0,8.56704739837374
1674,19,59,True,0.9999999999999999,6.621644929243432
1675,19,60,True,1.0,5.265331768311168
1676,19,61,True,1.0,4.543363914538343
1677,19,62,True,1.0,4.452806419606529
1678,19,63,True,1.0,3.3398341449175764
1679,19,64,True,0.9999999999999999,3.489929337677055
1680,19,65,True,0.9999999999999999,8.124213245862336
1681,19,66,True,0.8145217781044336,7.816391915037183
1682,19,67,True,0.751260871143934,3.3014111443711585
1683,19,68,True,0.1298054328012044,1.550670072843918
1684,19,69,True,0.43589679976904006,1.2391895715106274
1685,19,70,True,0.4503406291033992,1.3362638802541258
1686,19,71,True,0.0006949574511606295,4.5
1687,19,72,True,0.11848355865328809,0.7500000000000001
1688,19,73,True,0.000272966954643334,0.7500000000000001
1689,19,74,True,0.01605244975108066,0.75
1690,19,75,True,0.13387660280634067,1.022242499297652
1691,19,76,True,0.1313397294559281,0.9565107720629322
1692,19,77,True,0.0,0.0
1693,19,78,True,0.0,0.0
1694,19,79,True,0.0,0.0
1695,19,80,True,0.0,0.0
1696,19,81,True,0.6140893111696045,1.219271457214902
1697,19,82,True,0.47493690388116977,1.198345415393102
1698,19,83,False,0.04996712523662366,1.0379494955969801
1699,19,84,False,0.0,0.0
1700,20,0,False,0.0,0.0
1701,20,1,False,0.0,0.0
1702,20,2,False,0.0,0.0
1703,20,3,False,0.0,0.0
1704,20,4,False,0.0,0.0
1705,20,5,False,0.0,0.0
1706,20,6,False,0.0,0.0
1707,20,7,False,0.0,0.0
1708,20,8,False,0.0,0.0
1709,20,9,False,0.0,0.0
1710,20,10,False,0.0,0.0
1711,20,11,False,0.0,0.0
1712,20,12,False,0.0,0.0
1713,20,13,False,0.0,0.0
1714,20,14,False,0.0,0.0
1715,20,15,False,0.0,0.0
1716,20,16,False,0.0,0.0
1717,20,17,True,0.0,0.0
1718,20,18,True,0.0,0.0
1719,20,19,True,0.0,0.0
1720,20,20,True,0.0,0.0
1721,20,21,True,0.0,0.0
1722,20,22,True,0.0,0.0
1723,20,23,True,0.0,0.0
1724,20,24,True,0.0,0.0
1725,20,25,True,0.0,0.0
1726,20,26,True,0.0,0.0
1727,20,27,True,0.0,0.0
1728,20,28,True,0.0,0.0
1729,20,29,True,0.0,0.0
1730,20,30,True,0.0,0.0
1731,20,31,True,0.0,0.0
1732,20,32,True,0.0,0.0
1733,20,33,True,0.0,0.0
1734,20,34,True,0.0,0.0
1735,20,35,True,0.0,0.0
1736,20,36,True,0.0,0.0
1737,20,37,True,0.0,0.0
1738,20,38,True,0.0,0.0
1739,20,39,True,0.0,0.0
1740,20,40,True,0.0,0.0
1741,20,41,True,0.0,0.0
1742,20,42,True,0.0,0.0
1743,20,43,True,0.0,0.0
1744,20,44,True,0.0,0.0
1745,20,45,True,0.0,0.0
1746,20,46,True,0.0,0.0
1747,20,47,True,0.0,0.0
1748,20,48,True,0.0,0.0
1749,20,49,True,0.22512561320416763,1.661368273894049
1750,20,50,True,0.6947741742166197,2.545822779352021
1751,20,51,True,0.7701685284119394,3.352618007872463
1752,20,52,True,1.0,8.054921754092517
1753,20,53,True,1.0,9.758752409429617
1754,20,54,True,1.0,8.56614781988918
1755,20,55,True,1.0,7.564132017984653
1756,20,56,True,1.0,8.58803542677896
1757,20,57,True,1.0,9.907327705009505
1758,20,58,True,1.0,6.7489112031152105
1759,20,59,True,0.9999999999999999,3.4996451759348313
1760,20,60,True,0.9999999999999999,4.071768505416009
1761,20,61,True,1.0,6.225521147346866
1762,20,62,True,0.9885391116602571,6.821267738643542
1763,20,63,True,1.0,6.085704700510843
1764,20,64,True,1.0,3.715116430814284
1765,20,65,True,0.9999999999999997,5.312985310777227
1766,20,66,True,0.988061326327188,6.2661416424232455
1767,20,67,True,0.9488537886148418,4.829442979950579
1768,20,68,True,0.9249510758661031,4.705161451902158
1769,20,69,True,0.38699061254962785,2.0948893491328047
1770,20,70,True,0.47940853484905654,2.21496229058807
1771,20,71,True,0.0768331971859828,1.586364551191472
1772,20,72,True,0.10089076134875213,0.798680990132083
1773,20,73,True,0.18901868628206428,1.8980104003544604
1774,20,74,True,0.06981087622996736,1.0740551384016257
1775,20,75,True,0.13425695012431185,1.0630515937260119
1776,20,76,True,0.4402472120616301,0.9479932500523313
1777,20,77,True,0.0753711326717887,0.8262683592076023
1778,20,78,True,0.0,0.0
1779,20,79,True,0.0,0.0
1780,20,80,True,0.0,0.0
1781,20,81,False,0.0,0.0
1782,20,82,False,0.0,0.0
1783,20,83,False,0.0,0.0
1784,20,84,False,0.0,0.0
1785,21,0,False,0.0,0.0
1786,21,1,False,0.0,0.0
1787,21,2,False,0.0,0.0
1788,21,3,False,0.0,0.0
1789,21,4,False,0.0,0.0
1790,21,5,False,0.0,0.0
1791,21,6,False,0.0,0.0
1792,21,7,False,0.0,0.0
1793,21,8,False,0.0,0.0
1794,21,9,False,0.0,0.0
1795,21,10,False,0.0,0.0
1796,21,11,False,0.0,0.0
1797,21,12,False,0.0,0.0
1798,21,13,False,0.0,0.0
1799,21,14,False,0.0,0.0
1800,21,15,False,0.0,0.0
1801,21,16,False,0.0,0.0
1802,21,17,True,0.0,0.0
1803,21,18,True,0.0,0.0
1804,21,19,True,0.0,0.0
1805,21,20,True,0.0,0.0
1806,21,21,True,0.0,0.0
1807,21,22,True,0.0,0.0
1808,21,23,True,0.0,0.0
1809,21,24,True,0.0,0.0
1810,21,25,True,0.0,0.0
1811,21,26,True,0.0,0.0
1812,21,27,True,0.0,0.0
1813,21,28,True,0.0,0.0
1814,21,29,True,0.0,0.0
1815,21,30,True,0.0,0.0
1816,21,31,True,0.0,0.0
1817,21,32,True,0.0,0.0
1818,21,33,True,0.0,0.0
1819,21,34,True,0.0,0.0
1820,21,35,True,0.0,0.0
1821,21,36,True,0.0,0.0
1822,21,37,True,0.0,0.0
1823,21,38,True,0.0,0.0
1824,21,39,True,0.0,0.0
1825,21,40,True,0.0,0.0
1826,21,41,True,0.0,0.0
1827,21,42,True,0.0,0.0
1828,21,43,True,0.0,0.0
1829,21,44,True,0.0,0.0
1830,21,45,True,0.0,0.0
1831,21,46,True,0.0,0.0
1832,21,47,True,0.0,0.0
1833,21,48,True,0.0,0.0
1834,21,49,True,0.19988784011546537,1.5091105569299437
1835,21,50,True,0.964563335342557,3.252966512644894
1836,21,51,True,0.8588695713346316,3.266334468556126
1837,21,52,True,0.9471758865146518,4.501474810192738
1838,21,53,True,0.9330708269401875,5.340399479600544
1839,21,54,True,0.9567308109981402,5.5993354556203165
1840,21,55,True,0.9527176235867919,4.527541041246576
1841,21,56,True,0.9967838867263985,7.258178231866276
1842,21,57,True,1.0,9.186298583533732
1843,21,58,True,1.0,7.040193366375371
1844,21,59,True,1.0,4.096672371908934
1845,21,60,True,0.9325273816389953,6.250518020176939
1846,21,61,True,0.7570667234748029,3.533377213591756
1847,21,62,True,0.6641195431027089,2.3193596876654086
1848,21,63,True,0.7464042550618103,4.012602527990232
1849,21,64,True,0.9576690420837043,3.473290081685067
1850,21,65,True,0.9983565548579558,6.733639302360928
1851,21,66,True,0.8975482679199518,6.212281900361076
1852,21,67,True,0.9388438635850833,4.464071578538663
1853,21,68,True,0.8879242864341524,4.820457722046559
1854,21,69,True,0.8450113622701101,4.792261402742785
1855,21,70,True,0.9037894109485674,3.6592474072327477
1856,21,71,True,0.9227776762761493,3.3502635098412443
1857,21,72,True,0.7504449214469199,2.3774762696558827
1858,21,73,True,0.35090567644307574,1.940679754665353
1859,21,74,True,0.030403199186731577,1.5192614709995877
1860,21,75,True,0.24368758585993558,2.1546327066230018
1861,21,76,True,0.03357136761611427,0.8892381768338989
1862,21,77,False,0.0816437262437329,1.0684854649188202
1863,21,78,False,0.0,0.0
1864,21,79,False,0.0,0.0
1865,21,80,False,0.0,0.0
1866,21,81,False,0.0,0.0
1867,21,82,False,0.0,0.0
1868,21,83,False,0.0,0.0
1869,21,84,False,0.0,0.0
1870,22,0,False,0.0,0.0
1871,22,1,False,0.0,0.0
1872,22,2,False,0.0,0.0
1873,22,3,False,0.0,0.0
1874,22,4,False,0.0,0.0
1875,22,5,False,0.0,0.0
1876,22,6,False,0.0,0.0
1877,22,7,False,0.0,0.0
1878,22,8,False,0.0,0.0
1879,22,9,False,0.0,0.0
1880,22,10,False,0.0,0.0
1881,22,11,False,0.0,0.0
1882,22,12,False,0.0,0.0
1883,22,13,False,0.0,0.0
1884,22,14,False,0.0,0.0
1885,22,15,False,0.0,0.0
1886,22,16,True,0.0,0.0
1887,22,17,True,0.0,0.0
1888,22,18,True,0.0,0.0
1889,22,19,True,0.0,0.0
1890,22,20,True,0.0,0.0
1891,22,21,True,0.0,0.0
1892,22,22,True,0.0,0.0
1893,22,23,True,0.0,0.0
1894,22,24,True,0.0,0.0
1895,22,25,True,0.0,0.0
1896,22,26,True,0.0,0.0
1897,22,27,True,0.0,0.0
1898,22,28,True,0.0,0.0
1899,22,29,True,0.0,0.0
1900,22,30,True,0.0,0.0
1901,22,31,True,0.0,0.0
1902,22,32,True,0.0,0.0
1903,22,33,True,0.0,0.0
1904,22,34,True,0.0,0.0
1905,22,35,True,0.0,0.0
1906,22,36,True,0.0,0.0
1907,22,37,True,0.0,0.0
1908,22,38,True,0.0,0.0
1909,22,39,True,0.0,0.0
1910,22,40,True,0.0,0.0
1911,22,41,True,0.0,0.0
1912,22,42,True,0.0,0.0
1913,22,43,True,0.0,0.0
1914,22,44,True,0.0,0.0
1915,22,45,True,0.0,0.0
1916,22,46,True,0.0,0.0
1917,22,47,True,0.0,0.0
1918,22,48,True,0.0,0.0
1919,22,49,True,0.0,0.0
1920,22,50,True,0.14099593246610043,2.9257952042622524
1921,22,51,True,0.6443721713200913,2.9032439538532633
1922,22,52,True,0.9716955888049249,2.961650262561378
1923,22,53,True,1.0,4.709484815642537
1924,22,54,True,1.0,6.2956193388611865
1925,22,55,True,0.9969574153881452,5.190965777166168
1926,22,56,True,0.9074783261684567,5.205941439048058
1927,22,57,True,1.0,7.4497894392324
1928,22,58,True,1.0,7.7214223834910785
1929,22,59,True,0.970810942860321,5.984760784483036
1930,22,60,True,0.7624966938914046,2.443611502143428
1931,22,61,True,0.9975473788153566,3.335461431440108
1932,22,62,True,1.0,4.114259943097261
1933,22,63,True,0.9769822292646803,4.097174497114707
1934,22,64,True,0.728523268592331,2.7273539256109656
1935,22,65,True,0.6785183344562703,3.447922507895726
1936,22,66,True,0.7950301787504628,3.868112824024817
1937,22,67,True,0.954318659306288,6.2773661771764875
1938,22,68,True,0.9274200976724254,6.980265740035552
1939,22,69,True,0.9483237760823663,3.93052841587692
1940,22,70,True,0.6581800027043171,2.842514948135951
1941,22,71,True,0.6406951157356787,3.081406252317489
1942,22,72,True,0.4653607197169254,2.593289161057828
1943,22,73,True,0.6112424837253219,2.531263137907361
1944,22,74,True,0.0889208316554778,2.243491264008478
1945,22,75,True,0.02655993530701896,1.6757641397560492
1946,22,76,True,0.0029553013295956845,4.5
1947,22,77,False,0.0,0.0
1948,22,78,False,0.0,0.0
1949,22,79,False,0.0,0.0
1950,22,80,False,0.0,0.0
1951,22,81,False,0.0,0.0
1952,22,82,False,0.0,0.0
1953,22,83,False,0.0,0.0
1954,22,84,False,0.0,0.0
1955,23,0,False,0.0,0.0
1956,23,1,False,0.0,0.0
1957,23,2,False,0.0,0.0
1958,23,3,False,0.0,0.0
1959,23,4,False,0.0,0.0
1960,23,5,False,0.0,0.0
1961,23,6,False,0.0,0.0
1962,23,7,False,0.0,0.0
1963,23,8,False,0.0,0.0
1964,23,9,False,0.0,0.0
1965,23,10,False,0.0,0.0
1966,23,11,False,0.0,0.0
1967,23,12,False,0.0,0.0
1968,23,13,False,0.0,0.0
1969,23,14,False,0.0,0.0
1970,23,15,False,0.0,0.0
1971,23,16,True,0.0,0.0
1972,23,17,True,0.0,0.0
1973,23,18,True,0.0,0.0
1974,23,19,True,0.0,0.0
1975,23,20,True,0.0,0.0
1976,23,21,True,0.0,0.0
1977,23,22,True,0.0,0.0
1978,23,23,True,0.0,0.0
1979,23,24,True,0.0,0.0
1980,23,25,True,0.0,0.0
1981,23,26,True,0.0,0.0
1982,23,27,True,0.0,0.0
1983,23,28,True,0.0,0.0
1984,23,29,True,0.0,0.0
1985,23,30,True,0.0,0.0
1986,23,31,True,0.0,0.0
1987,23,32,True,0.0,0.0
1988,23,33,True,0.0,0.0
1989,23,34,True,0.0,0.0
1990,23,35,True,0.0,0.0
1991,23,36,True,0.0,0.0
1992,23,37,True,0.0,0.0
1993,23,38,True,0.0,0.0
1994,23,39,True,0.0,0.0
1995,23,40,True,0.0,0.0
1996,23,41,True,0.0,0.0
1997,23,42,True,0.0,0.0
1998,23,43,True,0.0,0.0
1999,23,44,True,0.0,0.0
2000,23,45,True,0.0,0.0
2001,23,46,True,0.0,0.0
2002,23,47,True,0.0,0.0
2003,23,48,True,0.0,0.0
2004,23,49,True,0.0,0.0
2005,23,50,True,0.0,0.0
2006,23,51,True,0.0,0.0
2007,23,52,True,0.18502755417975456,1.7948628759768652
2008,23,53,True,0.8496737196456629,2.798022352081213
2009,23,54,True,0.9999999999999997,4.61657215738428
2010,23,55,True,1.0,4.177115086351633
2011,23,56,True,0.9790888247877385,6.020946127827942
2012,23,57,True,0.8698482217399456,5.123523931129407
2013,23,58,True,0.9867327206190473,7.441933235105226
2014,23,59,True,0.9006878881024564,5.4795410414944214
2015,23,60,True,0.9344364437224296,5.19883028873336
2016,23,61,True,0.9999999999999991,4.451838766974606
2017,23,62,True,0.9999999999999997,3.3121095158545506
2018,23,63,True,1.0,3.6062806045181572
2019,23,64,True,1.0,2.919527000478862
2020,23,65,True,0.9986365412407677,3.1737614959911014
2021,23,66,True,0.8631915520395284,2.69594024192141
2022,23,67,True,0.8079910058261124,1.757624156812098
2023,23,68,True,0.5767146838642102,3.51556046686908
2024,23,69,True,0.7575536854021894,4.183348181163356
2025,23,70,True,0.7410132292589456,3.732003248822258
2026,23,71,True,0.45542992493769197,2.2255274420803053
2027,23,72,True,0.33543637280097166,2.1467992693792417
2028,23,73,True,0.1834744771337163,2.6554678410391133
2029,23,74,True,0.16155184878823575,2.147921061016673
2030,23,75,True,0.0,0.0
2031,23,76,True,0.0,0.0
2032,23,77,True,0.0,0.0
2033,23,78,True,0.0,0.0
2034,23,79,False,0.0,0.0
2035,23,80,False,0.0,0.0
2036,23,81,False,0.0,0.0
2037,23,82,False,0.0,0.0
2038,23,83,False,0.0,0.0
2039,23,84,False,0.0,0.0
2040,24,0,False,0.0,0.0
2041,24,1,False,0.0,0.0
2042,24,2,False,0.0,0.0
2043,24,3,False,0.0,0.0
2044,24,4,False,0.0,0.0
2045,24,5,False,0.0,0.0
2046,24,6,False,0.0,0.0
2047,24,7,False,0.0,0.0
2048,24,8,False,0.0,0.0
2049,24,9,False,0.0,0.0
2050,24,10,False,0.0,0.0
2051,24,11,False,0.0,0.0
2052,24,12,False,0.0,0.0
2053,24,13,False,0.0,0.0
2054,24,14,False,0.0,0.0
2055,24,15,False,0.0,0.0
2056,24,16,True,0.0,0.0
2057,24,17,False,0.0,0.0
2058,24,18,True,0.0,0.0
2059,24,19,True,0.0,0.0
2060,24,20,True,0.0,0.0
2061,24,21,True,0.0,0.0
2062,24,22,True,0.0,0.0
2063,24,23,True,0.0,0.0
2064,24,24,True,0.0,0.0
2065,24,25,True,0.0,0.0
2066,24,26,True,0.0,0.0
2067,24,27,True,0.0,0.0
2068,24,28,True,0.0,0.0
2069,24,29,True,0.0,0.0
2070,24,30,True,0.0,0.0
2071,24,31,True,0.0,0.0
2072,24,32,True,0.0,0.0
2073,24,33,True,0.0,0.0
2074,24,34,True,0.0,0.0
2075,24,35,True,0.0,0.0
2076,24,36,True,0.0,0.0
2077,24,37,True,0.0,0.0
2078,24,38,True,0.0,0.0
2079,24,39,True,0.0,0.0
2080,24,40,True,0.0,0.0
2081,24,41,True,0.0,0.0
2082,24,42,True,0.0,0.0
2083,24,43,True,0.0,0.0
2084,24,44,True,0.0,0.0
2085,24,45,True,0.0,0.0
2086,24,46,True,0.0,0.0
2087,24,47,True,0.0,0.0
2088,24,48,True,0.0,0.0
2089,24,49,True,0.0,0.0
2090,24,50,True,0.0,0.0
2091,24,51,True,0.0,0.0
2092,24,52,True,0.0,0.0
2093,24,53,True,0.18953049708653946,1.5921487221848314
2094,24,54,True,1.0,3.685313586997467
2095,24,55,True,1.0,4.7467931283176865
2096,24,56,True,0.9999999999999994,6.952141361343495
2097,24,57,True,0.9590116153427428,5.883662331874011
2098,24,58,True,0.9320812140483559,5.505755024926802
2099,24,59,True,0.989516997908923,6.85597139157961
2100,24,60,True,1.0,7.256290374604004
2101,24,61,True,0.9999999999999999,3.5714758932342052
2102,24,62,True,0.9999999999999997,3.430866414538926
2103,24,63,True,0.9999999999999999,3.5
2104,24,64,True,0.9999999999999996,3.1636745336049894
2105,24,65,True,1.0,3.3081565851675685
2106,24,66,True,0.9999999999999996,3.3654162070992366
2107,24,67,True,0.9426194045751392,2.921798565848099
2108,24,68,True,0.989374429076861,2.233104631322479
2109,24,69,True,0.6799351126711565,2.058835954995709
2110,24,70,True,0.969920377359839,3.1642498693598666
2111,24,71,True,1.0,2.978851163420761
2112,24,72,True,0.6896797171003096,1.848531397712557
2113,24,73,True,0.030321291377743566,1.5000000000000002
2114,24,74,True,0.0,0.0
2115,24,75,True,0.0,0.0
2116,24,76,True,0.0,0.0
2117,24,77,True,0.0,0.0
2118,24,78,True,0.0,0.0
2119,24,79,False,0.0,0.0
2120,24,80,False,0.0,0.0
2121,24,81,False,0.0,0.0
2122,24,82,False,0.0,0.0
2123,24,83,False,0.0,0.0
2124,24,84,False,0.0,0.0
2125,25,0,False,0.0,0.0
2126,25,1,False,0.0,0.0
2127,25,2,False,0.0,0.0
2128,25,3,False,0.0,0.0
2129,25,4,False,0.0,0.0
2130,25,5,False,0.0,0.0
2131,25,6,False,0.0,0.0
2132,25,7,False,0.0,0.0
2133,25,8,False,0.0,0.0
2134,25,9,False,0.0,0.0
2135,25,10,False,0.0,0.0
2136,25,11,False,0.0,0.0
2137,25,12,False,0.0,0.0
2138,25,13,False,0.0,0.0
2139,25,14,False,0.0,0.0
2140,25,15,False,0.0,0.0
2141,25,16,False,0.0,0.0
2142,25,17,False,0.0,0.0
2143,25,18,True,0.0,0.0
2144,25,19,True,0.0,0.0
2145,25,20,True,0.0,0.0
2146,25,21,True,0.0,0.0
2147,25,22,True,0.0,0.0
2148,25,23,True,0.0,0.0
2149,25,24,True,0.0,0.0
2150,25,25,True,0.0,0.0
2151,25,26,True,0.0,0.0
2152,25,27,True,0.0,0.0
2153,25,28,True,0.0,0.0
2154,25,29,True,0.0,0.0
2155,25,30,True,0.0,0.0
2156,25,31,True,0.0,0.0
2157,25,32,True,0.0,0.0
2158,25,33,True,0.0,0.0
2159,25,34,True,0.0,0.0
2160,25,35,True,0.0,0.0
2161,25,36,True,0.0,0.0
2162,25,37,True,0.0,0.0
2163,25,38,True,0.0,0.0
2164,25,39,True,0.0,0.0
2165,25,40,True,0.0,0.0
2166,25,41,True,0.0,0.0
2167,25,42,True,0.0,0.0
2168,25,43,True,0.0,0.0
2169,25,44,True,0.0,0.0
2170,25,45,True,0.0,0.0
2171,25,46,True,0.0,0.0
2172,25,47,True,0.0,0.0
2173,25,48,True,0.0,0.0
2174,25,49,True,0.0,0.0
2175,25,50,True,0.0,0.0
2176,25,51,True,0.0,0.0
2177,25,52,True,0.0,0.0
2178,25,53,True,0.10156901450790268,1.5925895970024924
2179,25,54,True,0.9999999999999992,3.8236681809988706
2180,25,55,True,0.9999999999999997,6.054001998588236
2181,25,56,True,1.0,8.37095938501208
2182,25,57,True,0.9999999999999999,8.063492347859755
2183,25,58,True,0.9999999999999999,7.403166455234435
2184,25,59,True,0.9999999999999996,7.069546935846871
2185,25,60,True,1.0,7.391553813593101
2186,25,61,True,0.9999999999999999,5.329611510849133
2187,25,62,True,1.0,4.59929483960093
2188,25,63,True,1.0,3.5538688259195803
2189,25,64,True,1.0,3.396597376210735
2190,25,65,True,0.9999999999999997,3.0652229190583054
2191,25,66,True,1.0,3.2389263601564955
2192,25,67,True,0.9999999999999999,2.935408493500378
2193,25,68,True,0.9951301432096397,2.8856302212917475
2194,25,69,True,0.9999999999999999,4.149274835861737
2195,25,70,True,1.0,4.207131627919778
2196,25,71,True,0.5863132037769367,2.8676890846654146
2197,25,72,True,0.015122864746625756,1.5790210844441661
2198,25,73,True,0.0,0.0
2199,25,74,True,0.0,0.0
2200,25,75,True,0.0,0.0
2201,25,76,True,0.0,0.0
2202,25,77,True,0.0,0.0
2203,25,78,True,0.0,0.0
2204,25,79,False,0.0,0.0
2205,25,80,True,0.0,0.0
2206,25,81,True,0.0,0.0
2207,25,82,False,0.0,0.0
2208,25,83,False,0.0,0.0
2209,25,84,False,0.0,0.0
2210,26,0,False,0.0,0.0
2211,26,1,False,0.0,0.0
2212,26,2,False,0.0,0.0
2213,26,3,False,0.0,0.0
2214,26,4,False,0.0,0.0
2215,26,5,False,0.0,0.0
2216,26,6,False,0.0,0.0
2217,26,7,False,0.0,0.0
2218,26,8,False,0.0,0.0
2219,26,9,False,0.0,0.0
2220,26,10,False,0.0,0.0
2221,26,11,False,0.0,0.0
2222,26,12,False,0.0,0.0
2223,26,13,False,0.0,0.0
2224,26,14,False,0.0,0.0
2225,26,15,False,0.0,0.0
2226,26,16,False,0.0,0.0
2227,26,17,False,0.0,0.0
2228,26,18,True,0.0,0.0
2229,26,19,True,0.0,0.0
2230,26,20,True,0.0,0.0
2231,26,21,True,0.0,0.0
2232,26,22,True,0.0,0.0
2233,26,23,True,0.0,0.0
2234,26,24,True,0.0,0.0
2235,26,25,True,0.0,0.0
2236,26,26,True,0.0,0.0
2237,26,27,True,0.0,0.0
2238,26,28,True,0.0,0.0
2239,26,29,True,0.0,0.0
2240,26,30,True,0.0,0.0
2241,26,31,True,0.0,0.0
2242,26,32,True,0.0,0.0
2243,26,33,True,0.0,0.0
2244,26,34,True,0.0,0.0
2245,26,35,True,0.0,0.0
2246,26,36,True,0.0,0.0
2247,26,37,True,0.0,0.0
2248,26,38,True,0.0,0.0
2249,26,39,True,0.0,0.0
2250,26,40,True,0.0,0.0
2251,26,41,True,0.0,0.0
2252,26,42,True,0.0,0.0
2253,26,43,True,0.0,0.0
2254,26,44,True,0.0,0.0
2255,26,45,True,0.0,0.0
2256,26,46,True,0.0,0.0
2257,26,47,True,0.0,0.0
2258,26,48,True,0.0,0.0
2259,26,49,True,0.0,0.0
2260,26,50,True,0.0,0.0
2261,26,51,True,0.0,0.0
2262,26,52,True,0.0,0.0
2263,26,53,True,0.03913291200174987,2.237079353696875
2264,26,54,True,0.9426339719550073,3.2499259877484166
2265,26,55,True,1.0,8.71072001985357
2266,26,56,True,0.9999999999999999,12.901373720072273
2267,26,57,True,1.0,12.919959902310806
2268,26,58,True,0.9999999999999999,12.68892091787506
2269,26,59,True,1.0,8.881273437890686
2270,26,60,True,0.9999999999999997,8.416802709568604
2271,26,61,True,0.9999999999999999,8.565023554985382
2272,26,62,True,1.0,6.940423068121131
2273,26,63,True,0.9999999999999994,4.252541988233632
2274,26,64,True,0.9999999999999999,4.182335875567945
2275,26,65,True,0.9999999999999999,3.360235810279908
2276,26,66,True,0.9999999999999999,3.1339736435865015
2277,26,67,True,0.9999999999999994,2.4950973993829066
2278,26,68,True,1.0,2.8063777528746
2279,26,69,True,0.7890113240032587,3.976913701451982
2280,26,70,True,0.2676031881981926,3.903266703282599
2281,26,71,True,4.9272148738218855e-06,1.5
2282,26,72,True,0.0,0.0
2283,26,73,True,0.0,0.0
2284,26,74,True,0.0,0.0
2285,26,75,True,0.0,0.0
2286,26,76,True,0.0,0.0
2287,26,77,True,0.0,0.0
2288,26,78,True,0.0,0.0
2289,26,79,True,0.0,0.0
2290,26,80,True,0.0,0.0
2291,26,81,True,0.0,0.0
2292,26,82,True,0.0,0.0
2293,26,83,True,0.0,0.0
2294,26,84,False,0.0,0.0
2295,27,0,False,0.0,0.0
2296,27,1,False,0.0,0.0
2297,27,2,False,0.0,0.0
2298,27,3,False,0.0,0.0
2299,27,4,False,0.0,0.0
2300,27,5,False,0.0,0.0
2301,27,6,False,0.0,0.0
2302,27,7,False,0.0,0.0
2303,27,8,False,0.0,0.0
2304,27,9,False,0.0,0.0
2305,27,10,False,0.0,0.0
2306,27,11,False,0.0,0.0
2307,27,12,False,0.0,0.0
2308,27,13,False,0.0,0.0
2309,27,14,False,0.0,0.0
2310,27,15,False,0.0,0.0
2311,27,16,False,0.0,0.0
2312,27,17,True,0.0,0.0
2313,27,18,True,0.0,0.0
2314,27,19,True,0.0,0.0
2315,27,20,True,0.0,0.0
2316,27,21,True,0.0,0.0
2317,27,22,True,0.0,0.0
2318,27,23,True,0.0,0.0
2319,27,24,True,0.0,0.0
2320,27,25,True,0.0,0.0
2321,27,26,True,0.0,0.0
2322,27,27,True,0.0,0.0
2323,27,28,True,0.0,0.0
2324,27,29,True,0.0,0.0
2325,27,30,True,0.0,0.0
2326,27,31,True,0.0,0.0
2327,27,32,True,0.0,0.0
2328,27,33,True,0.0,0.0
2329,27,34,True,0.0,0.0
2330,27,35,True,0.0,0.0
2331,27,36,True,0.0,0.0
2332,27,37,True,0.0,0.0
2333,27,38,True,0.0,0.0
2334,27,39,True,0.0,0.0
2335,27,40,True,0.0,0.0
2336,27,41,True,0.0,0.0
2337,27,42,True,0.0,0.0
2338,27,43,True,0.0,0.0
2339,27,44,True,0.0,0.0
2340,27,45,True,0.0,0.0
2341,27,46,True,0.0,0.0
2342,27,47,True,0.0,0.0
2343,27,48,True,0.0,0.0
2344,27,49,True,0.0,0.0
2345,27,50,True,0.0,0.0
2346,27,51,True,0.0,0.0
2347,27,52,True,0.0,0.0
2348,27,53,True,0.0,0.0
2349,27,54,True,0.4204105935972957,2.2874302727411933
2350,27,55,True,0.9890851218714236,7.904972273102342
2351,27,56,True,1.0,13.210657682022033
2352,27,57,True,1.0,13.31821850155247
2353,27,58,True,1.0,12.326105585820345
2354,27,59,True,1.0,9.157479413889396
2355,27,60,True,1.0,8.927230810770757
2356,27,61,True,0.9999999999999999,9.056488567890593
2357,27,62,True,0.9999999999999997,8.277887843892037
2358,27,63,True,0.9999999999999996,7.630339523946941
2359,27,64,True,0.9999999999999997,7.089782643976629
2360,27,65,True,1.0,4.303470196598081
2361,27,66,True,1.0,3.7263882337253302
2362,27,67,True,0.9983567382125191,3.204489112286292
2363,27,68,True,0.5255819807307222,2.441677354958859
2364,27,69,True,0.005520620039885308,1.5929518390466644
2365,27,70,True,0.0,0.0
2366,27,71,True,0.0,0.0
2367,27,72,True,0.0,0.0
2368,27,73,True,0.0,0.0
2369,27,74,True,0.0,0.0
2370,27,75,True,0.0,0.0
2371,27,76,True,0.0,0.0
2372,27,77,True,0.0,0.0
2373,27,78,True,0.0,0.0
2374,27,79,True,0.0,0.0
2375,27,80,True,0.0,0.0
2376,27,81,True,0.0,0.0
2377,27,82,True,0.0,0.0
2378,27,83,True,0.0,0.0
2379,27,84,False,0.0,0.0
2380,28,0,False,0.0,0.0
2381,28,1,False,0.0,0.0
2382,28,2,False,0.0,0.0
2383,28,3,False,0.0,0.0
2384,28,4,False,0.0,0.0
2385,28,5,False,0.0,0.0
2386,28,6,False,0.0,0.0
2387,28,7,False,0.0,0.0
2388,28,8,False,0.0,0.0
2389,28,9,False,0.0,0.0
2390,28,10,False,0.0,0.0
2391,28,11,False,0.0,0.0
2392,28,12,False,0.0,0.0
2393,28,13,False,0.0,0.0
2394,28,14,False,0.0,0.0
2395,28,15,False,0.0,0.0
2396,28,16,False,0.0,0.0
2397,28,17,False,0.0,0.0
2398,28,18,True,0.0,0.0
2399,28,19,True,0.0,0.0
2400,28,20,True,0.0,0.0
2401,28,21,True,0.0,0.0
2402,28,22,True,0.0,0.0
2403,28,23,True,0.0,0.0
2404,28,24,True,0.0,0.0
2405,28,25,True,0.0,0.0
2406,28,26,True,0.0,0.0
2407,28,27,True,0.0,0.0
2408,28,28,True,0.0,0.0
2409,28,29,True,0.0,0.0
2410,28,30,True,0.0,0.0
2411,28,31,True,0.0,0.0
2412,28,32,True,0.20021232263256208,2.0238006219329447
2413,28,33,True,0.4582683767107534,3.1273655995506386
2414,28,34,True,0.23650289837896946,2.6405657193308487
2415,28,35,True,0.0,0.0
2416,28,36,True,0.0,0.0
2417,28,37,True,0.0,0.0
2418,28,38,True,0.0,0.0
2419,28,39,True,0.0,0.0
2420,28,40,True,0.0,0.0
2421,28,41,True,0.0,0.0
2422,28,42,True,0.0,0.0
2423,28,43,True,0.0,0.0
2424,28,44,True,0.0,0.0
2425,28,45,True,0.0,0.0
2426,28,46,True,0.0,0.0
2427,28,47,True,0.0,0.0
2428,28,48,True,0.0,0.0
2429,28,49,True,0.0,0.0
2430,28,50,True,0.0,0.0
2431,28,51,True,0.0,0.0
2432,28,52,True,0.0,0.0
2433,28,53,True,0.0,0.0
2434,28,54,True,0.0,0.0
2435,28,55,True,0.6866784569770327,5.985579161208733
2436,28,56,True,0.9999999999999994,11.828087268151489
2437,28,57,True,1.0,10.766817262773223
2438,28,58,True,1.0,8.746724727219284
2439,28,59,True,1.0,6.106203250052875
2440,28,60,True,0.9999999999999997,5.871004688866622
2441,28,61,True,0.9999999999999999,6.02540348665846
2442,28,62,True,0.9999999999999999,6.971043126396073
2443,28,63,True,1.0,7.660037759107939
2444,28,64,True,1.0,6.616195819874759
2445,28,65,True,1.0,3.8612273864146602
2446,28,66,True,1.0,4.137558650518786
2447,28,67,True,1.0,3.4767511574484935
2448,28,68,True,0.9608356599899865,2.226939959162485
2449,28,69,True,0.32285648583807225,2.161550574015922
2450,28,70,True,0.0,0.0
2451,28,71,True,0.0,0.0
2452,28,72,True,0.0,0.0
2453,28,73,True,0.0,0.0
2454,28,74,True,0.0,0.0
2455,28,75,True,0.0,0.0
2456,28,76,True,0.0,0.0
2457,28,77,True,0.0,0.0
2458,28,78,True,0.0,0.0
2459,28,79,True,0.0,0.0
2460,28,80,True,0.0,0.0
2461,28,81,True,0.0,0.0
2462,28,82,True,0.0,0.0
2463,28,83,False,0.0,0.0
2464,28,84,False,0.0,0.0
2465,29,0,False,0.0,0.0
2466,29,1,False,0.0,0.0
2467,29,2,False,0.0,0.0
2468,29,3,False,0.0,0.0
2469,29,4,False,0.0,0.0
2470,29,5,False,0.0,0.0
2471,29,6,False,0.0,0.0
2472,29,7,False,0.0,0.0
2473,29,8,False,0.0,0.0
2474,29,9,False,0.0,0.0
2475,29,10,False,0.0,0.0
2476,29,11,False,0.0,0.0
2477,29,12,False,0.0,0.0
2478,29,13,False,0.0,0.0
2479,29,14,True,0.0,0.0
2480,29,15,False,0.0,0.0
2481,29,16,False,0.0,0.0
2482,29,17,False,0.0,0.0
2483,29,18,True,0.0,0.0
2484,29,19,True,0.0,0.0
2485,29,20,True,0.0,0.0
2486,29,21,True,0.0,0.0
2487,29,22,True,0.0,0.0
2488,29,23,True,0.0,0.0
2489,29,24,True,0.0,0.0
2490,29,25,True,0.0,0.0
2491,29,26,True,0.0,0.0
2492,29,27,True,0.0,0.0
2493,29,28,True,0.0,0.0
2494,29,29,True,0.0,0.0
2495,29,30,True,0.0,0.0
2496,29,31,True,0.0,0.0
2497,29,32,True,0.2169207403241379,2.079557102756558
2498,29,33,True,0.5617283530818872,2.6160670775025086
2499,29,34,True,0.8297395679912598,3.8021374800101215
2500,29,35,True,0.48418766543837033,2.082223542474763
2501,29,36,True,0.0939634798160176,1.0874455963634146
2502,29,37,True,0.0,0.0
2503,29,38,True,0.0,0.0
2504,29,39,True,0.0,0.0
2505,29,40,True,0.0,0.0
2506,29,41,True,0.0,0.0
2507,29,42,True,0.0,0.0
2508,29,43,True,0.0,0.0
2509,29,44,True,0.0,0.0
2510,29,45,True,0.0,0.0
2511,29,46,True,0.0,0.0
2512,29,47,True,0.0,0.0
2513,29,48,True,0.0,0.0
2514,29,49,True,0.0,0.0
2515,29,50,True,0.0,0.0
2516,29,51,True,0.0,0.0
2517,29,52,True,0.0,0.0
2518,29,53,True,0.0,0.0
2519,29,54,True,0.0,0.0
2520,29,55,True,0.2269712505439176,4.96475284359108
2521,29,56,True,0.3093456066026421,4.717685639630351
2522,29,57,True,0.5059352675603617,3.4812165993826776
2523,29,58,True,0.914972220633711,2.9567617123616925
2524,29,59,True,1.0,3.7084546860911742
2525,29,60,True,1.0,5.3638978329541676
2526,29,61,True,1.0,4.243001951602294
2527,29,62,True,1.0,5.536652788871536
2528,29,63,True,1.0,8.585964596052884
2529,29,64,True,1.0,7.663436129928655
2530,29,65,True,1.0,4.133822868835304
2531,29,66,True,0.9986005364616224,3.700128393085189
2532,29,67,True,0.8903481695095721,3.056327383359039
2533,29,68,True,1.0,3.4154379021990784
2534,29,69,True,0.9936909435053591,2.9581638327416626
2535,29,70,True,0.7462438327891001,2.4881947606991694
2536,29,71,True,0.2651396691489286,1.525492681925666
2537,29,72,True,0.08650000900901565,1.5
2538,29,73,True,0.0,0.0
2539,29,74,True,0.0,0.0
2540,29,75,True,0.0,0.0
2541,29,76,True,0.0,0.0
2542,29,77,True,0.0,0.0
2543,29,78,True,0.0,0.0
2544,29,79,True,0.0,0.0
2545,29,80,True,0.0,0.0
2546,29,81,True,0.0,0.0
2547,29,82,True,0.0,0.0
2548,29,83,False,0.0,0.0
2549,29,84,False,0.0,0.0
2550,30,0,False,0.0,0.0
2551,30,1,False,0.0,0.0
2552,30,2,False,0.0,0.0
2553,30,3,False,0.0,0.0
2554,30,4,False,0.0,0.0
2555,30,5,False,0.0,0.0
2556,30,6,False,0.0,0.0
2557,30,7,False,0.0,0.0
2558,30,8,False,0.0,0.0
2559,30,9,False,0.0,0.0
2560,30,10,False,0.0,0.0
2561,30,11,False,0.0,0.0
2562,30,12,False,0.0,0.0
2563,30,13,True,0.0,0.0
2564,30,14,True,0.0,0.0
2565,30,15,False,0.0,0.0
2566,30,16,False,0.0,0.0
2567,30,17,False,0.0,0.0
2568,30,18,True,0.0,0.0
2569,30,19,True,0.0,0.0
2570,30,20,True,0.0,0.0
2571,30,21,True,0.0,0.0
2572,30,22,True,0.0,0.0
2573,30,23,True,0.0,0.0
2574,30,24,True,0.0,0.0
2575,30,25,True,0.0,0.0
2576,30,26,True,0.0,0.0
2577,30,27,True,0.0,0.0
2578,30,28,True,0.0,0.0
2579,30,29,True,0.0,0.0
2580,30,30,True,0.0,0.0
2581,30,31,True,0.0,0.0
2582,30,32,True,0.0,0.0
2583,30,33,True,0.0,0.0
2584,30,34,True,0.0,0.0
2585,30,35,True,0.10335343600050198,2.218654875385531
2586,30,36,True,0.06229766959955135,0.9911892746953931
2587,30,37,True,0.0,0.0
2588,30,38,True,0.0,0.0
2589,30,39,True,0.0,0.0
2590,30,40,True,0.0,0.0
2591,30,41,True,0.0,0.0
2592,30,42,True,0.0,0.0
2593,30,43,True,0.0,0.0
2594,30,44,True,0.0,0.0
2595,30,45,True,0.0,0.0
2596,30,46,True,0.0,0.0
2597,30,47,True,0.0,0.0
2598,30,48,True,0.0,0.0
2599,30,49,True,0.0,0.0
2600,30,50,True,0.0,0.0
2601,30,51,True,0.0,0.0
2602,30,52,True,0.0,0.0
2603,30,53,True,0.0,0.0
2604,30,54,True,0.0,0.0
2605,30,55,True,0.0,0.0
2606,30,56,True,0.0,0.0
2607,30,57,True,0.0,0.0
2608,30,58,True,0.028365612614369873,1.5
2609,30,59,True,0.4336041594283396,1.8516846165665615
2610,30,60,True,0.5665041326876994,2.7293384965109566
2611,30,61,True,0.9382690910472029,3.944579457423236
2612,30,62,True,1.0,5.330764958200603
2613,30,63,True,0.9999999999999999,8.406280198788055
2614,30,64,True,1.0,7.858238017243698
2615,30,65,True,1.0,8.02058734649028
2616,30,66,True,1.0,6.654792074219376
2617,30,67,True,0.7402921743914059,2.148206627051778
2618,30,68,True,0.5816334201608694,2.090282893780487
2619,30,69,True,0.6988396738659062,1.9321921341713435
2620,30,70,True,0.7723937374404997,1.5654964465435246
2621,30,71,True,0.7345504944191763,1.7432409780971994
2622,30,72,True,0.056371193050493915,1.5000000000000002
2623,30,73,True,0.0,0.0
2624,30,74,True,0.0,0.0
2625,30,75,True,0.0,0.0
2626,30,76,True,0.0,0.0
2627,30,77,True,0.0,0.0
2628,30,78,True,0.0,0.0
2629,30,79,True,0.0,0.0
2630,30,80,True,0.0,0.0
2631,30,81,True,0.0,0.0
2632,30,82,True,0.0,0.0
2633,30,83,False,0.0,0.0
2634,30,84,False,0.0,0.0
2635,31,0,False,0.0,0.0
2636,31,1,False,0.0,0.0
2637,31,2,False,0.0,0.0
2638,31,3,False,0.0,0.0
2639,31,4,False,0.0,0.0
2640,31,5,False,0.0,0.0
2641,31,6,False,0.0,0.0
2642,31,7,False,0.0,0.0
2643,31,8,False,0.0,0.0
2644,31,9,False,0.0,0.0
2645,31,10,False,0.0,0.0
2646,31,11,False,0.0,0.0
2647,31,12,True,0.0,0.0
2648,31,13,True,0.0,0.0
2649,31,14,True,0.0,0.0
2650,31,15,True,0.0,0.0
2651,31,16,True,0.0,0.0
2652,31,17,True,0.0,0.0
2653,31,18,True,0.0,0.0
2654,31,19,True,0.0,0.0
2655,31,20,True,0.0,0.0
2656,31,21,True,0.0,0.0
2657,31,22,True,0.0,0.0
2658,31,23,True,0.0,0.0
2659,31,24,True,0.0,0.0
2660,31,25,True,0.0,0.0
2661,31,26,True,0.0,0.0
2662,31,27,True,0.0,0.0
2663,31,28,True,0.0,0.0
2664,31,29,True,0.0,0.0
2665,31,30,True,0.0,0.0
2666,31,31,True,0.0,0.0
2667,31,32,True,0.0,0.0
2668,31,33,True,0.0,0.0
2669,31,34,True,0.0,0.0
2670,31,35,True,0.0,0.0
2671,31,36,True,0.0,0.0
2672,31,37,True,0.0,0.0
2673,31,38,True,0.0,0.0
2674,31,39,True,0.0,0.0
2675,31,40,True,0.0,0.0
2676,31,41,True,0.0,0.0
2677,31,42,True,0.0,0.0
2678,31,43,True,0.0,0.0
2679,31,44,True,0.0,0.0
2680,31,45,True,0.0,0.0
2681,31,46,True,0.0,0.0
2682,31,47,True,0.0,0.0
2683,31,48,True,0.0,0.0
2684,31,49,True,0.0,0.0
2685,31,50,True,0.0,0.0
2686,31,51,True,0.0,0.0
2687,31,52,True,0.0,0.0
2688,31,53,True,0.0,0.0
2689,31,54,True,0.0,0.0
2690,31,55,True,0.0,0.0
2691,31,56,True,0.0,0.0
2692,31,57,True,0.0,0.0
2693,31,58,True,0.0,0.0
2694,31,59,True,0.0,0.0
2695,31,60,True,0.0,0.0
2696,31,61,True,0.34341931858109387,3.5223060307496876
2697,31,62,True,0.30351115499146225,3.7749849887495928
2698,31,63,True,0.6071443380844646,6.135007703746462
2699,31,64,True,0.9975948686072766,7.856318393557302
2700,31,65,True,0.9999999999999994,8.15434704219932
2701,31,66,True,1.0,7.364526060253744
2702,31,67,True,0.9999999999999997,5.420658102930248
2703,31,68,True,1.0,3.7782554565592927
2704,31,69,True,0.9999999999999997,4.154547484077698
2705,31,70,True,0.9938220279065938,3.2442948452369342
2706,31,71,True,0.5995040249869459,2.3962392373072947
2707,31,72,True,0.0,0.0
2708,31,73,True,0.0,0.0
2709,31,74,True,0.0,0.0
2710,31,75,True,0.0,0.0
2711,31,76,True,0.0,0.0
2712,31,77,True,0.0,0.0
2713,31,78,True,0.0,0.0
2714,31,79,True,0.0,0.0
2715,31,80,True,0.0,0.0
2716,31,81,True,0.0,0.0
2717,31,82,True,0.0,0.0
2718,31,83,False,0.0,0.0
2719,31,84,False,0.0,0.0
2720,32,0,False,0.0,0.0
2721,32,1,False,0.0,0.0
2722,32,2,False,0.0,0.0
2723,32,3,False,0.0,0.0
2724,32,4,False,0.0,0.0
2725,32,5,False,0.0,0.0
2726,32,6,False,0.0,0.0
2727,32,7,False,0.0,0.0
2728,32,8,False,0.0,0.0
2729,32,9,False,0.0,0.0
2730,32,10,True,0.0,0.0
2731,32,11,True,0.0,0.0
2732,32,12,True,0.0,0.0
2733,32,13,True,0.0,0.0
2734,32,14,True,0.0,0.0
2735,32,15,True,0.0,0.0
2736,32,16,True,0.0,0.0
2737,32,17,True,0.0,0.0
2738,32,18,True,0.0,0.0
2739,32,19,True,0.0,0.0
2740,32,20,True,0.0,0.0
2741,32,21,True,0.0,0.0
2742,32,22,True,0.0,0.0
2743,32,23,True,0.0,0.0
2744,32,24,True,0.0,0.0
2745,32,25,True,0.0,0.0
2746,32,26,True,0.0,0.0
2747,32,27,True,0.0,0.0
2748,32,28,True,0.0,0.0
2749,32,29,True,0.0,0.0
2750,32,30,True,0.0,0.0
2751,32,31,True,0.0,0.0
2752,32,32,True,0.0,0.0
2753,32,33,True,0.0,0.0
2754,32,34,True,0.0,0.0
2755,32,35,True,0.0,0.0
2756,32,36,True,0.0,0.0
2757,32,37,True,0.0,0.0
2758,32,38,True,0.0,0.0
2759,32,39,True,0.0,0.0
2760,32,40,True,0.0,0.0
2761,32,41,True,0.0,0.0
2762,32,42,True,0.0,0.0
2763,32,43,True,0.0,0.0
2764,32,44,True,0.0,0.0
2765,32,45,True,0.0,0.0
2766,32,46,True,0.0,0.0
2767,32,47,True,0.0,0.0
2768,32,48,True,0.0,0.0
2769,32,49,True,0.0,0.0
2770,32,50,True,0.0,0.0
2771,32,51,True,0.0,0.0
2772,32,52,True,0.0,0.0
2773,32,53,True,0.0,0.0
2774,32,54,True,0.0,0.0
2775,32,55,True,0.0,0.0
2776,32,56,True,0.0,0.0
2777,32,57,True,0.0,0.0
2778,32,58,True,0.0,0.0
2779,32,59,True,0.0,0.0
2780,32,60,True,0.0,0.0
2781,32,61,True,0.0,0.0
2782,32,62,True,0.0,0.0
2783,32,63,True,0.0,0.0
2784,32,64,True,0.20719570503591606,4.992425183820583
2785,32,65,True,0.6490948155123912,6.364993660200486
2786,32,66,True,0.9979480916946535,7.575138075145348
2787,32,67,True,1.0,6.498008583489215
2788,32,68,True,0.9999999999999997,6.683683661389852
2789,32,69,True,0.9999999999999999,5.668566905548691
2790,32,70,True,1.0,3.6872716535531467
2791,32,71,True,0.9437655040636682,3.128010563489858
2792,32,72,True,0.7323489667228068,4.121329311357196
2793,32,73,True,0.6636993418473037,3.664245867809572
2794,32,74,True,0.20447790582738196,1.8903327206455196
2795,32,75,True,0.31255918827365725,2.682034114719395
2796,32,76,True,0.23360634756888946,1.7855680223147492
2797,32,77,True,0.3752150193001597,2.0536676277074983
2798,32,78,True,0.25715881491941467,1.9427991246568954
2799,32,79,True,0.0,0.0
2800,32,80,True,0.0,0.0
2801,32,81,True,0.0,0.0
2802,32,82,False,0.0,0.0
2803,32,83,False,0.0,0.0
2804,32,84,False,0.0,0.0
2805,33,0,False,0.0,0.0
2806,33,1,False,0.0,0.0
2807,33,2,False,0.0,0.0
2808,33,3,False,0.0,0.0
2809,33,4,False,0.0,0.0
2810,33,5,False,0.0,0.0
2811,33,6,False,0.0,0.0
2812,33,7,False,0.0,0.0
2813,33,8,False,0.0,0.0
2814,33,9,True,0.0,0.0
2815,33,10,True,0.0,0.0
2816,33,11,True,0.0,0.0
2817,33,12,True,0.0,0.0
2818,33,13,True,0.0,0.0
2819,33,14,True,0.0,0.0
2820,33,15,True,0.0,0.0
2821,33,16,True,0.0,0.0
2822,33,17,True,0.0,0.0
2823,33,18,True,0.0,0.0
2824,33,19,True,0.0,0.0
2825,33,20,True,0.0,0.0
2826,33,21,True,0.0,0.0
2827,33,22,True,0.0,0.0
2828,33,23,True,0.0,0.0
2829,33,24,True,0.0,0.0
2830,33,25,True,0.0,0.0
2831,33,26,True,0.0,0.0
2832,33,27,True,0.0,0.0
2833,33,28,True,0.0,0.0
2834,33,29,True,0.0,0.0
2835,33,30,True,0.0,0.0
2836,33,31,True,0.0,0.0
2837,33,32,True,0.0,0.0
2838,33,33,True,0.0,0.0
2839,33,34,True,0.0,0.0
2840,33,35,True,0.0,0.0
2841,33,36,True,0.0,0.0
2842,33,37,True,0.0,0.0
2843,33,38,True,0.0,0.0
2844,33,39,True,0.0,0.0
2845,33,40,True,0.0,0.0
2846,33,41,True,0.0,0.0
2847,33,42,True,0.0,0.0
2848,33,43,True,0.0,0.0
2849,33,44,True,0.0,0.0
2850,33,45,True,0.0,0.0
2851,33,46,True,0.0,0.0
2852,33,47,True,0.0,0.0
2853,33,48,True,0.0,0.0
2854,33,49,True,0.0,0.0
2855,33,50,True,0.0,0.0
2856,33,51,True,0.0,0.0
2857,33,52,True,0.0,0.0
2858,33,53,True,0.0,0.0
2859,33,54,True,0.0,0.0
2860,33,55,True,0.0,0.0
2861,33,56,True,0.0,0.0
2862,33,57,True,0.0,0.0
2863,33,58,True,0.0,0.0
2864,33,59,True,0.0,0.0
2865,33,60,True,0.0,0.0
2866,33,61,True,0.0,0.0
2867,33,62,True,0.0,0.0
2868,33,63,True,0.0,0.0
2869,33,64,True,0.0,0.0
2870,33,65,True,0.0,0.0
2871,33,66,True,0.367685335033557,6.716100768621219
2872,33,67,True,0.9476646247850504,6.831682255363071
2873,33,68,True,1.0,6.134930979298704
2874,33,69,True,1.0,5.740228224493909
2875,33,70,True,0.9999999999999997,4.328017653648451
2876,33,71,True,0.9999999999999999,4.255997264199303
2877,33,72,True,1.0,4.298742121483617
2878,33,73,True,0.8912653004860493,2.6438757506295247
2879,33,74,True,0.9999999999999994,3.456079661558744
2880,33,75,True,1.0,3.270062150550907
2881,33,76,True,0.999810545443078,2.8386571210779086
2882,33,77,True,0.9999999999999997,3.119794237883895
2883,33,78,True,0.9700304088006866,2.592694971273047
2884,33,79,True,0.022527000419210012,1.5
2885,33,80,False,0.0,0.0
2886,33,81,False,0.0,0.0
2887,33,82,False,0.0,0.0
2888,33,83,False,0.0,0.0
2889,33,84,False,0.0,0.0
2890,34,0,False,0.0,0.0
2891,34,1,False,0.0,0.0
2892,34,2,False,0.0,0.0
2893,34,3,False,0.0,0.0
2894,34,4,False,0.0,0.0
2895,34,5,True,0.0,0.0
2896,34,6,True,0.0,0.0
2897,34,7,True,0.0,0.0
2898,34,8,True,0.0,0.0
2899,34,9,True,0.0,0.0
2900,34,10,True,0.0,0.0
2901,34,11,True,0.0,0.0
2902,34,12,True,0.0,0.0
2903,34,13,True,0.0,0.0
2904,34,14,True,0.0,0.0
2905,34,15,True,0.0,0.0
2906,34,16,True,0.0,0.0
2907,34,17,True,0.0,0.0
2908,34,18,True,0.0,0.0
2909,34,19,True,0.0,0.0
2910,34,20,True,0.0,0.0
2911,34,21,True,0.0,0.0
2912,34,22,True,0.0,0.0
2913,34,23,True,0.0,0.0
2914,34,24,True,0.0,0.0
2915,34,25,True,0.0,0.0
2916,34,26,True,0.0,0.0
2917,34,27,True,0.0,0.0
2918,34,28,True,0.0,0.0
2919,34,29,True,0.0,0.0
2920,34,30,True,0.0,0.0
2921,34,31,True,0.0,0.0
2922,34,32,True,0.0,0.0
2923,34,33,True,0.0,0.0
2924,34,34,True,0.0,0.0
2925,34,35,True,0.0,0.0
2926,34,36,True,0.0,0.0
2927,34,37,True,0.0,0.0
2928,34,38,True,0.0,0.0
2929,34,39,True,0.0,0.0
2930,34,40,True,0.0,0.0
2931,34,41,True,0.0,0.0
2932,34,42,True,0.0,0.0
2933,34,43,True,0.0,0.0
2934,34,44,True,0.0,0.0
2935,34,45,True,0.0,0.0
2936,34,46,True,0.0,0.0
2937,34,47,True,0.0,0.0
2938,34,48,True,0.0,0.0
2939,34,49,True,0.0,0.0
2940,34,50,True,0.0,0.0
2941,34,51,True,0.0,0.0
2942,34,52,True,0.0,0.0
2943,34,53,True,0.0,0.0
2944,34,54,True,0.0,0.0
2945,34,55,True,0.0,0.0
2946,34,56,True,0.0,0.0
2947,34,57,True,0.0,0.0
2948,34,58,True,0.0,0.0
2949,34,59,True,0.0,0.0
2950,34,60,True,0.0,0.0
2951,34,61,True,0.0,0.0
2952,34,62,True,0.0,0.0
2953,34,63,True,0.0,0.0
2954,34,64,True,0.0,0.0
2955,34,65,True,0.0,0.0
2956,34,66,True,0.0,0.0
2957,34,67,True,0.06180348907720089,3.052759567492906
2958,34,68,False,0.3038776305875747,4.545336944506197
2959,34,69,True,0.7056149677932501,5.572013605742387
2960,34,70,True,1.0,4.811308943112581
2961,34,71,True,0.9999999999999997,3.8380748710647747
2962,34,72,True,0.9999999999999997,3.4886675259755444
2963,34,73,True,0.9974630702409376,3.373254163190478
2964,34,74,True,1.0,4.7109799974884705
2965,34,75,True,1.0,2.733332413275266
2966,34,76,True,0.9999999999999999,2.727167717838125
2967,34,77,True,1.0,3.1831483924532087
2968,34,78,True,0.7287976592371032,2.50276826014135
2969,34,79,False,0.007184243914971633,1.5000000000000002
2970,34,80,False,0.0,0.0
2971,34,81,False,0.0,0.0
2972,34,82,False,0.0,0.0
2973,34,83,False,0.0,0.0
2974,34,84,False,0.0,0.0
2975,35,0,False,0.0,0.0
2976,35,1,False,0.0,0.0
2977,35,2,False,0.0,0.0
2978,35,3,False,0.0,0.0
2979,35,4,False,0.0,0.0
2980,35,5,True,0.0,0.0
2981,35,6,True,0.0,0.0
2982,35,7,True,0.0,0.0
2983,35,8,True,0.0,0.0
2984,35,9,True,0.0,0.0
2985,35,10,True,0.0,0.0
2986,35,11,True,0.0,0.0
2987,35,12,True,0.0,0.0
2988,35,13,True,0.0,0.0
2989,35,14,True,0.0,0.0
2990,35,15,True,0.0,0.0
2991,35,16,True,0.0,0.0
2992,35,17,True,0.0,0.0
2993,35,18,True,0.0,0.0
2994,35,19,True,0.0,0.0
2995,35,20,True,0.0,0.0
2996,35,21,True,0.0,0.0
2997,35,22,True,0.0,0.0
2998,35,23,True,0.0,0.0
2999,35,24,True,0.0,0.0
3000,35,25,True,0.0,0.0
3001,35,26,True,0.0,0.0
3002,35,27,True,0.0,0.0
3003,35,28,True,0.0,0.0
3004,35,29,True,0.0,0.0
3005,35,30,True,0.0,0.0
3006,35,31,True,0.0,0.0
3007,35,32,True,0.0,0.0
3008,35,33,True,0.0,0.0
3009,35,34,True,0.0,0.0
3010,35,35,True,0.0,0.0
3011,35,36,True,0.0,0.0
3012,35,37,True,0.0,0.0
3013,35,38,True,0.0,0.0
3014,35,39,True,0.0,0.0
3015,35,40,True,0.0,0.0
3016,35,41,True,0.0,0.0
3017,35,42,True,0.0,0.0
3018,35,43,True,0.0,0.0
3019,35,44,True,0.0,0.0
3020,35,45,True,0.0,0.0
3021,35,46,True,0.0,0.0
3022,35,47,True,0.0,0.0
3023,35,48,True,0.0,0.0
3024,35,49,True,0.0,0.0
3025,35,50,True,0.0,0.0
3026,35,51,True,0.0,0.0
3027,35,52,True,0.0,0.0
3028,35,53,True,0.0,0.0
3029,35,54,True,0.0,0.0
3030,35,55,True,0.0,0.0
3031,35,56,True,0.0,0.0
3032,35,57,True,0.0,0.0
3033,35,58,True,0.0,0.0
3034,35,59,True,0.0,0.0
3035,35,60,True,0.0,0.0
3036,35,61,True,0.0,0.0
3037,35,62,True,0.0,0.0
3038,35,63,True,0.0,0.0
3039,35,64,True,0.0,0.0
3040,35,65,True,0.0,0.0
3041,35,66,True,0.0,0.0
3042,35,67,True,0.0,0.0
3043,35,68,False,0.0,0.0
3044,35,69,False,0.012620377367222687,1.5
3045,35,70,True,0.8470446285037233,3.0883944205451006
3046,35,71,True,1.0,3.018927057488513
3047,35,72,True,0.9999999999999999,2.4763679448490667
3048,35,73,True,0.9999999999999997,2.6658468780004725
3049,35,74,True,1.0,2.7889057439533795
3050,35,75,True,0.9944998144464743,2.7281415580558734
3051,35,76,True,0.9686137702704212,2.902254614125941
3052,35,77,True,0.6277019328279306,2.5576297172238243
3053,35,78,True,0.13231925648317613,1.7152364595357579
3054,35,79,False,0.0,0.0
3055,35,80,False,0.0,0.0
3056,35,81,False,0.0,0.0
3057,35,82,False,0.0,0.0
3058,35,83,False,0.0,0.0
3059,35,84,False,0.0,0.0
3060,36,0,False,0.0,0.0
3061,36,1,False,0.0,0.0
3062,36,2,False,0.0,0.0
3063,36,3,False,0.0,0.0
3064,36,4,True,0.0,0.0
3065,36,5,True,0.0,0.0
3066,36,6,True,0.0,0.0
3067,36,7,True,0.0,0.0
3068,36,8,True,0.0,0.0
3069,36,9,True,0.0,0.0
3070,36,10,True,0.0,0.0
3071,36,11,True,0.0,0.0
3072,36,12,True,0.0,0.0
3073,36,13,True,0.0,0.0
3074,36,14,True,0.0,0.0
3075,36,15,True,0.0,0.0
3076,36,16,True,0.0,0.0
3077,36,17,True,0.0,0.0
3078,36,18,True,0.0,0.0
3079,36,19,True,0.0,0.0
3080,36,20,True,0.0,0.0
3081,36,21,True,0.0,0.0
3082,36,22,True,0.0,0.0
3083,36,23,True,0.0,0.0
3084,36,24,True,0.0,0.0
3085,36,25,True,0.0,0.0
3086,36,26,True,0.0,0.0
3087,36,27,True,0.0,0.0
3088,36,28,True,0.0,0.0
3089,36,29,True,0.0,0.0
3090,36,30,True,0.0,0.0
3091,36,31,True,0.0,0.0
3092,36,32,True,0.0,0.0
3093,36,33,True,0.0,0.0
3094,36,34,True,0.0,0.0
3095,36,35,True,0.0,0.0
3096,36,36,True,0.0,0.0
3097,36,37,True,0.0,0.0
3098,36,38,True,0.0,0.0
3099,36,39,True,0.0,0.0
3100,36,40,True,0.0,0.0
3101,36,41,True,0.0,0.0
3102,36,42,True,0.0,0.0
3103,36,43,True,0.0,0.0
3104,36,44,True,0.0,0.0
3105,36,45,True,0.0,0.0
3106,36,46,True,0.0,0.0
3107,36,47,True,0.0,0.0
3108,36,48,True,0.0,0.0
3109,36,49,True,0.0,0.0
3110,36,50,True,0.0,0.0
3111,36,51,True,0.0,0.0
3112,36,52,True,0.0,0.0
3113,36,53,True,0.0,0.0
3114,36,54,True,0.0,0.0
3115,36,55,True,0.0,0.0
3116,36,56,True,0.0,0.0
3117,36,57,True,0.0,0.0
3118,36,58,True,0.0,0.0
3119,36,59,True,0.0,0.0
3120,36,60,True,0.0,0.0
3121,36,61,True,0.0,0.0
3122,36,62,True,0.0,0.0
3123,36,63,True,0.0,0.0
3124,36,64,True,0.0,0.0
3125,36,65,True,0.0,0.0
3126,36,66,True,0.0,0.0
3127,36,67,True,0.0,0.0
3128,36,68,False,0.0,0.0
3129,36,69,False,0.0,0.0
3130,36,70,False,0.28487757149697485,3.581107174786421
3131,36,71,True,0.4372372124810437,1.9938988209841113
3132,36,72,True,0.7719499040563405,1.9389862995113059
3133,36,73,True,0.9999999999999991,2.5735894686040477
3134,36,74,True,0.9943881391997823,1.950981075133125
3135,36,75,True,0.987114221540633,1.9365939244045254
3136,36,76,True,0.37554974163380095,1.7782777200344293
3137,36,77,False,0.0,0.0
3138,36,78,False,0.0,0.0
3139,36,79,False,0.0,0.0
3140,36,80,False,0.0,0.0
3141,36,81,False,0.0,0.0
3142,36,82,False,0.0,0.0
3143,36,83,False,0.0,0.0
3144,36,84,False,0.0,0.0
3145,37,0,False,0.0,0.0
3146,37,1,False,0.0,0.0
3147,37,2,False,0.0,0.0
3148,37,3,False,0.0,0.0
3149,37,4,True,0.0,0.0
3150,37,5,True,0.0,0.0
3151,37,6,True,0.0,0.0
3152,37,7,True,0.0,0.0
3153,37,8,True,0.0,0.0
3154,37,9,True,0.0,0.0
3155,37,10,True,0.0,0.0
3156,37,11,True,0.0,0.0
3157,37,12,True,0.0,0.0
3158,37,13,True,0.0,0.0
3159,37,14,True,0.0,0.0
3160,37,15,True,0.0,0.0
3161,37,16,True,0.0,0.0
3162,37,17,True,0.0,0.0
3163,37,18,True,0.0,0.0
3164,37,19,True,0.0,0.0
3165,37,20,True,0.0,0.0
3166,37,21,True,0.0,0.0
3167,37,22,True,0.0,0.0
3168,37,23,True,0.0,0.0
3169,37,24,True,0.0,0.0
3170,37,25,True,0.0,0.0
3171,37,26,True,0.0,0.0
3172,37,27,True,0.0,0.0
3173,37,28,True,0.0,0.0
3174,37,29,True,0.0,0.0
3175,37,30,True,0.0,0.0
3176,37,31,True,0.0,0.0
3177,37,32,True,0.0,0.0
3178,37,33,True,0.0,0.0
3179,37,34,True,0.0,0.0
3180,37,35,True,0.0,0.0
3181,37,36,True,0.0,0.0
3182,37,37,True,0.0,0.0
3183,37,38,True,0.0,0.0
3184,37,39,True,0.0,0.0
3185,37,40,True,0.0,0.0
3186,37,41,True,0.0,0.0
3187,37,42,True,0.0,0.0
3188,37,43,True,0.0,0.0
3189,37,44,True,0.0,0.0
3190,37,45,True,0.0,0.0
3191,37,46,True,0.0,0.0
3192,37,47,True,0.0,0.0
3193,37,48,True,0.0,0.0
3194,37,49,True,0.0,0.0
3195,37,50,True,0.0,0.0
3196,37,51,True,0.0,0.0
3197,37,52,True,0.0,0.0
3198,37,53,True,0.0,0.0
3199,37,54,True,0.0,0.0
3200,37,55,True,0.0,0.0
3201,37,56,True,0.0,0.0
3202,37,57,True,0.0,0.0
3203,37,58,True,0.0,0.0
3204,37,59,True,0.0,0.0
3205,37,60,True,0.0,0.0
3206,37,61,True,0.0,0.0
3207,37,62,True,0.0,0.0
3208,37,63,True,0.0,0.0
3209,37,64,True,0.0,0.0
3210,37,65,True,0.0,0.0
3211,37,66,True,0.0,0.0
3212,37,67,True,0.0,0.0
3213,37,68,False,0.0,0.0
3214,37,69,True,0.0,0.0
3215,37,70,True,0.0,0.0
3216,37,71,True,0.0,0.0
3217,37,72,False,0.11386077239649375,2.097924161550245
3218,37,73,True,0.7214776461653226,2.4620001678893737
3219,37,74,True,0.5438684295850689,1.8579629972203675
3220,37,75,False,0.2616120526890874,2.511281583626706
3221,37,76,False,0.0,0.0
3222,37,77,False,0.0,0.0
3223,37,78,False,0.0,0.0
3224,37,79,False,0.0,0.0
3225,37,80,False,0.0,0.0
3226,37,81,False,0.0,0.0
3227,37,82,False,0.0,0.0
3228,37,83,False,0.0,0.0
3229,37,84,False,0.0,0.0
3230,38,0,False,0.0,0.0
3231,38,1,False,0.0,0.0
3232,38,2,False,0.0,0.0
3233,38,3,False,0.0,0.0
3234,38,4,True,0.0,0.0
3235,38,5,True,0.0,0.0
3236,38,6,True,0.0,0.0
3237,38,7,True,0.0,0.0
3238,38,8,True,0.0,0.0
3239,38,9,True,0.0,0.0
3240,38,10,True,0.0,0.0
3241,38,11,True,0.0,0.0
3242,38,12,True,0.0,0.0
3243,38,13,True,0.0,0.0
3244,38,14,True,0.0,0.0
3245,38,15,True,0.0,0.0
3246,38,16,True,0.0,0.0
3247,38,17,True,0.0,0.0
3248,38,18,True,0.0,0.0
3249,38,19,True,0.0,0.0
3250,38,20,True,0.0,0.0
3251,38,21,True,0.0,0.0
3252,38,22,True,0.0,0.0
3253,38,23,True,0.0,0.0
3254,38,24,True,0.0,0.0
3255,38,25,True,0.0,0.0
3256,38,26,True,0.0,0.0
3257,38,27,True,0.0,0.0
3258,38,28,True,0.0,0.0
3259,38,29,True,0.0,0.0
3260,38,30,True,0.0,0.0
3261,38,31,True,0.0,0.0
3262,38,32,True,0.0,0.0
3263,38,33,True,0.0,0.0
3264,38,34,True,0.0,0.0
3265,38,35,True,0.0,0.0
3266,38,36,True,0.0,0.0
3267,38,37,True,0.0,0.0
3268,38,38,True,0.0,0.0
3269,38,39,True,0.0,0.0
3270,38,40,True,0.0,0.0
3271,38,41,True,0.0,0.0
3272,38,42,True,0.0,0.0
3273,38,43,True,0.0,0.0
3274,38,44,True,0.0,0.0
3275,38,45,True,0.0,0.0
3276,38,46,True,0.0,0.0
3277,38,47,True,0.0,0.0
3278,38,48,True,0.0,0.0
3279,38,49,True,0.0,0.0
3280,38,50,True,0.0,0.0
3281,38,51,True,0.0,0.0
3282,38,52,True,0.0,0.0
3283,38,53,True,0.0,0.0
3284,38,54,True,0.0,0.0
3285,38,55,True,0.0,0.0
3286,38,56,True,0.0,0.0
3287,38,57,True,0.0,0.0
3288,38,58,True,0.0,0.0
3289,38,59,True,0.0,0.0
3290,38,60,True,0.0,0.0
3291,38,61,True,0.0,0.0
3292,38,62,True,0.0,0.0
3293,38,63,True,0.0,0.0
3294,38,64,True,0.0,0.0
3295,38,65,True,0.0,0.0
3296,38,66,True,0.0,0.0
3297,38,67,True,0.07844247317877484,1.1728238310956465
3298,38,68,False,0.0,0.0
3299,38,69,True,0.0,0.0
3300,38,70,True,0.0,0.0
3301,38,71,True,0.0,0.0
3302,38,72,True,0.0,0.0
3303,38,73,False,0.0,0.0
3304,38,74,False,0.0,0.0
3305,38,75,False,0.0,0.0
3306,38,76,False,0.0,0.0
3307,38,77,False,0.0,0.0
3308,38,78,False,0.0,0.0
3309,38,79,False,0.0,0.0
3310,38,80,False,0.0,0.0
3311,38,81,False,0.0,0.0
3312,38,82,False,0.0,0.0
3313,38,83,False,0.0,0.0
3314,38,84,False,0.0,0.0
3315,39,0,False,0.0,0.0
3316,39,1,False,0.0,0.0
3317,39,2,False,0.0,0.0
3318,39,3,False,0.0,0.0
3319,39,4,True,0.0,0.0
3320,39,5,True,0.0,0.0
3321,39,6,True,0.0,0.0
3322,39,7,True,0.0,0.0
3323,39,8,True,0.0,0.0
3324,39,9,True,0.0,0.0
3325,39,10,True,0.0,0.0
3326,39,11,True,0.0,0.0
3327,39,12,True,0.0,0.0
3328,39,13,True,0.0,0.0
3329,39,14,True,0.0,0.0
3330,39,15,True,0.0,0.0
3331,39,16,True,0.0,0.0
3332,39,17,True,0.0,0.0
3333,39,18,True,0.0,0.0
3334,39,19,True,0.0,0.0
3335,39,20,True,0.0,0.0
3336,39,21,True,0.0,0.0
3337,39,22,True,0.0,0.0
3338,39,23,True,0.0,0.0
3339,39,24,True,0.0,0.0
3340,39,25,True,0.0,0.0
3341,39,26,True,0.0,0.0
3342,39,27,True,0.0,0.0
3343,39,28,True,0.0,0.0
3344,39,29,True,0.0,0.0
3345,39,30,True,0.0,0.0
3346,39,31,True,0.0,0.0
3347,39,32,True,0.0,0.0
3348,39,33,True,0.0,0.0
3349,39,34,True,0.0,0.0
3350,39,35,True,0.0,0.0
3351,39,36,True,0.0,0.0
3352,39,37,True,0.0,0.0
3353,39,38,True,0.0,0.0
3354,39,39,True,0.0,0.0
3355,39,40,True,0.0,0.0
3356,39,41,True,0.0,0.0
3357,39,42,True,0.0,0.0
3358,39,43,True,0.0,0.0
3359,39,44,True,0.0,0.0
3360,39,45,True,0.0,0.0
3361,39,46,True,0.0,0.0
3362,39,47,True,0.0,0.0
3363,39,48,True,0.0,0.0
3364,39,49,True,0.0,0.0
3365,39,50,True,0.0,0.0
3366,39,51,True,0.0,0.0
3367,39,52,True,0.0,0.0
3368,39,53,True,0.0,0.0
3369,39,54,True,0.0,0.0
3370,39,55,True,0.0,0.0
3371,39,56,True,0.0,0.0
3372,39,57,True,0.0,0.0
3373,39,58,True,0.0,0.0
3374,39,59,True,0.0,0.0
3375,39,60,True,0.0,0.0
3376,39,61,True,0.0,0.0
3377,39,62,True,0.0,0.0
3378,39,63,True,0.0,0.0
3379,39,64,True,0.0,0.0
3380,39,65,True,0.0,0.0
3381,39,66,False,0.06172494918767019,1.556758144078094
3382,39,67,True,0.3354554296712985,1.6881411851944756
3383,39,68,False,0.00253513783579927,0.7500000000000001
3384,39,69,True,0.0,0.0
3385,39,70,True,0.0,0.0
3386,39,71,True,0.0,0.0
3387,39,72,True,0.0,0.0
3388,39,73,False,0.0,0.0
3389,39,74,False,0.0,0.0
3390,39,75,False,0.0,0.0
3391,39,76,False,0.0,0.0
3392,39,77,False,0.0,0.0
3393,39,78,False,0.0,0.0
3394,39,79,False,0.0,0.0
3395,39,80,False,0.0,0.0
3396,39,81,False,0.0,0.0
3397,39,82,False,0.0,0.0
3398,39,83,False,0.0,0.0
3399,39,84,False,0.0,0.0
3400,40,0,False,0.0,0.0
3401,40,1,False,0.0,0.0
3402,40,2,False,0.0,0.0
3403,40,3,False,0.0,0.0
3404,40,4,False,0.0,0.0
3405,40,5,True,0.0,0.0
3406,40,6,True,0.0,0.0
3407,40,7,True,0.0,0.0
3408,40,8,True,0.0,0.0
3409,40,9,True,0.0,0.0
3410,40,10,True,0.0,0.0
3411,40,11,True,0.0,0.0
3412,40,12,True,0.0,0.0
3413,40,13,True,0.0,0.0
3414,40,14,True,0.0,0.0
3415,40,15,True,0.0,0.0
3416,40,16,True,0.0,0.0
3417,40,17,True,0.0,0.0
3418,40,18,True,0.0,0.0
3419,40,19,True,0.0,0.0
3420,40,20,True,0.0,0.0
3421,40,21,True,0.0,0.0
3422,40,22,True,0.0,0.0
3423,40,23,True,0.0,0.0
3424,40,24,True,0.0,0.0
3425,40,25,True,0.0,0.0
3426,40,26,True,0.0,0.0
3427,40,27,True,0.0,0.0
3428,40,28,True,0.0,0.0
3429,40,29,True,0.0,0.0
3430,40,30,True,0.0,0.0
3431,40,31,True,0.0,0.0
3432,40,32,True,0.0,0.0
3433,40,33,True,0.0,0.0
3434,40,34,True,0.0,0.0
3435,40,35,True,0.0,0.0
3436,40,36,True,0.0,0.0
3437,40,37,True,0.0,0.0
3438,40,38,True,0.0,0.0
3439,40,39,True,0.0,0.0
3440,40,40,True,0.0,0.0
3441,40,41,True,0.0,0.0
3442,40,42,True,0.0,0.0
3443,40,43,True,0.0,0.0
3444,40,44,True,0.0,0.0
3445,40,45,True,0.0,0.0
3446,40,46,True,0.0,0.0
3447,40,47,True,0.0,0.0
3448,40,48,True,0.0,0.0
3449,40,49,True,0.0,0.0
3450,40,50,True,0.0,0.0
3451,40,51,True,0.0,0.0
3452,40,52,True,0.0,0.0
3453,40,53,True,0.0,0.0
3454,40,54,True,0.0,0.0
3455,40,55,True,0.0,0.0
3456,40,56,True,0.0,0.0
3457,40,57,True,0.0,0.0
3458,40,58,True,0.0,0.0
3459,40,59,True,0.0,0.0
3460,40,60,True,0.0,0.0
3461,40,61,True,0.0,0.0
3462,40,62,True,0.0,0.0
3463,40,63,True,0.0,0.0
3464,40,64,True,0.0,0.0
3465,40,65,False,0.0,0.0
3466,40,66,False,0.020718988627637012,0.8946150226907402
3467,40,67,False,0.004343813418264674,0.7515900875518253
3468,40,68,True,0.1480167864635621,2.3441923916431096
3469,40,69,True,0.0,0.0
3470,40,70,True,0.0,0.0
3471,40,71,True,0.0,0.0
3472,40,72,False,0.0,0.0
3473,40,73,False,0.0,0.0
3474,40,74,False,0.0,0.0
3475,40,75,False,0.0,0.0
3476,40,76,False,0.0,0.0
3477,40,77,False,0.0,0.0
3478,40,78,False,0.0,0.0
3479,40,79,False,0.0,0.0
3480,40,80,False,0.0,0.0
3481,40,81,False,0.0,0.0
3482,40,82,False,0.0,0.0
3483,40,83,False,0.0,0.0
3484,40,84,False,0.0,0.0
3485,41,0,False,0.0,0.0
3486,41,1,False,0.0,0.0
3487,41,2,False,0.0,0.0
3488,41,3,False,0.0,0.0
3489,41,4,True,0.0,0.0
3490,41,5,True,0.0,0.0
3491,41,6,True,0.0,0.0
3492,41,7,True,0.0,0.0
3493,41,8,True,0.0,0.0
3494,41,9,True,0.0,0.0
3495,41,10,True,0.0,0.0
3496,41,11,True,0.0,0.0
3497,41,12,True,0.0,0.0
3498,41,13,True,0.0,0.0
3499,41,14,True,0.0,0.0
3500,41,15,True,0.0,0.0
3501,41,16,True,0.0,0.0
3502,41,17,True,0.0,0.0
3503,41,18,True,0.0,0.0
3504,41,19,True,0.0,0.0
3505,41,20,True,0.0,0.0
3506,41,21,True,0.0,0.0
3507,41,22,True,0.0,0.0
3508,41,23,True,0.0,0.0
3509,41,24,True,0.0,0.0
3510,41,25,True,0.0,0.0
3511,41,26,True,0.0,0.0
3512,41,27,True,0.0,0.0
3513,41,28,True,0.0,0.0
3514,41,29,True,0.0,0.0
3515,41,30,True,0.0,0.0
3516,41,31,True,0.0,0.0
3517,41,32,True,0.0,0.0
3518,41,33,True,0.0,0.0
3519,41,34,True,0.0,0.0
3520,41,35,True,0.0,0.0
3521,41,36,True,0.0,0.0
3522,41,37,True,0.0,0.0
3523,41,38,True,0.0,0.0
3524,41,39,True,0.0,0.0
3525,41,40,True,0.0,0.0
3526,41,41,True,0.0,0.0
3527,41,42,True,0.0,0.0
3528,41,43,True,0.0,0.0
3529,41,44,True,0.0,0.0
3530,41,45,True,0.0,0.0
3531,41,46,True,0.0,0.0
3532,41,47,True,0.0,0.0
3533,41,48,True,0.0,0.0
3534,41,49,True,0.0,0.0
3535,41,50,True,0.0,0.0
3536,41,51,True,0.0,0.0
3537,41,52,True,0.0,0.0
3538,41,53,True,0.0,0.0
3539,41,54,True,0.0,0.0
3540,41,55,True,0.0,0.0
3541,41,56,True,0.0,0.0
3542,41,57,True,0.0,0.0
3543,41,58,True,0.0,0.0
3544,41,59,True,0.0,0.0
3545,41,60,True,0.0,0.0
3546,41,61,True,0.0,0.0
3547,41,62,True,0.0,0.0
3548,41,63,True,0.0,0.0
3549,41,64,False,0.0,0.0
3550,41,65,False,2.846054058678731e-05,1.4999999999999998
3551,41,66,True,0.21210380434340773,1.77778763049482
3552,41,67,False,0.0,0.0
3553,41,68,False,0.0,0.0
3554,41,69,False,0.0,0.0
3555,41,70,False,0.0,0.0
3556,41,71,False,0.0,0.0
3557,41,72,False,0.0,0.0
3558,41,73,False,0.0,0.0
3559,41,74,False,0.0,0.0
3560,41,75,False,0.0,0.0
3561,41,76,False,0.0,0.0
3562,41,77,False,0.0,0.0
3563,41,78,False,0.0,0.0
3564,41,79,False,0.0,0.0
3565,41,80,False,0.0,0.0
3566,41,81,False,0.0,0.0
3567,41,82,False,0.0,0.0
3568,41,83,False,0.0,0.0
3569,41,84,False,0.0,0.0
3570,42,0,False,0.0,0.0
3571,42,1,False,0.0,0.0
3572,42,2,False,0.0,0.0
3573,42,3,True,0.0,0.0
3574,42,4,True,0.0,0.0
3575,42,5,True,0.0,0.0
3576,42,6,True,0.0,0.0
3577,42,7,True,0.0,0.0
3578,42,8,True,0.0,0.0
3579,42,9,True,0.0,0.0
3580,42,10,True,0.0,0.0
3581,42,11,True,0.0,0.0
3582,42,12,True,0.0,0.0
3583,42,13,True,0.0,0.0
3584,42,14,True,0.0,0.0
3585,42,15,True,0.0,0.0
3586,42,16,True,0.0,0.0
3587,42,17,True,0.0,0.0
3588,42,18,True,0.0,0.0
3589,42,19,True,0.0,0.0
3590,42,20,True,0.0,0.0
3591,42,21,True,0.0,0.0
3592,42,22,True,0.0,0.0
3593,42,23,True,0.0,0.0
3594,42,24,True,0.0,0.0
3595,42,25,True,0.0,0.0
3596,42,26,True,0.0,0.0
3597,42,27,True,0.0,0.0
3598,42,28,True,0.0,0.0
3599,42,29,True,0.0,0.0
3600,42,30,True,0.0,0.0
3601,42,31,True,0.0,0.0
3602,42,32,True,0.0,0.0
3603,42,33,True,0.0,0.0
3604,42,34,True,0.0,0.0
3605,42,35,True,0.0,0.0
3606,42,36,True,0.0,0.0
3607,42,37,True,0.0,0.0
3608,42,38,True,0.0,0.0
3609,42,39,True,0.0,0.0
3610,42,40,True,0.0,0.0
3611,42,41,True,0.0,0.0
3612,42,42,True,0.0,0.0
3613,42,43,True,0.0,0.0
3614,42,44,True,0.0,0.0
3615,42,45,True,0.0,0.0
3616,42,46,True,0.0,0.0
3617,42,47,True,0.0,0.0
3618,42,48,True,0.0,0.0
3619,42,49,True,0.0,0.0
3620,42,50,True,0.0,0.0
3621,42,51,True,0.0,0.0
3622,42,52,True,0.0,0.0
3623,42,53,True,0.0,0.0
3624,42,54,True,0.0,0.0
3625,42,55,False,0.05333078822461652,3.2750955855544737
3626,42,56,False,0.18898292576232134,2.172307712314719
3627,42,57,False,0.09742179700540479,2.895943179367269
3628,42,58,False,0.0,0.0
3629,42,59,False,0.0,0.0
3630,42,60,False,0.0,0.0
3631,42,61,False,0.0,0.0
3632,42,62,False,0.0,0.0
3633,42,63,False,0.0,0.0
3634,42,64,False,0.28505393141455887,2.7315719890444545
3635,42,65,True,0.7322801204129255,3.2634247771336824
3636,42,66,True,0.9643381438504435,3.2619783341122073
3637,42,67,False,0.17207428770908142,1.5089033317871552
3638,42,68,True,0.37229064009057516,1.9126229487195585
3639,42,69,False,0.0,0.0
3640,42,70,False,0.0,0.0
3641,42,71,False,0.0,0.0
3642,42,72,False,0.0,0.0
3643,42,73,False,0.0,0.0
3644,42,74,False,0.0,0.0
3645,42,75,False,0.0,0.0
3646,42,76,False,0.0,0.0
3647,42,77,False,0.0,0.0
3648,42,78,False,0.0,0.0
3649,42,79,False,0.0,0.0
3650,42,80,False,0.0,0.0
3651,42,81,False,0.0,0.0
3652,42,82,False,0.0,0.0
3653,42,83,False,0.0,0.0
3654,42,84,False,0.0,0.0
3655,43,0,False,0.0,0.0
3656,43,1,False,0.0,0.0
3657,43,2,True,0.0,0.0
3658,43,3,True,0.0,0.0
3659,43,4,True,0.0,0.0
3660,43,5,True,0.0,0.0
3661,43,6,True,0.0,0.0
3662,43,7,True,0.0,0.0
3663,43,8,True,0.0,0.0
3664,43,9,True,0.0,0.0
3665,43,10,True,0.0,0.0
3666,43,11,True,0.0,0.0
3667,43,12,True,0.0,0.0
3668,43,13,True,0.0,0.0
3669,43,14,True,0.0,0.0
3670,43,15,True,0.0,0.0
3671,43,16,True,0.0,0.0
3672,43,17,True,0.0,0.0
3673,43,18,True,0.0,0.0
3674,43,19,True,0.0,0.0
3675,43,20,True,0.0,0.0
3676,43,21,True,0.0,0.0
3677,43,22,True,0.0,0.0
3678,43,23,True,0.0,0.0
3679,43,24,True,0.0,0.0
3680,43,25,True,0.0,0.0
3681,43,26,True,0.0,0.0
3682,43,27,True,0.0,0.0
3683,43,28,True,0.0,0.0
3684,43,29,True,0.0,0.0
3685,43,30,True,0.0,0.0
3686,43,31,True,0.0,0.0
3687,43,32,True,0.0,0.0
3688,43,33,True,0.0,0.0
3689,43,34,True,0.0,0.0
3690,43,35,True,0.0,0.0
3691,43,36,True,0.0,0.0
3692,43,37,True,0.0,0.0
3693,43,38,True,0.0,0.0
3694,43,39,True,0.0,0.0
3695,43,40,True,0.0,0.0
3696,43,41,True,0.0,0.0
3697,43,42,True,0.0,0.0
3698,43,43,True,0.0,0.0
3699,43,44,True,0.0,0.0
3700,43,45,True,0.0,0.0
3701,43,46,True,0.0,0.0
3702,43,47,True,0.0,0.0
3703,43,48,True,0.0,0.0
3704,43,49,True,0.0,0.0
3705,43,50,True,0.0,0.0
3706,43,51,True,0.0,0.0
3707,43,52,True,0.0,0.0
3708,43,53,False,0.1045011108479325,4.791949268872842
3709,43,54,True,0.5756613046837132,7.137427111252307
3710,43,55,True,0.9653183691096004,6.750002819376596
3711,43,56,True,0.9960058420091212,6.081881637268871
3712,43,57,True,0.9623262294169255,5.5039194535846026
3713,43,58,True,0.6147155582727544,3.901197542013468
3714,43,59,True,0.7296080986886855,5.175814935397487
3715,43,60,True,0.7580635358592671,3.798068046402592
3716,43,61,True,0.7217380025842498,4.323605488523127
3717,43,62,True,0.624759706389432,3.873592146109709
3718,43,63,True,0.8615274533559298,3.8479772188419523
3719,43,64,True,0.9988198807304528,5.601750523851308
3720,43,65,True,0.9999999999999997,5.45431435921252
3721,43,66,True,0.9038982310693053,3.9637917237305236
3722,43,67,False,0.10187674516074245,1.8310868851937196
3723,43,68,False,0.1869933045913737,3.113003722495315
3724,43,69,False,0.0,0.0
3725,43,70,False,0.0,0.0
3726,43,71,False,0.0,0.0
3727,43,72,False,0.0,0.0
3728,43,73,False,0.0,0.0
3729,43,74,False,0.0,0.0
3730,43,75,False,0.0,0.0
3731,43,76,False,0.0,0.0
3732,43,77,False,0.0,0.0
3733,43,78,False,0.0,0.0
3734,43,79,False,0.0,0.0
3735,43,80,False,0.0,0.0
3736,43,81,False,0.0,0.0
3737,43,82,False,0.0,0.0
3738,43,83,False,0.0,0.0
3739,43,84,False,0.0,0.0
3740,44,0,False,0.0,0.0
3741,44,1,False,0.0,0.0
3742,44,2,True,0.0,0.0
3743,44,3,True,0.0,0.0
3744,44,4,True,0.0,0.0
3745,44,5,True,0.0,0.0
3746,44,6,True,0.0,0.0
3747,44,7,True,0.0,0.0
3748,44,8,True,0.0,0.0
3749,44,9,True,0.0,0.0
3750,44,10,True,0.0,0.0
3751,44,11,True,0.0,0.0
3752,44,12,True,0.0,0.0
3753,44,13,True,0.0,0.0
3754,44,14,True,0.0,0.0
3755,44,15,True,0.0,0.0
3756,44,16,True,0.0,0.0
3757,44,17,True,0.0,0.0
3758,44,18,True,0.0,0.0
3759,44,19,True,0.0,0.0
3760,44,20,True,0.0,0.0
3761,44,21,True,0.0,0.0
3762,44,22,True,0.0,0.0
3763,44,23,True,0.0,0.0
3764,44,24,True,0.0,0.0
3765,44,25,True,0.0,0.0
3766,44,26,True,0.0,0.0
3767,44,27,True,0.0,0.0
3768,44,28,True,0.0,0.0
3769,44,29,True,0.0,0.0
3770,44,30,True,0.0,0.0
3771,44,31,True,0.0,0.0
3772,44,32,True,0.0,0.0
3773,44,33,True,0.0,0.0
3774,44,34,True,0.0,0.0
3775,44,35,True,0.0,0.0
3776,44,36,True,0.0,0.0
3777,44,37,True,0.0,0.0
3778,44,38,True,0.0,0.0
3779,44,39,True,0.0,0.0
3780,44,40,True,0.0,0.0
3781,44,41,True,0.0,0.0
3782,44,42,True,0.0,0.0
3783,44,43,True,0.0,0.0
3784,44,44,True,0.0,0.0
3785,44,45,True,0.0,0.0
3786,44,46,True,0.0,0.0
3787,44,47,True,0.0,0.0
3788,44,48,True,0.0,0.0
3789,44,49,True,0.0,0.0
3790,44,50,True,0.0,0.0
3791,44,51,True,0.0,0.0
3792,44,52,False,0.03463638448311402,2.0536018696666187
3793,44,53,True,0.7980384401855761,4.736474255625284
3794,44,54,True,1.0,8.184028802799816
3795,44,55,True,1.0,9.860081258321722
3796,44,56,True,1.0,8.449904935246359
3797,44,57,True,0.8489925856299616,4.775723884811679
3798,44,58,True,0.9974019813126499,6.995534143232008
3799,44,59,True,0.9999999999999999,8.56057650755055
3800,44,60,True,1.0,7.87854904463044
3801,44,61,True,0.9992610963179874,6.4487667799377775
3802,44,62,True,0.9999999999999999,7.15538972195491
3803,44,63,True,0.9999999999999999,6.940851209901738
3804,44,64,True,0.9875772387460734,5.403025965493061
3805,44,65,True,0.7270705574512869,2.3397938850620785
3806,44,66,False,0.2884421952017459,1.648294845447238
3807,44,67,True,0.0,0.0
3808,44,68,True,0.0,0.0
3809,44,69,False,0.0,0.0
3810,44,70,False,0.0,0.0
3811,44,71,False,0.0,0.0
3812,44,72,False,0.0,0.0
3813,44,73,False,0.0,0.0
3814,44,74,False,0.0,0.0
3815,44,75,False,0.0,0.0
3816,44,76,False,0.0,0.0
3817,44,77,False,0.0,0.0
3818,44,78,False,0.0,0.0
3819,44,79,False,0.0,0.0
3820,44,80,False,0.0,0.0
3821,44,81,False,0.0,0.0
3822,44,82,False,0.0,0.0
3823,44,83,False,0.0,0.0
3824,44,84,False,0.0,0.0
3825,45,0,False,0.0,0.0
3826,45,1,False,0.0,0.0
3827,45,2,True,0.0,0.0
3828,45,3,True,0.0,0.0
3829,45,4,True,0.0,0.0
3830,45,5,True,0.0,0.0
3831,45,6,True,0.0,0.0
3832,45,7,True,0.0,0.0
3833,45,8,True,0.0,0.0
3834,45,9,True,0.0,0.0
3835,45,10,True,0.0,0.0
3836,45,11,True,0.0,0.0
3837,45,12,True,0.0,0.0
3838,45,13,True,0.0,0.0
3839,45,14,True,0.0,0.0
3840,45,15,True,0.0,0.0
3841,45,16,True,0.0,0.0
3842,45,17,True,0.0,0.0
3843,45,18,True,0.0,0.0
3844,45,19,True,0.0,0.0
3845,45,20,True,0.0,0.0
3846,45,21,True,0.0,0.0
3847,45,22,True,0.0,0.0
3848,45,23,True,0.0,0.0
3849,45,24,True,0.0,0.0
3850,45,25,True,0.0,0.0
3851,45,26,True,0.0,0.0
3852,45,27,True,0.0,0.0
3853,45,28,True,0.0,0.0
3854,45,29,True,0.0,0.0
3855,45,30,True,0.0,0.0
3856,45,31,True,0.0,0.0
3857,45,32,True,0.0,0.0
3858,45,33,True,0.0,0.0
3859,45,34,True,0.0,0.0
3860,45,35,True,0.0,0.0
3861,45,36,True,0.0,0.0
3862,45,37,True,0.0,0.0
3863,45,38,True,0.0,0.0
3864,45,39,True,0.0,0.0
3865,45,40,True,0.0,0.0
3866,45,41,True,0.0,0.0
3867,45,42,True,0.0,0.0
3868,45,43,True,0.0,0.0
3869,45,44,True,0.0,0.0
3870,45,45,True,0.0,0.0
3871,45,46,True,0.0,0.0
3872,45,47,True,0.0,0.0
3873,45,48,True,0.0,0.0
3874,45,49,True,0.0,0.0
3875,45,50,True,0.0,0.0
3876,45,51,False,0.0,0.0
3877,45,52,False,0.12141223024871235,1.859089258969532
3878,45,53,True,0.8218299074935481,5.496527958736767
3879,45,54,True,1.0,7.8398977996572805
3880,45,55,True,1.0,9.806284873133526
3881,45,56,True,0.9999999999999999,9.296221633415897
3882,45,57,True,0.6270002005370919,4.718102488687215
3883,45,58,True,0.9781650664729579,5.659714148030319
3884,45,59,True,0.9417463643141661,6.087904557106928
3885,45,60,True,0.822111976385563,5.938620080874444
3886,45,61,True,0.9823380444952234,7.0893834063865455
3887,45,62,True,1.0,7.492854047263014
3888,45,63,True,0.9996973992060597,5.451650924740386
3889,45,64,True,0.5137360474518262,2.4337995211499965
3890,45,65,False,0.0062197639147359455,1.5
3891,45,66,True,0.0,0.0
3892,45,67,True,0.0,0.0
3893,45,68,True,0.0,0.0
3894,45,69,False,0.0,0.0
3895,45,70,False,0.0,0.0
3896,45,71,False,0.0,0.0
3897,45,72,False,0.0,0.0
3898,45,73,False,0.0,0.0
3899,45,74,False,0.0,0.0
3900,45,75,False,0.0,0.0
3901,45,76,False,0.0,0.0
3902,45,77,False,0.0,0.0
3903,45,78,False,0.0,0.0
3904,45,79,False,0.0,0.0
3905,45,80,False,0.0,0.0
3906,45,81,False,0.0,0.0
3907,45,82,False,0.0,0.0
3908,45,83,False,0.0,0.0
3909,45,84,False,0.0,0.0
3910,46,0,False,0.0,0.0
3911,46,1,False,0.0,0.0
3912,46,2,True,0.0,0.0
3913,46,3,True,0.0,0.0
3914,46,4,True,0.0,0.0
3915,46,5,True,0.0,0.0
3916,46,6,True,0.0,0.0
3917,46,7,True,0.0,0.0
3918,46,8,True,0.0,0.0
3919,46,9,True,0.0,0.0
3920,46,10,True,0.0,0.0
3921,46,11,True,0.0,0.0
3922,46,12,True,0.0,0.0
3923,46,13,True,0.0,0.0
3924,46,14,True,0.0,0.0
3925,46,15,True,0.0,0.0
3926,46,16,True,0.0,0.0
3927,46,17,True,0.0,0.0
3928,46,18,True,0.0,0.0
3929,46,19,True,0.0,0.0
3930,46,20,True,0.0,0.0
3931,46,21,True,0.0,0.0
3932,46,22,True,0.0,0.0
3933,46,23,True,0.0,0.0
3934,46,24,True,0.0,0.0
3935,46,25,True,0.0,0.0
3936,46,26,True,0.0,0.0
3937,46,27,True,0.0,0.0
3938,46,28,True,0.0,0.0
3939,46,29,True,0.0,0.0
3940,46,30,True,0.0,0.0
3941,46,31,True,0.0,0.0
3942,46,32,True,0.0,0.0
3943,46,33,True,0.0,0.0
3944,46,34,True,0.0,0.0
3945,46,35,True,0.0,0.0
3946,46,36,True,0.0,0.0
3947,46,37,True,0.0,0.0
3948,46,38,True,0.0,0.0
3949,46,39,True,0.0,0.0
3950,46,40,True,0.0,0.0
3951,46,41,True,0.0,0.0
3952,46,42,True,0.0,0.0
3953,46,43,True,0.0,0.0
3954,46,44,True,0.0,0.0
3955,46,45,True,0.0,0.0
3956,46,46,True,0.0,0.0
3957,46,47,True,0.0,0.0
3958,46,48,True,0.0,0.0
3959,46,49,True,0.0,0.0
3960,46,50,False,1.9621243714057796e-05,0.25
3961,46,51,True,0.4945495665940666,1.6939032263763432
3962,46,52,True,0.9948200155094241,4.455451582829309
3963,46,53,False,0.6473288946852662,2.725223722466149
3964,46,54,False,0.5443514182722292,2.4264956283661916
3965,46,55,True,0.7823244562684707,5.407107812888875
3966,46,56,True,0.9997709034316112,5.854992660318672
3967,46,57,True,0.4742578271241451,3.6400270731140076
3968,46,58,True,0.33571656708840125,2.6318662153405743
3969,46,59,True,0.25172757801132983,2.0224799751174323
3970,46,60,True,0.8372576958438237,3.5035886701472814
3971,46,61,True,0.9759344607768939,5.580868924349928
3972,46,62,True,0.9947662811738632,6.4054624417573205
3973,46,63,True,0.6535746566189676,4.043135071118609
3974,46,64,True,0.038703837512683935,1.4999999999999998
3975,46,65,True,0.0,0.0
3976,46,66,True,0.0,0.0
3977,46,67,True,0.0,0.0
3978,46,68,True,0.0,0.0
3979,46,69,False,0.0,0.0
3980,46,70,False,0.0,0.0
3981,46,71,False,0.0,0.0
3982,46,72,False,0.0,0.0
3983,46,73,False,0.0,0.0
3984,46,74,False,0.0,0.0
3985,46,75,False,0.0,0.0
3986,46,76,False,0.0,0.0
3987,46,77,False,0.0,0.0
3988,46,78,False,0.0,0.0
3989,46,79,False,0.0,0.0
3990,46,80,False,0.0,0.0
3991,46,81,False,0.0,0.0
3992,46,82,False,0.0,0.0
3993,46,83,False,0.0,0.0
3994,46,84,False,0.0,0.0
3995,47,0,False,0.0,0.0
3996,47,1,False,0.0,0.0
3997,47,2,True,0.0,0.0
3998,47,3,True,0.0,0.0
3999,47,4,True,0.0,0.0
4000,47,5,True,0.0,0.0
4001,47,6,True,0.0,0.0
4002,47,7,True,0.0,0.0
4003,47,8,True,0.0,0.0
4004,47,9,True,0.0,0.0
4005,47,10,True,0.0,0.0
4006,47,11,True,0.0,0.0
4007,47,12,True,0.0,0.0
4008,47,13,True,0.0,0.0
4009,47,14,True,0.0,0.0
4010,47,15,True,0.0,0.0
4011,47,16,True,0.0,0.0
4012,47,17,True,0.0,0.0
4013,47,18,True,0.0,0.0
4014,47,19,True,0.0,0.0
4015,47,20,True,0.0,0.0
4016,47,21,True,0.0,0.0
4017,47,22,True,0.0,0.0
4018,47,23,True,0.0,0.0
4019,47,24,True,0.0,0.0
4020,47,25,True,0.0,0.0
4021,47,26,True,0.0,0.0
4022,47,27,True,0.0,0.0
4023,47,28,True,0.0,0.0
4024,47,29,True,0.0,0.0
4025,47,30,True,0.0,0.0
4026,47,31,True,0.0,0.0
4027,47,32,True,0.0,0.0
4028,47,33,True,0.0,0.0
4029,47,34,True,0.0,0.0
4030,47,35,True,0.0,0.0
4031,47,36,True,0.0,0.0
4032,47,37,True,0.0,0.0
4033,47,38,True,0.0,0.0
4034,47,39,True,0.0,0.0
4035,47,40,True,0.0,0.0
4036,47,41,True,0.0,0.0
4037,47,42,True,0.0,0.0
4038,47,43,True,0.0,0.0
4039,47,44,True,0.0,0.0
4040,47,45,True,0.0,0.0
4041,47,46,True,0.0,0.0
4042,47,47,True,0.0,0.0
4043,47,48,True,0.0,0.0
4044,47,49,False,0.033665857435629803,0.7652288597196801
4045,47,50,True,0.6583303877467475,5.487844798217522
4046,47,51,True,0.9999999999999999,5.808627267907999
4047,47,52,True,0.9999999999999999,8.037162585765632
4048,47,53,True,1.0,6.152875157292732
4049,47,54,False,0.6197221947732794,2.6777625113466565
4050,47,55,True,0.8103018421120333,2.8130395967559423
4051,47,56,True,0.6442727653358741,3.6765652802438793
4052,47,57,True,0.2110573723651315,1.5398970613262242
4053,47,58,True,0.22689429739825898,1.631843576145426
4054,47,59,True,0.35459586293806694,2.374110404860914
4055,47,60,True,0.36631687064373747,1.7289460888471258
4056,47,61,False,0.1735286343997393,1.9450177210513997
4057,47,62,True,0.0909324605779824,2.953884056116926
4058,47,63,True,0.0,0.0
4059,47,64,True,0.0,0.0
4060,47,65,True,0.0,0.0
4061,47,66,True,0.0,0.0
4062,47,67,True,0.0,0.0
4063,47,68,False,0.0,0.0
4064,47,69,False,0.0,0.0
4065,47,70,False,0.0,0.0
4066,47,71,False,0.0,0.0
4067,47,72,False,0.0,0.0
4068,47,73,False,0.0,0.0
4069,47,74,False,0.0,0.0
4070,47,75,False,0.0,0.0
4071,47,76,False,0.0,0.0
4072,47,77,False,0.0,0.0
4073,47,78,False,0.0,0.0
4074,47,79,False,0.0,0.0
4075,47,80,False,0.0,0.0
4076,47,81,False,0.0,0.0
4077,47,82,False,0.0,0.0
4078,47,83,False,0.0,0.0
4079,47,84,False,0.0,0.0
4080,48,0,False,0.0,0.0
4081,48,1,False,0.0,0.0
4082,48,2,True,0.0,0.0
4083,48,3,True,0.0,0.0
4084,48,4,True,0.0,0.0
4085,48,5,True,0.0,0.0
4086,48,6,True,0.0,0.0
4087,48,7,True,0.0,0.0
4088,48,8,True,0.0,0.0
4089,48,9,True,0.0,0.0
4090,48,10,True,0.0,0.0
4091,48,11,True,0.0,0.0
4092,48,12,True,0.0,0.0
4093,48,13,True,0.0,0.0
4094,48,14,True,0.0,0.0
4095,48,15,True,0.0,0.0
4096,48,16,True,0.0,0.0
4097,48,17,True,0.0,0.0
4098,48,18,True,0.0,0.0
4099,48,19,True,0.0,0.0
4100,48,20,True,0.0,0.0
4101,48,21,True,0.0,0.0
4102,48,22,True,0.0,0.0
4103,48,23,True,0.0,0.0
4104,48,24,True,0.0,0.0
4105,48,25,True,0.0,0.0
4106,48,26,True,0.0,0.0
4107,48,27,True,0.0,0.0
4108,48,28,True,0.0,0.0
4109,48,29,True,0.0,0.0
4110,48,30,True,0.0,0.0
4111,48,31,True,0.0,0.0
4112,48,32,True,0.0,0.0
4113,48,33,True,0.0,0.0
4114,48,34,True,0.0,0.0
4115,48,35,True,0.0,0.0
4116,48,36,True,0.0,0.0
4117,48,37,True,0.0,0.0
4118,48,38,True,0.0,0.0
4119,48,39,True,0.0,0.0
4120,48,40,True,0.0,0.0
4121,48,41,True,0.0,0.0
4122,48,42,True,0.0,0.0
4123,48,43,True,0.0,0.0
4124,48,44,True,0.0,0.0
4125,48,45,True,0.0,0.0
4126,48,46,True,0.0,0.0
4127,48,47,True,0.0,0.0
4128,48,48,False,0.0,0.0
4129,48,49,False,0.4148065546666915,5.61052970915279
4130,48,50,True,0.9999999999999996,7.5060452010066845
4131,48,51,True,1.0,7.468658184013827
4132,48,52,True,1.0,5.872289804756619
4133,48,53,True,0.8347738686445015,2.3242608201701622
4134,48,54,True,0.5117955713820578,1.6748761122939833
4135,48,55,True,0.5789255788639661,3.522245482950401
4136,48,56,True,0.7886339036072668,3.5284121007583615
4137,48,57,False,0.026575205526276634,1.3300940611938195
4138,48,58,True,1.481152042821808e-05,1.5
4139,48,59,False,0.07465756487316798,1.6690586984841675
4140,48,60,False,0.0,0.0
4141,48,61,True,0.0,0.0
4142,48,62,True,0.0,0.0
4143,48,63,True,0.0,0.0
4144,48,64,True,0.0,0.0
4145,48,65,True,0.0,0.0
4146,48,66,True,0.0,0.0
4147,48,67,False,0.0,0.0
4148,48,68,False,0.0,0.0
4149,48,69,False,0.0,0.0
4150,48,70,False,0.0,0.0
4151,48,71,False,0.0,0.0
4152,48,72,False,0.0,0.0
4153,48,73,False,0.0,0.0
4154,48,74,False,0.0,0.0
4155,48,75,False,0.0,0.0
4156,48,76,False,0.0,0.0
4157,48,77,False,0.0,0.0
4158,48,78,False,0.0,0.0
4159,48,79,False,0.0,0.0
4160,48,80,False,0.0,0.0
4161,48,81,False,0.0,0.0
4162,48,82,False,0.0,0.0
4163,48,83,False,0.0,0.0
4164,48,84,False,0.0,0.0
4165,49,0,False,0.0,0.0
4166,49,1,False,0.0,0.0
4167,49,2,True,0.0,0.0
4168,49,3,True,0.0,0.0
4169,49,4,True,0.0,0.0
4170,49,5,True,0.0,0.0
4171,49,6,True,0.0,0.0
4172,49,7,True,0.0,0.0
4173,49,8,True,0.0,0.0
4174,49,9,True,0.0,0.0
4175,49,10,True,0.0,0.0
4176,49,11,True,0.0,0.0
4177,49,12,True,0.0,0.0
4178,49,13,True,0.0,0.0
4179,49,14,True,0.0,0.0
4180,49,15,True,0.0,0.0
4181,49,16,True,0.0,0.0
4182,49,17,True,0.0,0.0
4183,49,18,True,0.0,0.0
4184,49,19,True,0.0,0.0
4185,49,20,True,0.0,0.0
4186,49,21,True,0.0,0.0
4187,49,22,True,0.0,0.0
4188,49,23,True,0.0,0.0
4189,49,24,True,0.0,0.0
4190,49,25,True,0.0,0.0
4191,49,26,True,0.0,0.0
4192,49,27,True,0.0,0.0
4193,49,28,True,0.0,0.0
4194,49,29,True,0.0,0.0
4195,49,30,True,0.0,0.0
4196,49,31,True,0.0,0.0
4197,49,32,True,0.0,0.0
4198,49,33,True,0.0,0.0
4199,49,34,True,0.0,0.0
4200,49,35,True,0.0,0.0
4201,49,36,True,0.0,0.0
4202,49,37,True,0.0,0.0
4203,49,38,True,0.0,0.0
4204,49,39,True,0.0,0.0
4205,49,40,True,0.0,0.0
4206,49,41,True,0.0,0.0
4207,49,42,True,0.0,0.0
4208,49,43,True,0.0,0.0
4209,49,44,True,0.0,0.0
4210,49,45,True,0.0,0.0
4211,49,46,True,0.0,0.0
4212,49,47,True,0.0,0.0
4213,49,48,False,0.006014288411274126,0.25
4214,49,49,True,0.8437303943298021,6.5128415860237885
4215,49,50,True,1.0,7.91963956361869
4216,49,51,True,1.0,4.582681903534968
4217,49,52,True,1.0,5.632944504500298
4218,49,53,False,0.5293709154149333,1.8999949436242258
4219,49,54,True,0.758443453381697,2.4354337350031856
4220,49,55,True,0.18231795722679678,1.9544517583959506
4221,49,56,True,0.21248639996422541,1.5815474407250647
4222,49,57,False,0.001543646619589274,0.75
4223,49,58,False,0.0,0.0
4224,49,59,True,0.0,0.0
4225,49,60,True,0.0,0.0
4226,49,61,True,0.0,0.0
4227,49,62,True,0.0,0.0
4228,49,63,True,0.0,0.0
4229,49,64,True,0.0,0.0
4230,49,65,True,0.0,0.0
4231,49,66,False,0.0,0.0
4232,49,67,False,0.0,0.0
4233,49,68,False,0.0,0.0
4234,49,69,False,0.0,0.0
4235,49,70,False,0.0,0.0
4236,49,71,False,0.0,0.0
4237,49,72,False,0.0,0.0
4238,49,73,False,0.0,0.0
4239,49,74,False,0.0,0.0
4240,49,75,False,0.0,0.0
4241,49,76,False,0.0,0.0
4242,49,77,False,0.0,0.0
4243,49,78,False,0.0,0.0
4244,49,79,False,0.0,0.0
4245,49,80,False,0.0,0.0
4246,49,81,False,0.0,0.0
4247,49,82,False,0.0,0.0
4248,49,83,False,0.0,0.0
4249,49,84,False,0.0,0.0
4250,50,0,False,0.0,0.0
4251,50,1,False,0.0,0.0
4252,50,2,False,0.0,0.0
4253,50,3,True,0.0,0.0
4254,50,4,True,0.0,0.0
4255,50,5,True,0.0,0.0
4256,50,6,True,0.0,0.0
4257,50,7,True,0.0,0.0
4258,50,8,True,0.0,0.0
4259,50,9,True,0.0,0.0
4260,50,10,True,0.0,0.0
4261,50,11,True,0.0,0.0
4262,50,12,True,0.0,0.0
4263,50,13,True,0.0,0.0
4264,50,14,True,0.0,0.0
4265,50,15,True,0.0,0.0
4266,50,16,True,0.0,0.0
4267,50,17,True,0.0,0.0
4268,50,18,True,0.0,0.0
4269,50,19,True,0.0,0.0
4270,50,20,True,0.0,0.0
4271,50,21,True,0.0,0.0
4272,50,22,True,0.0,0.0
4273,50,23,True,0.0,0.0
4274,50,24,True,0.0,0.0
4275,50,25,True,0.0,0.0
4276,50,26,True,0.0,0.0
4277,50,27,True,0.0,0.0
4278,50,28,True,0.0,0.0
4279,50,29,True,0.0,0.0
4280,50,30,True,0.0,0.0
4281,50,31,True,0.0,0.0
4282,50,32,True,0.0,0.0
4283,50,33,True,0.0,0.0
4284,50,34,True,0.0,0.0
4285,50,35,True,0.0,0.0
4286,50,36,True,0.0,0.0
4287,50,37,True,0.0,0.0
4288,50,38,True,0.0,0.0
4289,50,39,True,0.0,0.0
4290,50,40,True,0.0,0.0
4291,50,41,True,0.0,0.0
4292,50,42,True,0.0,0.0
4293,50,43,True,0.0,0.0
4294,50,44,True,0.0,0.0
4295,50,45,True,0.0,0.0
4296,50,46,True,0.0,0.0
4297,50,47,True,0.0,0.0
4298,50,48,False,0.017971915460966326,0.2505763049019356
4299,50,49,True,0.9556610142326093,4.515419955125108
4300,50,50,True,0.9999999999999999,7.439811760073529
4301,50,51,True,1.0,5.457621032375821
4302,50,52,True,1.0,5.065633580562398
4303,50,53,True,0.8147400785114652,2.424390410703944
4304,50,54,True,0.32081139249098123,4.023033959049842
4305,50,55,True,0.2486553878845415,4.219600632138578
4306,50,56,False,0.0,0.0
4307,50,57,False,0.0,0.0
4308,50,58,False,0.0,0.0
4309,50,59,True,0.0,0.0
4310,50,60,True,0.0,0.0
4311,50,61,True,0.0,0.0
4312,50,62,True,0.0,0.0
4313,50,63,True,0.0,0.0
4314,50,64,False,0.0,0.0
4315,50,65,False,0.0,0.0
4316,50,66,False,0.0,0.0
4317,50,67,False,0.0,0.0
4318,50,68,False,0.0,0.0
4319,50,69,False,0.0,0.0
4320,50,70,False,0.0,0.0
4321,50,71,False,0.0,0.0
4322,50,72,False,0.0,0.0
4323,50,73,False,0.0,0.0
4324,50,74,False,0.0,0.0
4325,50,75,False,0.0,0.0
4326,50,76,False,0.0,0.0
4327,50,77,False,0.0,0.0
4328,50,78,False,0.0,0.0
4329,50,79,False,0.0,0.0
4330,50,80,False,0.0,0.0
4331,50,81,False,0.0,0.0
4332,50,82,False,0.0,0.0
4333,50,83,False,0.0,0.0
4334,50,84,False,0.0,0.0
4335,51,0,False,0.0,0.0
4336,51,1,False,0.0,0.0
4337,51,2,True,0.0,0.0
4338,51,3,True,0.0,0.0
4339,51,4,True,0.0,0.0
4340,51,5,True,0.0,0.0
4341,51,6,True,0.0,0.0
4342,51,7,True,0.0,0.0
4343,51,8,True,0.0,0.0
4344,51,9,True,0.0,0.0
4345,51,10,True,0.0,0.0
4346,51,11,True,0.0,0.0
4347,51,12,True,0.0,0.0
4348,51,13,True,0.0,0.0
4349,51,14,True,0.0,0.0
4350,51,15,True,0.0,0.0
4351,51,16,True,0.0,0.0
4352,51,17,True,0.0,0.0
4353,51,18,True,0.0,0.0
4354,51,19,True,0.0,0.0
4355,51,20,True,0.0,0.0
4356,51,21,True,0.0,0.0
4357,51,22,True,0.0,0.0
4358,51,23,True,0.0,0.0
4359,51,24,True,0.0,0.0
4360,51,25,True,0.0,0.0
4361,51,26,True,0.0,0.0
4362,51,27,True,0.0,0.0
4363,51,28,True,0.0,0.0
4364,51,29,True,0.0,0.0
4365,51,30,True,0.0,0.0
4366,51,31,True,0.0,0.0
4367,51,32,True,0.0,0.0
4368,51,33,True,0.0,0.0
4369,51,34,True,0.0,0.0
4370,51,35,True,0.0,0.0
4371,51,36,True,0.0,0.0
4372,51,37,True,0.0,0.0
4373,51,38,True,0.0,0.0
4374,51,39,True,0.0,0.0
4375,51,40,True,0.0,0.0
4376,51,41,True,0.0,0.0
4377,51,42,True,0.0,0.0
4378,51,43,True,0.0,0.0
4379,51,44,True,0.0,0.0
4380,51,45,True,0.0,0.0
4381,51,46,True,0.0,0.0
4382,51,47,True,0.0,0.0
4383,51,48,False,0.0,0.0
4384,51,49,True,0.806383581557464,7.859718202228316
4385,51,50,True,1.0,9.083046222614204
4386,51,51,True,0.9999999999999999,7.769982211925521
4387,51,52,True,1.0,5.990976917163462
4388,51,53,True,0.982619177877308,4.054800063859694
4389,51,54,False,0.12646532193346305,0.37128353605796177
4390,51,55,False,0.0,0.0
4391,51,56,False,0.0,0.0
4392,51,57,False,0.0,0.0
4393,51,58,False,0.0,0.0
4394,51,59,False,0.0,0.0
4395,51,60,False,0.0,0.0
4396,51,61,False,0.0,0.0
4397,51,62,False,0.0,0.0
4398,51,63,False,0.0,0.0
4399,51,64,False,0.0,0.0
4400,51,65,False,0.0,0.0
4401,51,66,False,0.0,0.0
4402,51,67,False,0.0,0.0
4403,51,68,False,0.0,0.0
4404,51,69,False,0.0,0.0
4405,51,70,False,0.0,0.0
4406,51,71,False,0.0,0.0
4407,51,72,False,0.0,0.0
4408,51,73,False,0.0,0.0
4409,51,74,False,0.0,0.0
4410,51,75,False,0.0,0.0
4411,51,76,False,0.0,0.0
4412,51,77,False,0.0,0.0
4413,51,78,False,0.0,0.0
4414,51,79,False,0.0,0.0
4415,51,80,False,0.0,0.0
4416,51,81,False,0.0,0.0
4417,51,82,False,0.0,0.0
4418,51,83,False,0.0,0.0
4419,51,84,False,0.0,0.0
4420,52,0,False,0.0,0.0
4421,52,1,False,0.0,0.0
4422,52,2,True,0.0,0.0
4423,52,3,True,0.0,0.0
4424,52,4,True,0.0,0.0
4425,52,5,True,0.0,0.0
4426,52,6,True,0.0,0.0
4427,52,7,True,0.0,0.0
4428,52,8,True,0.0,0.0
4429,52,9,True,0.0,0.0
4430,52,10,True,0.0,0.0
4431,52,11,True,0.0,0.0
4432,52,12,True,0.0,0.0
4433,52,13,True,0.0,0.0
4434,52,14,True,0.0,0.0
4435,52,15,True,0.0,0.0
4436,52,16,True,0.0,0.0
4437,52,17,True,0.0,0.0
4438,52,18,True,0.0,0.0
4439,52,19,True,0.0,0.0
4440,52,20,True,0.0,0.0
4441,52,21,True,0.0,0.0
4442,52,22,True,0.0,0.0
4443,52,23,True,0.0,0.0
4444,52,24,True,0.0,0.0
4445,52,25,True,0.0,0.0
4446,52,26,True,0.0,0.0
4447,52,27,True,0.0,0.0
4448,52,28,True,0.0,0.0
4449,52,29,True,0.0,0.0
4450,52,30,True,0.0,0.0
4451,52,31,True,0.0,0.0
4452,52,32,True,0.0,0.0
4453,52,33,True,0.0,0.0
4454,52,34,True,0.0,0.0
4455,52,35,True,0.0,0.0
4456,52,36,True,0.0,0.0
4457,52,37,True,0.0,0.0
4458,52,38,True,0.0,0.0
4459,52,39,True,0.0,0.0
4460,52,40,True,0.0,0.0
4461,52,41,True,0.0,0.0
4462,52,42,True,0.0,0.0
4463,52,43,True,0.0,0.0
4464,52,44,True,0.0,0.0
4465,52,45,True,0.0,0.0
4466,52,46,True,0.0,0.0
4467,52,47,True,0.0,0.0
4468,52,48,False,0.0575163189360554,0.4501160548320748
4469,52,49,True,0.9672927003927652,5.318440987812534
4470,52,50,True,0.9999999999999997,8.85916371802253
4471,52,51,True,1.0,9.379184421285423
4472,52,52,True,1.0,5.441199858317785
4473,52,53,True,1.0,0.9626145107435664
4474,52,54,False,0.48592395332352273,0.2528588061067889
4475,52,55,False,0.0,0.0
4476,52,56,False,0.0,0.0
4477,52,57,False,0.0,0.0
4478,52,58,False,0.0,0.0
4479,52,59,False,0.0,0.0
4480,52,60,False,0.0,0.0
4481,52,61,False,0.0,0.0
4482,52,62,False,0.0,0.0
4483,52,63,False,0.0,0.0
4484,52,64,False,0.0,0.0
4485,52,65,False,0.0,0.0
4486,52,66,False,0.0,0.0
4487,52,67,False,0.0,0.0
4488,52,68,False,0.0,0.0
4489,52,69,False,0.0,0.0
4490,52,70,False,0.0,0.0
4491,52,71,False,0.0,0.0
4492,52,72,False,0.0,0.0
4493,52,73,False,0.0,0.0
4494,52,74,False,0.0,0.0
4495,52,75,False,0.0,0.0
4496,52,76,False,0.0,0.0
4497,52,77,False,0.0,0.0
4498,52,78,False,0.0,0.0
4499,52,79,False,0.0,0.0
4500,52,80,False,0.0,0.0
4501,52,81,False,0.0,0.0
4502,52,82,False,0.0,0.0
4503,52,83,False,0.0,0.0
4504,52,84,False,0.0,0.0
4505,53,0,False,0.0,0.0
4506,53,1,False,0.0,0.0
4507,53,2,True,0.0,0.0
4508,53,3,True,0.0,0.0
4509,53,4,True,0.0,0.0
4510,53,5,True,0.0,0.0
4511,53,6,True,0.0,0.0
4512,53,7,True,0.0,0.0
4513,53,8,True,0.0,0.0
4514,53,9,True,0.0,0.0
4515,53,10,True,0.0,0.0
4516,53,11,True,0.0,0.0
4517,53,12,True,0.0,0.0
4518,53,13,True,0.0,0.0
4519,53,14,True,0.0,0.0
4520,53,15,True,0.0,0.0
4521,53,16,True,0.0,0.0
4522,53,17,True,0.0,0.0
4523,53,18,True,0.0,0.0
4524,53,19,True,0.0,0.0
4525,53,20,True,0.0,0.0
4526,53,21,True,0.0,0.0
4527,53,22,True,0.0,0.0
4528,53,23,True,0.0,0.0
4529,53,24,True,0.0,0.0
4530,53,25,True,0.0,0.0
4531,53,26,True,0.0,0.0
4532,53,27,True,0.0,0.0
4533,53,28,True,0.0,0.0
4534,53,29,True,0.0,0.0
4535,53,30,True,0.0,0.0
4536,53,31,True,0.0,0.0
4537,53,32,True,0.0,0.0
4538,53,33,True,0.0,0.0
4539,53,34,True,0.0,0.0
4540,53,35,True,0.0,0.0
4541,53,36,True,0.0,0.0
4542,53,37,True,0.0,0.0
4543,53,38,True,0.0,0.0
4544,53,39,True,0.0,0.0
4545,53,40,True,0.0,0.0
4546,53,41,True,0.0,0.0
4547,53,42,True,0.0,0.0
4548,53,43,True,0.0,0.0
4549,53,44,True,0.0,0.0
4550,53,45,True,0.0,0.0
4551,53,46,True,0.0,0.0
4552,53,47,False,0.0,0.0
4553,53,48,True,0.5708826535205235,5.531184263157671
4554,53,49,True,1.0,7.452596693102947
4555,53,50,True,1.0,7.252532543526108
4556,53,51,True,1.0,6.376864038364632
4557,53,52,True,1.0,5.344105835222483
4558,53,53,True,0.8348685461613147,0.4439179126415017
4559,53,54,False,0.49404334788964765,1.959380121607073
4560,53,55,False,0.0,0.0
4561,53,56,False,0.0,0.0
4562,53,57,False,0.0,0.0
4563,53,58,False,0.0,0.0
4564,53,59,False,0.0,0.0
4565,53,60,False,0.0,0.0
4566,53,61,False,0.0,0.0
4567,53,62,False,0.0,0.0
4568,53,63,False,0.0,0.0
4569,53,64,False,0.0,0.0
4570,53,65,False,0.0,0.0
4571,53,66,False,0.0,0.0
4572,53,67,False,0.0,0.0
4573,53,68,False,0.0,0.0
4574,53,69,False,0.0,0.0
4575,53,70,False,0.0,0.0
4576,53,71,False,0.0,0.0
4577,53,72,False,0.0,0.0
4578,53,73,False,0.0,0.0
4579,53,74,False,0.0,0.0
4580,53,75,False,0.0,0.0
4581,53,76,False,0.0,0.0
4582,53,77,False,0.0,0.0
4583,53,78,False,0.0,0.0
4584,53,79,False,0.0,0.0
4585,53,80,False,0.0,0.0
4586,53,81,False,0.0,0.0
4587,53,82,False,0.0,0.0
4588,53,83,False,0.0,0.0
4589,53,84,False,0.0,0.0
4590,54,0,False,0.0,0.0
4591,54,1,True,0.0,0.0
4592,54,2,True,0.0,0.0
4593,54,3,True,0.0,0.0
4594,54,4,True,0.0,0.0
4595,54,5,True,0.0,0.0
4596,54,6,True,0.0,0.0
4597,54,7,True,0.0,0.0
4598,54,8,True,0.0,0.0
4599,54,9,True,0.0,0.0
4600,54,10,True,0.0,0.0
4601,54,11,True,0.0,0.0
4602,54,12,True,0.0,0.0
4603,54,13,True,0.0,0.0
4604,54,14,True,0.0,0.0
4605,54,15,True,0.0,0.0
4606,54,16,True,0.0,0.0
4607,54,17,True,0.0,0.0
4608,54,18,True,0.0,0.0
4609,54,19,True,0.0,0.0
4610,54,20,True,0.0,0.0
4611,54,21,True,0.0,0.0
4612,54,22,True,0.0,0.0
4613,54,23,True,0.0,0.0
4614,54,24,True,0.0,0.0
4615,54,25,True,0.0,0.0
4616,54,26,True,0.0,0.0
4617,54,27,True,0.0,0.0
4618,54,28,True,0.0,0.0
4619,54,29,True,0.0,0.0
4620,54,30,True,0.0,0.0
4621,54,31,True,0.0,0.0
4622,54,32,True,0.0,0.0
4623,54,33,True,0.0,0.0
4624,54,34,True,0.0,0.0
4625,54,35,True,0.0,0.0
4626,54,36,True,0.0,0.0
4627,54,37,True,0.0,0.0
4628,54,38,True,0.0,0.0
4629,54,39,True,0.0,0.0
4630,54,40,True,0.0,0.0
4631,54,41,True,0.0,0.0
4632,54,42,True,0.0,0.0
4633,54,43,True,0.0,0.0
4634,54,44,True,0.0,0.0
4635,54,45,True,0.0,0.0
4636,54,46,True,0.0,0.0
4637,54,47,False,0.0,0.0
4638,54,48,True,0.5401989044841619,7.662958299712288
4639,54,49,True,0.9999999999999999,7.928469256661612
4640,54,50,True,1.0,6.208330610441699
4641,54,51,True,0.998105450779893,2.1035514746355504
4642,54,52,True,0.7107925255780294,3.3834255050487823
4643,54,53,True,0.7746462099534911,8.394014440708812
4644,54,54,True,0.8581501031360477,7.967070020544383
4645,54,55,False,0.0,0.0
4646,54,56,False,0.0,0.0
4647,54,57,False,0.0,0.0
4648,54,58,False,0.0,0.0
4649,54,59,False,0.0,0.0
4650,54,60,False,0.0,0.0
4651,54,61,False,0.0,0.0
4652,54,62,False,0.0,0.0
4653,54,63,False,0.0,0.0
4654,54,64,False,0.0,0.0
4655,54,65,False,0.0,0.0
4656,54,66,False,0.0,0.0
4657,54,67,False,0.0,0.0
4658,54,68,False,0.0,0.0
4659,54,69,False,0.0,0.0
4660,54,70,False,0.0,0.0
4661,54,71,False,0.0,0.0
4662,54,72,False,0.0,0.0
4663,54,73,False,0.0,0.0
4664,54,74,False,0.0,0.0
4665,54,75,False,0.0,0.0
4666,54,76,False,0.0,0.0
4667,54,77,False,0.0,0.0
4668,54,78,False,0.0,0.0
4669,54,79,False,0.0,0.0
4670,54,80,False,0.0,0.0
4671,54,81,False,0.0,0.0
4672,54,82,False,0.0,0.0
4673,54,83,False,0.0,0.0
4674,54,84,False,0.0,0.0
4675,55,0,True,0.0,0.0
4676,55,1,True,0.0,0.0
4677,55,2,True,0.0,0.0
4678,55,3,True,0.0,0.0
4679,55,4,True,0.0,0.0
4680,55,5,True,0.0,0.0
4681,55,6,True,0.0,0.0
4682,55,7,True,0.0,0.0
4683,55,8,True,0.0,0.0
4684,55,9,True,0.0,0.0
4685,55,10,True,0.0,0.0
4686,55,11,True,0.0,0.0
4687,55,12,True,0.0,0.0
4688,55,13,True,0.0,0.0
4689,55,14,True,0.0,0.0
4690,55,15,True,0.0,0.0
4691,55,16,True,0.0,0.0
4692,55,17,True,0.0,0.0
4693,55,18,True,0.0,0.0
4694,55,19,True,0.0,0.0
4695,55,20,True,0.0,0.0
4696,55,21,True,0.0,0.0
4697,55,22,True,0.0,0.0
4698,55,23,True,0.0,0.0
4699,55,24,True,0.0,0.0
4700,55,25,True,0.0,0.0
4701,55,26,True,0.0,0.0
4702,55,27,True,0.0,0.0
4703,55,28,True,0.0,0.0
4704,55,29,True,0.0,0.0
4705,55,30,True,0.0,0.0
4706,55,31,True,0.0,0.0
4707,55,32,True,0.0,0.0
4708,55,33,True,0.0,0.0
4709,55,34,True,0.0,0.0
4710,55,35,True,0.0,0.0
4711,55,36,True,0.0,0.0
4712,55,37,True,0.0,0.0
4713,55,38,True,0.0,0.0
4714,55,39,True,0.0,0.0
4715,55,40,True,0.0,0.0
4716,55,41,True,0.0,0.0
4717,55,42,True,0.0,0.0
4718,55,43,True,0.0,0.0
4719,55,44,True,0.0,0.0
4720,55,45,True,0.0,0.0
4721,55,46,True,0.0,0.0
4722,55,47,False,0.0,0.0
4723,55,48,False,0.30432632867398823,5.419048178829195
4724,55,49,True,1.0,9.621974404090839
4725,55,50,True,0.998946946458367,7.750495948196314
4726,55,51,True,0.6227503560618185,3.323920085773689
4727,55,52,True,0.8810361851743184,8.741142972343267
4728,55,53,True,0.9999999999999999,11.362837816339384
4729,55,54,True,0.6868791621547533,4.8634914087823
4730,55,55,False,0.0,0.0
4731,55,56,False,0.0,0.0
4732,55,57,False,0.0,0.0
4733,55,58,False,0.0,0.0
4734,55,59,False,0.0,0.0
4735,55,60,False,0.0,0.0
4736,55,61,False,0.0,0.0
4737,55,62,False,0.0,0.0
4738,55,63,False,0.0,0.0
4739,55,64,False,0.0,0.0
4740,55,65,False,0.0,0.0
4741,55,66,False,0.0,0.0
4742,55,67,False,0.0,0.0
4743,55,68,False,0.0,0.0
4744,55,69,False,0.0,0.0
4745,55,70,False,0.0,0.0
4746,55,71,False,0.0,0.0
4747,55,72,False,0.0,0.0
4748,55,73,False,0.0,0.0
4749,55,74,False,0.0,0.0
4750,55,75,False,0.0,0.0
4751,55,76,False,0.0,0.0
4752,55,77,False,0.0,0.0
4753,55,78,False,0.0,0.0
4754,55,79,False,0.0,0.0
4755,55,80,False,0.0,0.0
4756,55,81,False,0.0,0.0
4757,55,82,False,0.0,0.0
4758,55,83,False,0.0,0.0
4759,55,84,False,0.0,0.0
4760,56,0,False,0.0,0.0
4761,56,1,False,0.0,0.0
4762,56,2,False,0.0,0.0
4763,56,3,False,0.0,0.0
4764,56,4,False,0.0,0.0
4765,56,5,True,0.0,0.0
4766,56,6,True,0.0,0.0
4767,56,7,True,0.0,0.0
4768,56,8,True,0.0,0.0
4769,56,9,True,0.0,0.0
4770,56,10,True,0.0,0.0
4771,56,11,True,0.0,0.0
4772,56,12,True,0.0,0.0
4773,56,13,True,0.0,0.0
4774,56,14,True,0.0,0.0
4775,56,15,True,0.0,0.0
4776,56,16,True,0.0,0.0
4777,56,17,True,0.0,0.0
4778,56,18,True,0.0,0.0
4779,56,19,True,0.0,0.0
4780,56,20,True,0.0,0.0
4781,56,21,True,0.0,0.0
4782,56,22,True,0.0,0.0
4783,56,23,True,0.0,0.0
4784,56,24,True,0.0,0.0
4785,56,25,True,0.0,0.0
4786,56,26,True,0.0,0.0
4787,56,27,True,0.0,0.0
4788,56,28,True,0.0,0.0
4789,56,29,True,0.0,0.0
4790,56,30,True,0.0,0.0
4791,56,31,True,0.0,0.0
4792,56,32,True,0.0,0.0
4793,56,33,True,0.0,0.0
4794,56,34,True,0.0,0.0
4795,56,35,True,0.0,0.0
4796,56,36,True,0.0,0.0
4797,56,37,True,0.0,0.0
4798,56,38,True,0.0,0.0
4799,56,39,True,0.0,0.0
4800,56,40,True,0.0,0.0
4801,56,41,True,0.0,0.0
4802,56,42,True,0.0,0.0
4803,56,43,True,0.0,0.0
4804,56,44,True,0.0,0.0
4805,56,45,True,0.0,0.0
4806,56,46,False,0.0,0.0
4807,56,47,False,0.0,0.0
4808,56,48,True,0.5212374556863186,1.5875821785168678
4809,56,49,True,0.9425259608711453,6.352543821986643
4810,56,50,False,0.5974682216862778,3.0413341472782025
4811,56,51,True,0.8631746108366337,10.096698544588255
4812,56,52,True,1.0,12.077864023357233
4813,56,53,True,0.9871330137903831,8.701566884469319
4814,56,54,True,0.2883532305148243,2.015448248025
4815,56,55,False,0.0,0.0
4816,56,56,False,0.0,0.0
4817,56,57,False,0.0,0.0
4818,56,58,False,0.0,0.0
4819,56,59,False,0.0,0.0
4820,56,60,False,0.0,0.0
4821,56,61,False,0.0,0.0
4822,56,62,False,0.0,0.0
4823,56,63,False,0.0,0.0
4824,56,64,False,0.0,0.0
4825,56,65,False,0.0,0.0
4826,56,66,False,0.0,0.0
4827,56,67,False,0.0,0.0
4828,56,68,False,0.0,0.0
4829,56,69,False,0.0,0.0
4830,56,70,False,0.0,0.0
4831,56,71,False,0.0,0.0
4832,56,72,False,0.0,0.0
4833,56,73,False,0.0,0.0
4834,56,74,False,0.0,0.0
4835,56,75,False,0.0,0.0
4836,56,76,False,0.0,0.0
4837,56,77,False,0.0,0.0
4838,56,78,False,0.0,0.0
4839,56,79,False,0.0,0.0
4840,56,80,False,0.0,0.0
4841,56,81,False,0.0,0.0
4842,56,82,False,0.0,0.0
4843,56,83,False,0.0,0.0
4844,56,84,False,0.0,0.0
4845,57,0,False,0.0,0.0
4846,57,1,False,0.0,0.0
4847,57,2,False,0.0,0.0
4848,57,3,False,0.0,0.0
4849,57,4,False,0.0,0.0
4850,57,5,True,0.0,0.0
4851,57,6,False,0.0,0.0
4852,57,7,False,0.0,0.0
4853,57,8,True,0.0,0.0
4854,57,9,True,0.0,0.0
4855,57,10,True,0.0,0.0
4856,57,11,True,0.0,0.0
4857,57,12,True,0.0,0.0
4858,57,13,True,0.0,0.0
4859,57,14,True,0.0,0.0
4860,57,15,True,0.0,0.0
4861,57,16,True,0.0,0.0
4862,57,17,True,0.0,0.0
4863,57,18,True,0.0,0.0
4864,57,19,True,0.0,0.0
4865,57,20,True,0.0,0.0
4866,57,21,True,0.0,0.0
4867,57,22,True,0.0,0.0
4868,57,23,True,0.0,0.0
4869,57,24,True,0.0,0.0
4870,57,25,True,0.0,0.0
4871,57,26,True,0.0,0.0
4872,57,27,True,0.0,0.0
4873,57,28,True,0.0,0.0
4874,57,29,True,0.0,0.0
4875,57,30,True,0.0,0.0
4876,57,31,True,0.0,0.0
4877,57,32,True,0.0,0.0
4878,57,33,True,0.0,0.0
4879,57,34,True,0.0,0.0
4880,57,35,True,0.0,0.0
4881,57,36,True,0.0,0.0
4882,57,37,True,0.0,0.0
4883,57,38,True,0.0,0.0
4884,57,39,True,0.0,0.0
4885,57,40,True,0.0,0.0
4886,57,41,True,0.0,0.0
4887,57,42,True,0.0,0.0
4888,57,43,True,0.0,0.0
4889,57,44,False,0.0,0.0
4890,57,45,False,0.0,0.0
4891,57,46,False,0.08705160909436253,1.6631638222113883
4892,57,47,True,0.437294240872652,6.5599947145855575
4893,57,48,True,0.48290259657192974,6.591306654386819
4894,57,49,True,0.5422433333685576,4.054680055908098
4895,57,50,True,0.8328146869742653,4.182548966454774
4896,57,51,True,0.6811676958323251,8.378611177388606
4897,57,52,True,0.8399684785261173,7.837165195996929
4898,57,53,True,0.984606899282154,7.9307231948706916
4899,57,54,False,0.4404464156988599,1.5625749804433904
4900,57,55,False,0.0,0.0
4901,57,56,False,0.0,0.0
4902,57,57,False,0.0,0.0
4903,57,58,False,0.0,0.0
4904,57,59,False,0.0,0.0
4905,57,60,False,0.0,0.0
4906,57,61,False,0.0,0.0
4907,57,62,False,0.0,0.0
4908,57,63,False,0.0,0.0
4909,57,64,False,0.0,0.0
4910,57,65,False,0.0,0.0
4911,57,66,False,0.0,0.0
4912,57,67,False,0.0,0.0
4913,57,68,False,0.0,0.0
4914,57,69,False,0.0,0.0
4915,57,70,False,0.0,0.0
4916,57,71,False,0.0,0.0
4917,57,72,False,0.0,0.0
4918,57,73,False,0.0,0.0
4919,57,74,False,0.0,0.0
4920,57,75,False,0.0,0.0
4921,57,76,False,0.0,0.0
4922,57,77,False,0.0,0.0
4923,57,78,False,0.0,0.0
4924,57,79,False,0.0,0.0
4925,57,80,False,0.0,0.0
4926,57,81,False,0.0,0.0
4927,57,82,False,0.0,0.0
4928,57,83,False,0.0,0.0
4929,57,84,False,0.0,0.0
4930,58,0,False,0.0,0.0
4931,58,1,False,0.0,0.0
4932,58,2,False,0.0,0.0
4933,58,3,False,0.0,0.0
4934,58,4,False,0.0,0.0
4935,58,5,False,0.0,0.0
4936,58,6,False,0.0,0.0
4937,58,7,False,0.0,0.0
4938,58,8,False,0.0,0.0
4939,58,9,True,0.0,0.0
4940,58,10,True,0.0,0.0
4941,58,11,True,0.0,0.0
4942,58,12,True,0.0,0.0
4943,58,13,True,0.0,0.0
4944,58,14,True,0.0,0.0
4945,58,15,True,0.0,0.0
4946,58,16,True,0.0,0.0
4947,58,17,True,0.0,0.0
4948,58,18,True,0.0,0.0
4949,58,19,True,0.0,0.0
4950,58,20,True,0.0,0.0
4951,58,21,True,0.0,0.0
4952,58,22,True,0.0,0.0
4953,58,23,True,0.0,0.0
4954,58,24,True,0.0,0.0
4955,58,25,True,0.0,0.0
4956,58,26,True,0.0,0.0
4957,58,27,True,0.0,0.0
4958,58,28,True,0.0,0.0
4959,58,29,True,0.0,0.0
4960,58,30,True,0.0,0.0
4961,58,31,True,0.0,0.0
4962,58,32,True,0.0,0.0
4963,58,33,True,0.0,0.0
4964,58,34,True,0.0,0.0
4965,58,35,True,0.0,0.0
4966,58,36,True,0.0,0.0
4967,58,37,True,0.0,0.0
4968,58,38,True,0.0,0.0
4969,58,39,True,0.0,0.0
4970,58,40,True,0.0,0.0
4971,58,41,True,0.0,0.0
4972,58,42,True,0.0,0.0
4973,58,43,False,0.0,0.0
4974,58,44,False,0.018727526671217746,1.5818920940403687
4975,58,45,True,0.42840656396979215,2.6090820433963846
4976,58,46,True,0.7927523952851688,6.573368281993782
4977,58,47,True,1.0,10.257531075632293
4978,58,48,True,0.9968809401472306,8.86008974513468
4979,58,49,True,0.823808834223834,8.517718321163144
4980,58,50,True,1.0,10.797342299198931
4981,58,51,True,0.9788518060799727,8.154379592506467
4982,58,52,True,0.9848379621899391,8.441773647998128
4983,58,53,True,0.3718067532287606,4.639298476770672
4984,58,54,False,0.28621386672180144,1.5690784850039343
4985,58,55,False,0.0,0.0
4986,58,56,False,0.0,0.0
4987,58,57,False,0.0,0.0
4988,58,58,False,0.0,0.0
4989,58,59,False,0.0,0.0
4990,58,60,False,0.0,0.0
4991,58,61,False,0.0,0.0
4992,58,62,False,0.0,0.0
4993,58,63,False,0.0,0.0
4994,58,64,False,0.0,0.0
4995,58,65,False,0.0,0.0
4996,58,66,False,0.0,0.0
4997,58,67,False,0.0,0.0
4998,58,68,False,0.0,0.0
4999,58,69,False,0.0,0.0
5000,58,70,False,0.0,0.0
5001,58,71,False,0.0,0.0
5002,58,72,False,0.0,0.0
5003,58,73,False,0.0,0.0
5004,58,74,False,0.0,0.0
5005,58,75,False,0.0,0.0
5006,58,76,False,0.0,0.0
5007,58,77,False,0.0,0.0
5008,58,78,False,0.0,0.0
5009,58,79,False,0.0,0.0
5010,58,80,False,0.0,0.0
5011,58,81,False,0.0,0.0
5012,58,82,False,0.0,0.0
5013,58,83,False,0.0,0.0
5014,58,84,False,0.0,0.0
5015,59,0,False,0.0,0.0
5016,59,1,False,0.0,0.0
5017,59,2,False,0.0,0.0
5018,59,3,False,0.0,0.0
5019,59,4,False,0.0,0.0
5020,59,5,False,0.0,0.0
5021,59,6,False,0.0,0.0
5022,59,7,False,0.0,0.0
5023,59,8,True,0.0,0.0
5024,59,9,True,0.0,0.0
5025,59,10,True,0.0,0.0
5026,59,11,True,0.0,0.0
5027,59,12,True,0.0,0.0
5028,59,13,True,0.0,0.0
5029,59,14,True,0.0,0.0
5030,59,15,True,0.0,0.0
5031,59,16,True,0.0,0.0
5032,59,17,True,0.0,0.0
5033,59,18,True,0.0,0.0
5034,59,19,True,0.0,0.0
5035,59,20,True,0.0,0.0
5036,59,21,True,0.0,0.0
5037,59,22,True,0.0,0.0
5038,59,23,True,0.0,0.0
5039,59,24,True,0.0,0.0
5040,59,25,True,0.0,0.0
5041,59,26,True,0.0,0.0
5042,59,27,True,0.0,0.0
5043,59,28,True,0.0,0.0
5044,59,29,True,0.0,0.0
5045,59,30,True,0.0,0.0
5046,59,31,True,0.0,0.0
5047,59,32,True,0.0,0.0
5048,59,33,True,0.0,0.0
5049,59,34,True,0.0,0.0
5050,59,35,True,0.0,0.0
5051,59,36,True,0.0,0.0
5052,59,37,True,0.0,0.0
5053,59,38,True,0.0,0.0
5054,59,39,True,0.0,0.0
5055,59,40,True,0.0,0.0
5056,59,41,True,0.0,0.0
5057,59,42,False,0.0,0.0
5058,59,43,False,0.0,0.0
5059,59,44,True,0.4492304956500227,4.515558932158067
5060,59,45,True,0.9872589512765485,9.306503454746004
5061,59,46,True,0.9999999999999999,10.564112183215299
5062,59,47,True,0.569096664308373,6.143721850505244
5063,59,48,True,0.5848609598662062,3.514822690841921
5064,59,49,True,0.4012122357403225,1.7518893516059346
5065,59,50,True,0.705077026318812,5.859891251574716
5066,59,51,True,0.5924314060991372,4.3019940134298045
5067,59,52,True,0.633390621980667,8.088205530832779
5068,59,53,False,0.29339501503627113,5.241138154639346
5069,59,54,False,0.003413511250217118,1.619802624935064
5070,59,55,False,0.0,0.0
5071,59,56,False,0.0,0.0
5072,59,57,False,0.0,0.0
5073,59,58,False,0.0,0.0
5074,59,59,False,0.0,0.0
5075,59,60,False,0.0,0.0
5076,59,61,False,0.0,0.0
5077,59,62,False,0.0,0.0
5078,59,63,False,0.0,0.0
5079,59,64,False,0.0,0.0
5080,59,65,False,0.0,0.0
5081,59,66,False,0.0,0.0
5082,59,67,False,0.0,0.0
5083,59,68,False,0.0,0.0
5084,59,69,False,0.0,0.0
5085,59,70,False,0.0,0.0
5086,59,71,False,0.0,0.0
5087,59,72,False,0.0,0.0
5088,59,73,False,0.0,0.0
5089,59,74,False,0.0,0.0
5090,59,75,False,0.0,0.0
5091,59,76,False,0.0,0.0
5092,59,77,False,0.0,0.0
5093,59,78,False,0.0,0.0
5094,59,79,False,0.0,0.0
5095,59,80,False,0.0,0.0
5096,59,81,False,0.0,0.0
5097,59,82,False,0.0,0.0
5098,59,83,False,0.0,0.0
5099,59,84,False,0.0,0.0
5100,60,0,False,0.0,0.0
5101,60,1,False,0.0,0.0
5102,60,2,False,0.0,0.0
5103,60,3,False,0.0,0.0
5104,60,4,False,0.0,0.0
5105,60,5,False,0.0,0.0
5106,60,6,False,0.0,0.0
5107,60,7,False,0.0,0.0
5108,60,8,True,0.0,0.0
5109,60,9,True,0.0,0.0
5110,60,10,True,0.0,0.0
5111,60,11,True,0.0,0.0
5112,60,12,True,0.0,0.0
5113,60,13,True,0.0,0.0
5114,60,14,True,0.0,0.0
5115,60,15,True,0.0,0.0
5116,60,16,True,0.0,0.0
5117,60,17,True,0.0,0.0
5118,60,18,True,0.0,0.0
5119,60,19,True,0.0,0.0
5120,60,20,True,0.0,0.0
5121,60,21,True,0.0,0.0
5122,60,22,True,0.0,0.0
5123,60,23,True,0.0,0.0
5124,60,24,True,0.0,0.0
5125,60,25,True,0.0,0.0
5126,60,26,True,0.0,0.0
5127,60,27,True,0.0,0.0
5128,60,28,True,0.0,0.0
5129,60,29,True,0.0,0.0
5130,60,30,True,0.0,0.0
5131,60,31,True,0.0,0.0
5132,60,32,True,0.0,0.0
5133,60,33,True,0.0,0.0
5134,60,34,True,0.0,0.0
5135,60,35,True,0.0,0.0
5136,60,36,True,0.0,0.0
5137,60,37,True,0.0,0.0
5138,60,38,True,0.0,0.0
5139,60,39,True,0.0,0.0
5140,60,40,False,0.0,0.0
5141,60,41,False,0.0,0.0
5142,60,42,False,0.0,0.0
5143,60,43,False,0.22720202086919852,7.637401758584794
5144,60,44,True,0.6629818777596522,7.019959112970941
5145,60,45,True,0.9140784160264546,9.423941337327342
5146,60,46,True,0.6166756626264748,9.701731455105381
5147,60,47,False,0.3425900761854613,6.0363228487739224
5148,60,48,False,0.030264480879503772,1.5
5149,60,49,False,0.002563948161040752,1.5
5150,60,50,False,0.0,0.0
5151,60,51,False,0.0,0.0
5152,60,52,False,0.0,0.0
5153,60,53,False,0.0,0.0
5154,60,54,False,0.0,0.0
5155,60,55,False,0.0,0.0
5156,60,56,False,0.0,0.0
5157,60,57,False,0.0,0.0
5158,60,58,False,0.0,0.0
5159,60,59,False,0.0,0.0
5160,60,60,False,0.0,0.0
5161,60,61,False,0.0,0.0
5162,60,62,False,0.0,0.0
5163,60,63,False,0.0,0.0
5164,60,64,False,0.0,0.0
5165,60,65,False,0.0,0.0
5166,60,66,False,0.0,0.0
5167,60,67,False,0.0,0.0
5168,60,68,False,0.0,0.0
5169,60,69,False,0.0,0.0
5170,60,70,False,0.0,0.0
5171,60,71,False,0.0,0.0
5172,60,72,False,0.0,0.0
5173,60,73,False,0.0,0.0
5174,60,74,False,0.0,0.0
5175,60,75,False,0.0,0.0
5176,60,76,False,0.0,0.0
5177,60,77,False,0.0,0.0
5178,60,78,False,0.0,0.0
5179,60,79,False,0.0,0.0
5180,60,80,False,0.0,0.0
5181,60,81,False,0.0,0.0
5182,60,82,False,0.0,0.0
5183,60,83,False,0.0,0.0
5184,60,84,False,0.0,0.0
5185,61,0,False,0.0,0.0
5186,61,1,False,0.0,0.0
5187,61,2,False,0.0,0.0
5188,61,3,False,0.0,0.0
5189,61,4,False,0.0,0.0
5190,61,5,False,0.0,0.0
5191,61,6,False,0.0,0.0
5192,61,7,False,0.0,0.0
5193,61,8,True,0.0,0.0
5194,61,9,True,0.0,0.0
5195,61,10,True,0.0,0.0
5196,61,11,True,0.0,0.0
5197,61,12,True,0.0,0.0
5198,61,13,True,0.0,0.0
5199,61,14,True,0.0,0.0
5200,61,15,True,0.0,0.0
5201,61,16,True,0.0,0.0
5202,61,17,True,0.0,0.0
5203,61,18,True,0.0,0.0
5204,61,19,True,0.0,0.0
5205,61,20,True,0.0,0.0
5206,61,21,True,0.0,0.0
5207,61,22,True,0.0,0.0
5208,61,23,True,0.0,0.0
5209,61,24,True,0.0,0.0
5210,61,25,True,0.0,0.0
5211,61,26,True,0.0,0.0
5212,61,27,True,0.0,0.0
5213,61,28,True,0.0,0.0
5214,61,29,True,0.0,0.0
5215,61,30,True,0.0,0.0
5216,61,31,True,0.0,0.0
5217,61,32,True,0.0,0.0
5218,61,33,True,0.0,0.0
5219,61,34,True,0.0,0.0
5220,61,35,True,0.0,0.0
5221,61,36,True,0.0,0.0
5222,61,37,True,0.0,0.0
5223,61,38,True,0.0,0.0
5224,61,39,False,0.0,0.0
5225,61,40,False,0.0,0.0
5226,61,41,False,0.0,0.0
5227,61,42,False,0.0,0.0
5228,61,43,False,0.0061140019672497456,8.56083649846125
5229,61,44,False,0.08843544584980147,6.6659440805991625
5230,61,45,False,0.0065382595663525354,3.125116723385883
5231,61,46,False,0.0,0.0
5232,61,47,False,0.0,0.0
5233,61,48,False,0.0,0.0
5234,61,49,False,0.0,0.0
5235,61,50,False,0.0,0.0
5236,61,51,False,0.0,0.0
5237,61,52,False,0.0,0.0
5238,61,53,False,0.0,0.0
5239,61,54,False,0.0,0.0
5240,61,55,False,0.0,0.0
5241,61,56,False,0.0,0.0
5242,61,57,False,0.0,0.0
5243,61,58,False,0.0,0.0
5244,61,59,False,0.0,0.0
5245,61,60,False,0.0,0.0
5246,61,61,False,0.0,0.0
5247,61,62,False,0.0,0.0
5248,61,63,False,0.0,0.0
5249,61,64,False,0.0,0.0
5250,61,65,False,0.0,0.0
5251,61,66,False,0.0,0.0
5252,61,67,False,0.0,0.0
5253,61,68,False,0.0,0.0
5254,61,69,False,0.0,0.0
5255,61,70,False,0.0,0.0
5256,61,71,False,0.0,0.0
5257,61,72,False,0.0,0.0
5258,61,73,False,0.0,0.0
5259,61,74,False,0.0,0.0
5260,61,75,False,0.0,0.0
5261,61,76,False,0.0,0.0
5262,61,77,False,0.0,0.0
5263,61,78,False,0.0,0.0
5264,61,79,False,0.0,0.0
5265,61,80,False,0.0,0.0
5266,61,81,False,0.0,0.0
5267,61,82,False,0.0,0.0
5268,61,83,False,0.0,0.0
5269,61,84,False,0.0,0.0
5270,62,0,False,0.0,0.0
5271,62,1,False,0.0,0.0
5272,62,2,False,0.0,0.0
5273,62,3,False,0.0,0.0
5274,62,4,False,0.0,0.0
5275,62,5,False,0.0,0.0
5276,62,6,False,0.0,0.0
5277,62,7,True,0.0,0.0
5278,62,8,True,0.0,0.0
5279,62,9,True,0.0,0.0
5280,62,10,True,0.0,0.0
5281,62,11,True,0.0,0.0
5282,62,12,True,0.0,0.0
5283,62,13,True,0.0,0.0
5284,62,14,True,0.0,0.0
5285,62,15,True,0.0,0.0
5286,62,16,True,0.0,0.0
5287,62,17,True,0.0,0.0
5288,62,18,True,0.0,0.0
5289,62,19,True,0.0,0.0
5290,62,20,True,0.0,0.0
5291,62,21,True,0.0,0.0
5292,62,22,True,0.0,0.0
5293,62,23,True,0.0,0.0
5294,62,24,True,0.0,0.0
5295,62,25,True,0.0,0.0
5296,62,26,True,0.0,0.0
5297,62,27,True,0.0,0.0
5298,62,28,True,0.0,0.0
5299,62,29,True,0.0,0.0
5300,62,30,True,0.0,0.0
5301,62,31,True,0.0,0.0
5302,62,32,False,0.0,0.0
5303,62,33,False,0.0,0.0
5304,62,34,False,0.0,0.0
5305,62,35,False,0.0,0.0
5306,62,36,False,0.0,0.0
5307,62,37,False,0.0,0.0
5308,62,38,False,0.0,0.0
5309,62,39,False,0.0,0.0
5310,62,40,False,0.0,0.0
5311,62,41,False,0.0,0.0
5312,62,42,False,0.0,0.0
5313,62,43,False,0.0,0.0
5314,62,44,False,0.0,0.0
5315,62,45,False,0.0,0.0
5316,62,46,False,0.0,0.0
5317,62,47,False,0.0,0.0
5318,62,48,False,0.0,0.0
5319,62,49,False,0.0,0.0
5320,62,50,False,0.0,0.0
5321,62,51,False,0.0,0.0
5322,62,52,False,0.0,0.0
5323,62,53,False,0.0,0.0
5324,62,54,False,0.0,0.0
5325,62,55,False,0.0,0.0
5326,62,56,False,0.0,0.0
5327,62,57,False,0.0,0.0
5328,62,58,False,0.0,0.0
5329,62,59,False,0.0,0.0
5330,62,60,False,0.0,0.0
5331,62,61,False,0.0,0.0
5332,62,62,False,0.0,0.0
5333,62,63,False,0.0,0.0
5334,62,64,False,0.0,0.0
5335,62,65,False,0.0,0.0
5336,62,66,False,0.0,0.0
5337,62,67,False,0.0,0.0
5338,62,68,False,0.0,0.0
5339,62,69,False,0.0,0.0
5340,62,70,False,0.0,0.0
5341,62,71,False,0.0,0.0
5342,62,72,False,0.0,0.0
5343,62,73,False,0.0,0.0
5344,62,74,False,0.0,0.0
5345,62,75,False,0.0,0.0
5346,62,76,False,0.0,0.0
5347,62,77,False,0.0,0.0
5348,62,78,False,0.0,0.0
5349,62,79,False,0.0,0.0
5350,62,80,False,0.0,0.0
5351,62,81,False,0.0,0.0
5352,62,82,False,0.0,0.0
5353,62,83,False,0.0,0.0
5354,62,84,False,0.0,0.0
5355,63,0,False,0.0,0.0
5356,63,1,False,0.0,0.0
5357,63,2,False,0.0,0.0
5358,63,3,False,0.0,0.0
5359,63,4,False,0.0,0.0
5360,63,5,False,0.0,0.0
5361,63,6,False,0.0,0.0
5362,63,7,True,0.0,0.0
5363,63,8,True,0.0,0.0
5364,63,9,True,0.0,0.0
5365,63,10,True,0.0,0.0
5366,63,11,True,0.0,0.0
5367,63,12,True,0.0,0.0
5368,63,13,True,0.0,0.0
5369,63,14,True,0.0,0.0
5370,63,15,True,0.0,0.0
5371,63,16,True,0.0,0.0
5372,63,17,True,0.0,0.0
5373,63,18,True,0.0,0.0
5374,63,19,True,0.0,0.0
5375,63,20,True,0.0,0.0
5376,63,21,True,0.0,0.0
5377,63,22,True,0.0,0.0
5378,63,23,True,0.0,0.0
5379,63,24,True,0.0,0.0
5380,63,25,True,0.0,0.0
5381,63,26,True,0.0,0.0
5382,63,27,True,0.0,0.0
5383,63,28,True,0.0,0.0
5384,63,29,True,0.0,0.0
5385,63,30,False,0.0,0.0
5386,63,31,False,0.07580339715634828,1.597420472753244
5387,63,32,True,0.10953417880394681,1.1307801818916743
5388,63,33,True,0.585900210766583,2.280639426433446
5389,63,34,True,0.6730930466357928,2.8854493429945816
5390,63,35,True,0.2673897801852747,2.9085112170987815
5391,63,36,False,0.0,0.0
5392,63,37,False,0.0,0.0
5393,63,38,False,0.0,0.0
5394,63,39,False,0.0,0.0
5395,63,40,False,0.0,0.0
5396,63,41,False,0.0,0.0
5397,63,42,False,0.0,0.0
5398,63,43,False,0.0,0.0
5399,63,44,False,0.0,0.0
5400,63,45,False,0.0,0.0
5401,63,46,False,0.0,0.0
5402,63,47,False,0.0,0.0
5403,63,48,False,0.0,0.0
5404,63,49,False,0.0,0.0
5405,63,50,False,0.0,0.0
5406,63,51,False,0.0,0.0
5407,63,52,False,0.0,0.0
5408,63,53,False,0.0,0.0
5409,63,54,False,0.0,0.0
5410,63,55,False,0.0,0.0
5411,63,56,False,0.0,0.0
5412,63,57,False,0.0,0.0
5413,63,58,False,0.0,0.0
5414,63,59,False,0.0,0.0
5415,63,60,False,0.0,0.0
5416,63,61,False,0.0,0.0
5417,63,62,False,0.0,0.0
5418,63,63,False,0.0,0.0
5419,63,64,False,0.0,0.0
5420,63,65,False,0.0,0.0
5421,63,66,False,0.0,0.0
5422,63,67,False,0.0,0.0
5423,63,68,False,0.0,0.0
5424,63,69,False,0.0,0.0
5425,63,70,False,0.0,0.0
5426,63,71,False,0.0,0.0
5427,63,72,False,0.0,0.0
5428,63,73,False,0.0,0.0
5429,63,74,False,0.0,0.0
5430,63,75,False,0.0,0.0
5431,63,76,False,0.0,0.0
5432,63,77,False,0.0,0.0
5433,63,78,False,0.0,0.0
5434,63,79,False,0.0,0.0
5435,63,80,False,0.0,0.0
5436,63,81,False,0.0,0.0
5437,63,82,False,0.0,0.0
5438,63,83,False,0.0,0.0
5439,63,84,False,0.0,0.0
5440,64,0,False,0.0,0.0
5441,64,1,False,0.0,0.0
5442,64,2,False,0.0,0.0
5443,64,3,False,0.0,0.0
5444,64,4,False,0.0,0.0
5445,64,5,False,0.0,0.0
5446,64,6,False,0.0,0.0
5447,64,7,True,0.0,0.0
5448,64,8,True,0.0,0.0
5449,64,9,True,0.0,0.0
5450,64,10,True,0.0,0.0
5451,64,11,True,0.0,0.0
5452,64,12,True,0.0,0.0
5453,64,13,True,0.0,0.0
5454,64,14,True,0.0,0.0
5455,64,15,True,0.0,0.0
5456,64,16,True,0.0,0.0
5457,64,17,True,0.0,0.0
5458,64,18,True,0.0,0.0
5459,64,19,True,0.0,0.0
5460,64,20,True,0.0,0.0
5461,64,21,True,0.0,0.0
5462,64,22,True,0.0,0.0
5463,64,23,True,0.0,0.0
5464,64,24,True,0.0,0.0
5465,64,25,True,0.0,0.0
5466,64,26,True,0.0,0.0
5467,64,27,True,0.0,0.0
5468,64,28,True,0.0,0.0
5469,64,29,False,0.0,0.0
5470,64,30,False,0.024801678275418394,1.2339590482110583
5471,64,31,True,0.5710428961008855,2.7561561535269345
5472,64,32,True,0.8407587882505709,3.8476585184591183
5473,64,33,True,1.0,6.377896778811896
5474,64,34,True,1.0,7.305457622356026
5475,64,35,True,0.74974491478476,3.7650088288867987
5476,64,36,True,0.24014522926044196,1.7242060362451213
5477,64,37,True,0.3528302822139662,3.1602253192184224
5478,64,38,False,0.0,0.0
5479,64,39,False,0.0,0.0
5480,64,40,False,0.0,0.0
5481,64,41,False,0.0,0.0
5482,64,42,False,0.0,0.0
5483,64,43,False,0.0,0.0
5484,64,44,False,0.0,0.0
5485,64,45,False,0.0,0.0
5486,64,46,False,0.0,0.0
5487,64,47,False,0.0,0.0
5488,64,48,False,0.0,0.0
5489,64,49,False,0.0,0.0
5490,64,50,False,0.0,0.0
5491,64,51,False,0.0,0.0
5492,64,52,False,0.0,0.0
5493,64,53,False,0.0,0.0
5494,64,54,False,0.0,0.0
5495,64,55,False,0.0,0.0
5496,64,56,False,0.0,0.0
5497,64,57,False,0.0,0.0
5498,64,58,False,0.0,0.0
5499,64,59,False,0.0,0.0
5500,64,60,False,0.0,0.0
5501,64,61,False,0.0,0.0
5502,64,62,False,0.0,0.0
5503,64,63,False,0.0,0.0
5504,64,64,False,0.0,0.0
5505,64,65,False,0.0,0.0
5506,64,66,False,0.0,0.0
5507,64,67,False,0.0,0.0
5508,64,68,False,0.0,0.0
5509,64,69,False,0.0,0.0
5510,64,70,False,0.0,0.0
5511,64,71,False,0.0,0.0
5512,64,72,False,0.0,0.0
5513,64,73,False,0.0,0.0
5514,64,74,False,0.0,0.0
5515,64,75,False,0.0,0.0
5516,64,76,False,0.0,0.0
5517,64,77,False,0.0,0.0
5518,64,78,False,0.0,0.0
5519,64,79,False,0.0,0.0
5520,64,80,False,0.0,0.0
5521,64,81,False,0.0,0.0
5522,64,82,False,0.0,0.0
5523,64,83,False,0.0,0.0
5524,64,84,False,0.0,0.0
5525,65,0,False,0.0,0.0
5526,65,1,False,0.0,0.0
5527,65,2,False,0.0,0.0
5528,65,3,False,0.0,0.0
5529,65,4,False,0.0,0.0
5530,65,5,True,0.0,0.0
5531,65,6,True,0.0,0.0
5532,65,7,True,0.0,0.0
5533,65,8,True,0.0,0.0
5534,65,9,True,0.0,0.0
5535,65,10,True,0.0,0.0
5536,65,11,True,0.0,0.0
5537,65,12,True,0.0,0.0
5538,65,13,True,0.0,0.0
5539,65,14,True,0.0,0.0
5540,65,15,True,0.0,0.0
5541,65,16,True,0.0,0.0
5542,65,17,True,0.0,0.0
5543,65,18,True,0.0,0.0
5544,65,19,True,0.0,0.0
5545,65,20,True,0.0,0.0
5546,65,21,True,0.0,0.0
5547,65,22,True,0.0,0.0
5548,65,23,True,0.0,0.0
5549,65,24,True,0.0,0.0
5550,65,25,True,0.0,0.0
5551,65,26,True,0.0,0.0
5552,65,27,True,0.0,0.0
5553,65,28,True,0.0,0.0
5554,65,29,False,0.0,0.0
5555,65,30,False,0.24592285111351553,1.9852148900172684
5556,65,31,True,1.0,4.903476548429968
5557,65,32,True,0.9999999999999999,8.211526210270215
5558,65,33,True,1.0,8.774514608410914
5559,65,34,True,0.9999999999999999,9.951319757219837
5560,65,35,True,1.0,5.8090437177769925
5561,65,36,True,0.8862777068420126,2.4142047893127416
5562,65,37,True,0.6958714081992489,3.2624153439406665
5563,65,38,False,0.0,0.0
5564,65,39,False,0.0,0.0
5565,65,40,False,0.0,0.0
5566,65,41,False,0.0,0.0
5567,65,42,False,0.0,0.0
5568,65,43,False,0.0,0.0
5569,65,44,False,0.0,0.0
5570,65,45,False,0.0,0.0
5571,65,46,False,0.0,0.0
5572,65,47,False,0.0,0.0
5573,65,48,False,0.0,0.0
5574,65,49,False,0.0,0.0
5575,65,50,False,0.0,0.0
5576,65,51,False,0.0,0.0
5577,65,52,False,0.0,0.0
5578,65,53,False,0.0,0.0
5579,65,54,False,0.0,0.0
5580,65,55,False,0.0,0.0
5581,65,56,False,0.0,0.0
5582,65,57,False,0.0,0.0
5583,65,58,False,0.0,0.0
5584,65,59,False,0.0,0.0
5585,65,60,False,0.0,0.0
5586,65,61,False,0.0,0.0
5587,65,62,False,0.0,0.0
5588,65,63,False,0.0,0.0
5589,65,64,False,0.0,0.0
5590,65,65,False,0.0,0.0
5591,65,66,False,0.0,0.0
5592,65,67,False,0.0,0.0
5593,65,68,False,0.0,0.0
5594,65,69,False,0.0,0.0
5595,65,70,False,0.0,0.0
5596,65,71,False,0.0,0.0
5597,65,72,False,0.0,0.0
5598,65,73,False,0.0,0.0
5599,65,74,False,0.0,0.0
5600,65,75,False,0.0,0.0
5601,65,76,False,0.0,0.0
5602,65,77,False,0.0,0.0
5603,65,78,False,0.0,0.0
5604,65,79,False,0.0,0.0
5605,65,80,False,0.0,0.0
5606,65,81,False,0.0,0.0
5607,65,82,False,0.0,0.0
5608,65,83,False,0.0,0.0
5609,65,84,False,0.0,0.0
5610,66,0,False,0.0,0.0
5611,66,1,False,0.0,0.0
5612,66,2,False,0.0,0.0
5613,66,3,False,0.0,0.0
5614,66,4,False,0.0,0.0
5615,66,5,True,0.0,0.0
5616,66,6,True,0.0,0.0
5617,66,7,True,0.0,0.0
5618,66,8,True,0.0,0.0
5619,66,9,True,0.0,0.0
5620,66,10,True,0.0,0.0
5621,66,11,True,0.0,0.0
5622,66,12,True,0.0,0.0
5623,66,13,True,0.0,0.0
5624,66,14,True,0.0,0.0
5625,66,15,True,0.0,0.0
5626,66,16,True,0.0,0.0
5627,66,17,True,0.0,0.0
5628,66,18,True,0.0,0.0
5629,66,19,True,0.0,0.0
5630,66,20,True,0.0,0.0
5631,66,21,True,0.0,0.0
5632,66,22,True,0.0,0.0
5633,66,23,True,0.0,0.0
5634,66,24,True,0.0,0.0
5635,66,25,True,0.0,0.0
5636,66,26,True,0.0,0.0
5637,66,27,True,0.0,0.0
5638,66,28,True,0.0,0.0
5639,66,29,False,0.0,0.0
5640,66,30,True,0.5835877801911524,2.66287906805455
5641,66,31,True,1.0,5.920118199859138
5642,66,32,True,1.0,8.264410249544063
5643,66,33,True,1.0,8.932450701362404
5644,66,34,True,1.0,6.361007159402575
5645,66,35,True,0.9198496938910301,1.999122280456224
5646,66,36,True,0.8524614188571429,1.7588134286085275
5647,66,37,True,0.5900867753888992,2.3321751719165666
5648,66,38,False,0.0,0.0
5649,66,39,False,0.0,0.0
5650,66,40,False,0.0,0.0
5651,66,41,False,0.0,0.0
5652,66,42,False,0.0,0.0
5653,66,43,False,0.0,0.0
5654,66,44,False,0.0,0.0
5655,66,45,False,0.0,0.0
5656,66,46,False,0.0,0.0
5657,66,47,False,0.0,0.0
5658,66,48,False,0.0,0.0
5659,66,49,False,0.0,0.0
5660,66,50,False,0.0,0.0
5661,66,51,False,0.0,0.0
5662,66,52,False,0.0,0.0
5663,66,53,False,0.0,0.0
5664,66,54,False,0.0,0.0
5665,66,55,False,0.0,0.0
5666,66,56,False,0.0,0.0
5667,66,57,False,0.0,0.0
5668,66,58,False,0.0,0.0
5669,66,59,False,0.0,0.0
5670,66,60,False,0.0,0.0
5671,66,61,False,0.0,0.0
5672,66,62,False,0.0,0.0
5673,66,63,False,0.0,0.0
5674,66,64,False,0.0,0.0
5675,66,65,False,0.0,0.0
5676,66,66,False,0.0,0.0
5677,66,67,False,0.0,0.0
5678,66,68,False,0.0,0.0
5679,66,69,False,0.0,0.0
5680,66,70,False,0.0,0.0
5681,66,71,False,0.0,0.0
5682,66,72,False,0.0,0.0
5683,66,73,False,0.0,0.0
5684,66,74,False,0.0,0.0
5685,66,75,False,0.0,0.0
5686,66,76,False,0.0,0.0
5687,66,77,False,0.0,0.0
5688,66,78,False,0.0,0.0
5689,66,79,False,0.0,0.0
5690,66,80,False,0.0,0.0
5691,66,81,False,0.0,0.0
5692,66,82,False,0.0,0.0
5693,66,83,False,0.0,0.0
5694,66,84,False,0.0,0.0
5695,67,0,False,0.0,0.0
5696,67,1,False,0.0,0.0
5697,67,2,False,0.0,0.0
5698,67,3,False,0.0,0.0
5699,67,4,False,0.0,0.0
5700,67,5,False,0.0,0.0
5701,67,6,True,0.0,0.0
5702,67,7,True,0.0,0.0
5703,67,8,True,0.0,0.0
5704,67,9,True,0.0,0.0
5705,67,10,True,0.0,0.0
5706,67,11,True,0.0,0.0
5707,67,12,True,0.0,0.0
5708,67,13,True,0.0,0.0
5709,67,14,True,0.0,0.0
5710,67,15,True,0.0,0.0
5711,67,16,True,0.0,0.0
5712,67,17,True,0.0,0.0
5713,67,18,True,0.0,0.0
5714,67,19,True,0.0,0.0
5715,67,20,True,0.0,0.0
5716,67,21,True,0.0,0.0
5717,67,22,True,0.0,0.0
5718,67,23,True,0.0,0.0
5719,67,24,True,0.0,0.0
5720,67,25,True,0.0,0.0
5721,67,26,True,0.0,0.0
5722,67,27,True,0.0,0.0
5723,67,28,True,0.0,0.0
5724,67,29,False,0.04046978008739302,0.8053447611413936
5725,67,30,True,0.9872215699537884,3.2064972241123537
5726,67,31,True,1.0,5.4857409257758105
5727,67,32,True,0.9999999999999999,6.087300384613188
5728,67,33,True,0.9999999999999999,6.227226236807927
5729,67,34,True,0.9256180931255077,3.343250923016513
5730,67,35,True,0.6951160698060916,1.3731848705766823
5731,67,36,True,0.35157769850521764,1.249575258166075
5732,67,37,True,0.05236652355099621,0.859518909691218
5733,67,38,False,0.0,0.0
5734,67,39,False,0.0,0.0
5735,67,40,False,0.0,0.0
5736,67,41,False,0.0,0.0
5737,67,42,False,0.0,0.0
5738,67,43,False,0.0,0.0
5739,67,44,False,0.0,0.0
5740,67,45,False,0.0,0.0
5741,67,46,False,0.0,0.0
5742,67,47,False,0.0,0.0
5743,67,48,False,0.0,0.0
5744,67,49,False,0.0,0.0
5745,67,50,False,0.0,0.0
5746,67,51,False,0.0,0.0
5747,67,52,False,0.0,0.0
5748,67,53,False,0.0,0.0
5749,67,54,False,0.0,0.0
5750,67,55,False,0.0,0.0
5751,67,56,False,0.0,0.0
5752,67,57,False,0.0,0.0
5753,67,58,False,0.0,0.0
5754,67,59,False,0.0,0.0
5755,67,60,False,0.0,0.0
5756,67,61,False,0.0,0.0
5757,67,62,False,0.0,0.0
5758,67,63,False,0.0,0.0
5759,67,64,False,0.0,0.0
5760,67,65,False,0.0,0.0
5761,67,66,False,0.0,0.0
5762,67,67,False,0.0,0.0
5763,67,68,False,0.0,0.0
5764,67,69,False,0.0,0.0
5765,67,70,False,0.0,0.0
5766,67,71,False,0.0,0.0
5767,67,72,False,0.0,0.0
5768,67,73,False,0.0,0.0
5769,67,74,False,0.0,0.0
5770,67,75,False,0.0,0.0
5771,67,76,False,0.0,0.0
5772,67,77,False,0.0,0.0
5773,67,78,False,0.0,0.0
5774,67,79,False,0.0,0.0
5775,67,80,False,0.0,0.0
5776,67,81,False,0.0,0.0
5777,67,82,False,0.0,0.0
5778,67,83,False,0.0,0.0
5779,67,84,False,0.0,0.0
5780,68,0,False,0.0,0.0
5781,68,1,False,0.0,0.0
5782,68,2,False,0.0,0.0
5783,68,3,False,0.0,0.0
5784,68,4,False,0.0,0.0
5785,68,5,False,0.0,0.0
5786,68,6,True,0.0,0.0
5787,68,7,True,0.0,0.0
5788,68,8,True,0.0,0.0
5789,68,9,True,0.0,0.0
5790,68,10,True,0.0,0.0
5791,68,11,True,0.0,0.0
5792,68,12,True,0.0,0.0
5793,68,13,True,0.0,0.0
5794,68,14,True,0.0,0.0
5795,68,15,True,0.0,0.0
5796,68,16,True,0.0,0.0
5797,68,17,True,0.0,0.0
5798,68,18,True,0.0,0.0
5799,68,19,True,0.0,0.0
5800,68,20,True,0.0,0.0
5801,68,21,True,0.0,0.0
5802,68,22,True,0.0,0.0
5803,68,23,True,0.0,0.0
5804,68,24,True,0.0,0.0
5805,68,25,True,0.0,0.0
5806,68,26,True,0.0,0.0
5807,68,27,True,0.0,0.0
5808,68,28,False,0.0,0.0
5809,68,29,False,0.0008609930895333845,0.7500000000000001
5810,68,30,True,0.7851690970528817,1.8196308392269736
5811,68,31,True,0.9834567170250152,3.610979572171631
5812,68,32,True,0.9900241375127132,2.291281379870638
5813,68,33,True,0.9923007317661644,5.128333040470095
5814,68,34,True,0.16155646718287422,1.9077558218351485
5815,68,35,True,0.04391900657398594,0.75
5816,68,36,True,0.0,0.0
5817,68,37,True,0.0,0.0
5818,68,38,True,0.0,0.0
5819,68,39,False,0.0,0.0
5820,68,40,False,0.0,0.0
5821,68,41,False,0.0,0.0
5822,68,42,False,0.0,0.0
5823,68,43,False,0.0,0.0
5824,68,44,False,0.0,0.0
5825,68,45,False,0.0,0.0
5826,68,46,False,0.0,0.0
5827,68,47,False,0.0,0.0
5828,68,48,False,0.0,0.0
5829,68,49,False,0.0,0.0
5830,68,50,False,0.0,0.0
5831,68,51,False,0.0,0.0
5832,68,52,False,0.0,0.0
5833,68,53,False,0.0,0.0
5834,68,54,False,0.0,0.0
5835,68,55,False,0.0,0.0
5836,68,56,False,0.0,0.0
5837,68,57,False,0.0,0.0
5838,68,58,False,0.0,0.0
5839,68,59,False,0.0,0.0
5840,68,60,False,0.0,0.0
5841,68,61,False,0.0,0.0
5842,68,62,False,0.0,0.0
5843,68,63,False,0.0,0.0
5844,68,64,False,0.0,0.0
5845,68,65,False,0.0,0.0
5846,68,66,False,0.0,0.0
5847,68,67,False,0.0,0.0
5848,68,68,False,0.0,0.0
5849,68,69,False,0.0,0.0
5850,68,70,False,0.0,0.0
5851,68,71,False,0.0,0.0
5852,68,72,False,0.0,0.0
5853,68,73,False,0.0,0.0
5854,68,74,False,0.0,0.0
5855,68,75,False,0.0,0.0
5856,68,76,False,0.0,0.0
5857,68,77,False,0.0,0.0
5858,68,78,False,0.0,0.0
5859,68,79,False,0.0,0.0
5860,68,80,False,0.0,0.0
5861,68,81,False,0.0,0.0
5862,68,82,False,0.0,0.0
5863,68,83,False,0.0,0.0
5864,68,84,False,0.0,0.0
5865,69,0,False,0.0,0.0
5866,69,1,False,0.0,0.0
5867,69,2,False,0.0,0.0
5868,69,3,False,0.0,0.0
5869,69,4,False,0.0,0.0
5870,69,5,False,0.0,0.0
5871,69,6,True,0.0,0.0
5872,69,7,True,0.0,0.0
5873,69,8,True,0.0,0.0
5874,69,9,True,0.0,0.0
5875,69,10,True,0.0,0.0
5876,69,11,True,0.0,0.0
5877,69,12,True,0.0,0.0
5878,69,13,True,0.0,0.0
5879,69,14,True,0.0,0.0
5880,69,15,True,0.0,0.0
5881,69,16,True,0.0,0.0
5882,69,17,True,0.0,0.0
5883,69,18,True,0.0,0.0
5884,69,19,True,0.0,0.0
5885,69,20,True,0.0,0.0
5886,69,21,True,0.0,0.0
5887,69,22,True,0.0,0.0
5888,69,23,True,0.0,0.0
5889,69,24,True,0.0,0.0
5890,69,25,True,0.0,0.0
5891,69,26,True,0.0,0.0
5892,69,27,True,0.0,0.0
5893,69,28,False,0.0,0.0
5894,69,29,False,0.0,0.0
5895,69,30,True,0.27129620905117663,1.5143263348870195
5896,69,31,True,0.1800848275063535,1.2521481181238578
5897,69,32,True,0.3977616318289377,1.2739157022518246
5898,69,33,True,0.5207652676822642,2.9223680251966346
5899,69,34,True,0.1397910049893294,2.5093317307629
5900,69,35,True,0.0,0.0
5901,69,36,True,0.0,0.0
5902,69,37,True,0.0,0.0
5903,69,38,False,0.0,0.0
5904,69,39,False,0.0,0.0
5905,69,40,False,0.0,0.0
5906,69,41,False,0.0,0.0
5907,69,42,False,0.0,0.0
5908,69,43,False,0.0,0.0
5909,69,44,False,0.0,0.0
5910,69,45,False,0.0,0.0
5911,69,46,False,0.0,0.0
5912,69,47,False,0.0,0.0
5913,69,48,False,0.0,0.0
5914,69,49,False,0.0,0.0
5915,69,50,False,0.0,0.0
5916,69,51,False,0.0,0.0
5917,69,52,False,0.0,0.0
5918,69,53,False,0.0,0.0
5919,69,54,False,0.0,0.0
5920,69,55,False,0.0,0.0
5921,69,56,False,0.0,0.0
5922,69,57,False,0.0,0.0
5923,69,58,False,0.0,0.0
5924,69,59,False,0.0,0.0
5925,69,60,False,0.0,0.0
5926,69,61,False,0.0,0.0
5927,69,62,False,0.0,0.0
5928,69,63,False,0.0,0.0
5929,69,64,False,0.0,0.0
5930,69,65,False,0.0,0.0
5931,69,66,False,0.0,0.0
5932,69,67,False,0.0,0.0
5933,69,68,False,0.0,0.0
5934,69,69,False,0.0,0.0
5935,69,70,False,0.0,0.0
5936,69,71,False,0.0,0.0
5937,69,72,False,0.0,0.0
5938,69,73,False,0.0,0.0
5939,69,74,False,0.0,0.0
5940,69,75,False,0.0,0.0
5941,69,76,False,0.0,0.0
5942,69,77,False,0.0,0.0
5943,69,78,False,0.0,0.0
5944,69,79,False,0.0,0.0
5945,69,80,False,0.0,0.0
5946,69,81,False,0.0,0.0
5947,69,82,False,0.0,0.0
5948,69,83,False,0.0,0.0
5949,69,84,False,0.0,0.0
5950,70,0,False,0.0,0.0
5951,70,1,False,0.0,0.0
5952,70,2,False,0.0,0.0
5953,70,3,False,0.0,0.0
5954,70,4,False,0.0,0.0
5955,70,5,False,0.0,0.0
5956,70,6,True,0.0,0.0
5957,70,7,True,0.0,0.0
5958,70,8,True,0.0,0.0
5959,70,9,True,0.0,0.0
5960,70,10,True,0.0,0.0
5961,70,11,True,0.0,0.0
5962,70,12,True,0.0,0.0
5963,70,13,True,0.0,0.0
5964,70,14,True,0.0,0.0
5965,70,15,True,0.0,0.0
5966,70,16,True,0.0,0.0
5967,70,17,True,0.0,0.0
5968,70,18,True,0.0,0.0
5969,70,19,True,0.0,0.0
5970,70,20,True,0.0,0.0
5971,70,21,True,0.0,0.0
5972,70,22,True,0.0,0.0
5973,70,23,True,0.0,0.0
5974,70,24,True,0.0,0.0
5975,70,25,True,0.0,0.0
5976,70,26,True,0.0,0.0
5977,70,27,True,0.0,0.0
5978,70,28,False,0.0,0.0
5979,70,29,False,0.0,0.0
5980,70,30,False,0.0,0.0
5981,70,31,True,0.0,0.0
5982,70,32,True,0.0,0.0
5983,70,33,True,0.0,0.0
5984,70,34,True,0.0,0.0
5985,70,35,True,0.0,0.0
5986,70,36,True,0.0,0.0
5987,70,37,True,0.0,0.0
5988,70,38,False,0.0,0.0
5989,70,39,False,0.0,0.0
5990,70,40,False,0.0,0.0
5991,70,41,False,0.0,0.0
5992,70,42,False,0.0,0.0
5993,70,43,False,0.0,0.0
5994,70,44,False,0.0,0.0
5995,70,45,False,0.0,0.0
5996,70,46,False,0.0,0.0
5997,70,47,False,0.0,0.0
5998,70,48,False,0.0,0.0
5999,70,49,False,0.0,0.0
6000,70,50,False,0.0,0.0
6001,70,51,False,0.0,0.0
6002,70,52,False,0.0,0.0
6003,70,53,False,0.0,0.0
6004,70,54,False,0.0,0.0
6005,70,55,False,0.0,0.0
6006,70,56,False,0.0,0.0
6007,70,57,False,0.0,0.0
6008,70,58,False,0.0,0.0
6009,70,59,False,0.0,0.0
6010,70,60,False,0.0,0.0
6011,70,61,False,0.0,0.0
6012,70,62,False,0.0,0.0
6013,70,63,False,0.0,0.0
6014,70,64,False,0.0,0.0
6015,70,65,False,0.0,0.0
6016,70,66,False,0.0,0.0
6017,70,67,False,0.0,0.0
6018,70,68,False,0.0,0.0
6019,70,69,False,0.0,0.0
6020,70,70,False,0.0,0.0
6021,70,71,False,0.0,0.0
6022,70,72,False,0.0,0.0
6023,70,73,False,0.0,0.0
6024,70,74,False,0.0,0.0
6025,70,75,False,0.0,0.0
6026,70,76,False,0.0,0.0
6027,70,77,False,0.0,0.0
6028,70,78,False,0.0,0.0
6029,70,79,False,0.0,0.0
6030,70,80,False,0.0,0.0
6031,70,81,False,0.0,0.0
6032,70,82,False,0.0,0.0
6033,70,83,False,0.0,0.0
6034,70,84,False,0.0,0.0
6035,71,0,False,0.0,0.0
6036,71,1,False,0.0,0.0
6037,71,2,False,0.0,0.0
6038,71,3,False,0.0,0.0
6039,71,4,False,0.0,0.0
6040,71,5,False,0.0,0.0
6041,71,6,True,0.0,0.0
6042,71,7,True,0.0,0.0
6043,71,8,True,0.0,0.0
6044,71,9,True,0.0,0.0
6045,71,10,True,0.0,0.0
6046,71,11,True,0.0,0.0
6047,71,12,True,0.0,0.0
6048,71,13,True,0.0,0.0
6049,71,14,True,0.0,0.0
6050,71,15,False,0.0,0.0
6051,71,16,True,0.0,0.0
6052,71,17,True,0.0,0.0
6053,71,18,True,0.0,0.0
6054,71,19,True,0.0,0.0
6055,71,20,True,0.0,0.0
6056,71,21,True,0.0,0.0
6057,71,22,True,0.0,0.0
6058,71,23,True,0.0,0.0
6059,71,24,True,0.0,0.0
6060,71,25,True,0.0,0.0
6061,71,26,True,0.0,0.0
6062,71,27,False,0.0,0.0
6063,71,28,False,0.0,0.0
6064,71,29,False,0.0,0.0
6065,71,30,False,0.0,0.0
6066,71,31,False,0.0,0.0
6067,71,32,False,0.0,0.0
6068,71,33,False,0.0,0.0
6069,71,34,True,0.0,0.0
6070,71,35,True,0.0,0.0
6071,71,36,True,0.0,0.0
6072,71,37,False,0.0,0.0
6073,71,38,False,0.0,0.0
6074,71,39,False,0.0,0.0
6075,71,40,False,0.0,0.0
6076,71,41,False,0.0,0.0
6077,71,42,False,0.0,0.0
6078,71,43,False,0.0,0.0
6079,71,44,False,0.0,0.0
6080,71,45,False,0.0,0.0
6081,71,46,False,0.0,0.0
6082,71,47,False,0.0,0.0
6083,71,48,False,0.0,0.0
6084,71,49,False,0.0,0.0
6085,71,50,False,0.0,0.0
6086,71,51,False,0.0,0.0
6087,71,52,False,0.0,0.0
6088,71,53,False,0.0,0.0
6089,71,54,False,0.0,0.0
6090,71,55,False,0.0,0.0
6091,71,56,False,0.0,0.0
6092,71,57,False,0.0,0.0
6093,71,58,False,0.0,0.0
6094,71,59,False,0.0,0.0
6095,71,60,False,0.0,0.0
6096,71,61,False,0.0,0.0
6097,71,62,False,0.0,0.0
6098,71,63,False,0.0,0.0
6099,71,64,False,0.0,0.0
6100,71,65,False,0.0,0.0
6101,71,66,False,0.0,0.0
6102,71,67,False,0.0,0.0
6103,71,68,False,0.0,0.0
6104,71,69,False,0.0,0.0
6105,71,70,False,0.0,0.0
6106,71,71,False,0.0,0.0
6107,71,72,False,0.0,0.0
6108,71,73,False,0.0,0.0
6109,71,74,False,0.0,0.0
6110,71,75,False,0.0,0.0
6111,71,76,False,0.0,0.0
6112,71,77,False,0.0,0.0
6113,71,78,False,0.0,0.0
6114,71,79,False,0.0,0.0
6115,71,80,False,0.0,0.0
6116,71,81,False,0.0,0.0
6117,71,82,False,0.0,0.0
6118,71,83,False,0.0,0.0
6119,71,84,False,0.0,0.0
6120,72,0,False,0.0,0.0
6121,72,1,False,0.0,0.0
6122,72,2,False,0.0,0.0
6123,72,3,False,0.0,0.0
6124,72,4,False,0.0,0.0
6125,72,5,False,0.0,0.0
6126,72,6,False,0.0,0.0
6127,72,7,True,0.0,0.0
6128,72,8,True,0.0,0.0
6129,72,9,True,0.0,0.0
6130,72,10,True,0.0,0.0
6131,72,11,True,0.0,0.0
6132,72,12,True,0.0,0.0
6133,72,13,False,0.0,0.0
6134,72,14,False,0.0,0.0
6135,72,15,False,0.0,0.0
6136,72,16,True,0.0,0.0
6137,72,17,True,0.0,0.0
6138,72,18,True,0.0,0.0
6139,72,19,True,0.0,0.0
6140,72,20,True,0.0,0.0
6141,72,21,True,0.0,0.0
6142,72,22,True,0.0,0.0
6143,72,23,True,0.0,0.0
6144,72,24,True,0.0,0.0
6145,72,25,False,0.0,0.0
6146,72,26,False,0.0,0.0
6147,72,27,False,0.0,0.0
6148,72,28,False,0.0,0.0
6149,72,29,False,0.0,0.0
6150,72,30,False,0.0,0.0
6151,72,31,False,0.0,0.0
6152,72,32,False,0.0,0.0
6153,72,33,False,0.0,0.0
6154,72,34,False,0.0,0.0
6155,72,35,False,0.0,0.0
6156,72,36,False,0.0,0.0
6157,72,37,False,0.0,0.0
6158,72,38,False,0.0,0.0
6159,72,39,False,0.0,0.0
6160,72,40,False,0.0,0.0
6161,72,41,False,0.0,0.0
6162,72,42,False,0.0,0.0
6163,72,43,False,0.0,0.0
6164,72,44,False,0.0,0.0
6165,72,45,False,0.0,0.0
6166,72,46,False,0.0,0.0
6167,72,47,False,0.0,0.0
6168,72,48,False,0.0,0.0
6169,72,49,False,0.0,0.0
6170,72,50,False,0.0,0.0
6171,72,51,False,0.0,0.0
6172,72,52,False,0.0,0.0
6173,72,53,False,0.0,0.0
6174,72,54,False,0.0,0.0
6175,72,55,False,0.0,0.0
6176,72,56,False,0.0,0.0
6177,72,57,False,0.0,0.0
6178,72,58,False,0.0,0.0
6179,72,59,False,0.0,0.0
6180,72,60,False,0.0,0.0
6181,72,61,False,0.0,0.0
6182,72,62,False,0.0,0.0
6183,72,63,False,0.0,0.0
6184,72,64,False,0.0,0.0
6185,72,65,False,0.0,0.0
6186,72,66,False,0.0,0.0
6187,72,67,False,0.0,0.0
6188,72,68,False,0.0,0.0
6189,72,69,False,0.0,0.0
6190,72,70,False,0.0,0.0
6191,72,71,False,0.0,0.0
6192,72,72,False,0.0,0.0
6193,72,73,False,0.0,0.0
6194,72,74,False,0.0,0.0
6195,72,75,False,0.0,0.0
6196,72,76,False,0.0,0.0
6197,72,77,False,0.0,0.0
6198,72,78,False,0.0,0.0
6199,72,79,False,0.0,0.0
6200,72,80,False,0.0,0.0
6201,72,81,False,0.0,0.0
6202,72,82,False,0.0,0.0
6203,72,83,False,0.0,0.0
6204,72,84,False,0.0,0.0
6205,73,0,False,0.0,0.0
6206,73,1,False,0.0,0.0
6207,73,2,False,0.0,0.0
6208,73,3,False,0.0,0.0
6209,73,4,False,0.0,0.0
6210,73,5,False,0.0,0.0
6211,73,6,False,0.0,0.0
6212,73,7,True,0.0,0.0
6213,73,8,True,0.0,0.0
6214,73,9,True,0.0,0.0
6215,73,10,True,0.0,0.0
6216,73,11,False,0.0,0.0
6217,73,12,False,0.0,0.0
6218,73,13,True,0.0,0.0
6219,73,14,False,0.0,0.0
6220,73,15,True,0.0,0.0
6221,73,16,True,0.0,0.0
6222,73,17,True,0.0,0.0
6223,73,18,True,0.0,0.0
6224,73,19,True,0.0,0.0
6225,73,20,True,0.0,0.0
6226,73,21,True,0.0,0.0
6227,73,22,True,0.0,0.0
6228,73,23,True,0.0,0.0
6229,73,24,False,0.0,0.0
6230,73,25,False,0.0,0.0
6231,73,26,False,0.0,0.0
6232,73,27,False,0.0,0.0
6233,73,28,False,0.0,0.0
6234,73,29,False,0.0,0.0
6235,73,30,False,0.0,0.0
6236,73,31,False,0.0,0.0
6237,73,32,False,0.0,0.0
6238,73,33,False,0.0,0.0
6239,73,34,False,0.0,0.0
6240,73,35,False,0.0,0.0
6241,73,36,False,0.0,0.0
6242,73,37,False,0.0,0.0
6243,73,38,False,0.0,0.0
6244,73,39,False,0.0,0.0
6245,73,40,False,0.0,0.0
6246,73,41,False,0.0,0.0
6247,73,42,False,0.0,0.0
6248,73,43,False,0.0,0.0
6249,73,44,False,0.0,0.0
6250,73,45,False,0.0,0.0
6251,73,46,False,0.0,0.0
6252,73,47,False,0.0,0.0
6253,73,48,False,0.0,0.0
6254,73,49,False,0.0,0.0
6255,73,50,False,0.0,0.0
6256,73,51,False,0.0,0.0
6257,73,52,False,0.0,0.0
6258,73,53,False,0.0,0.0
6259,73,54,False,0.0,0.0
6260,73,55,False,0.0,0.0
6261,73,56,False,0.0,0.0
6262,73,57,False,0.0,0.0
6263,73,58,False,0.0,0.0
6264,73,59,False,0.0,0.0
6265,73,60,False,0.0,0.0
6266,73,61,False,0.0,0.0
6267,73,62,False,0.0,0.0
6268,73,63,False,0.0,0.0
6269,73,64,False,0.0,0.0
6270,73,65,False,0.0,0.0
6271,73,66,False,0.0,0.0
6272,73,67,False,0.0,0.0
6273,73,68,False,0.0,0.0
6274,73,69,False,0.0,0.0
6275,73,70,False,0.0,0.0
6276,73,71,False,0.0,0.0
6277,73,72,False,0.0,0.0
6278,73,73,False,0.0,0.0
6279,73,74,False,0.0,0.0
6280,73,75,False,0.0,0.0
6281,73,76,False,0.0,0.0
6282,73,77,False,0.0,0.0
6283,73,78,False,0.0,0.0
6284,73,79,False,0.0,0.0
6285,73,80,False,0.0,0.0
6286,73,81,False,0.0,0.0
6287,73,82,False,0.0,0.0
6288,73,83,False,0.0,0.0
6289,73,84,False,0.0,0.0
6290,74,0,False,0.0,0.0
6291,74,1,False,0.0,0.0
6292,74,2,False,0.0,0.0
6293,74,3,False,0.0,0.0
6294,74,4,False,0.0,0.0
6295,74,5,False,0.0,0.0
6296,74,6,False,0.0,0.0
6297,74,7,True,0.0,0.0
6298,74,8,True,0.0,0.0
6299,74,9,False,0.0,0.0
6300,74,10,False,0.0,0.0
6301,74,11,False,0.0,0.0
6302,74,12,False,0.0,0.0
6303,74,13,False,0.0,0.0
6304,74,14,False,0.0,0.0
6305,74,15,True,0.0,0.0
6306,74,16,True,0.0,0.0
6307,74,17,True,0.0,0.0
6308,74,18,True,0.0,0.0
6309,74,19,True,0.0,0.0
6310,74,20,True,0.0,0.0
6311,74,21,True,0.0,0.0
6312,74,22,True,0.0,0.0
6313,74,23,False,0.0,0.0
6314,74,24,False,0.0,0.0
6315,74,25,False,0.0,0.0
6316,74,26,False,0.0,0.0
6317,74,27,False,0.0,0.0
6318,74,28,False,0.0,0.0
6319,74,29,False,0.0,0.0
6320,74,30,False,0.0,0.0
6321,74,31,False,0.0,0.0
6322,74,32,False,0.0,0.0
6323,74,33,False,0.0,0.0
6324,74,34,False,0.0,0.0
6325,74,35,False,0.0,0.0
6326,74,36,False,0.0,0.0
6327,74,37,False,0.0,0.0
6328,74,38,False,0.0,0.0
6329,74,39,False,0.0,0.0
6330,74,40,False,0.0,0.0
6331,74,41,False,0.0,0.0
6332,74,42,False,0.0,0.0
6333,74,43,False,0.0,0.0
6334,74,44,False,0.0,0.0
6335,74,45,False,0.0,0.0
6336,74,46,False,0.0,0.0
6337,74,47,False,0.0,0.0
6338,74,48,False,0.0,0.0
6339,74,49,False,0.0,0.0
6340,74,50,False,0.0,0.0
6341,74,51,False,0.0,0.0
6342,74,52,False,0.0,0.0
6343,74,53,False,0.0,0.0
6344,74,54,False,0.0,0.0
6345,74,55,False,0.0,0.0
6346,74,56,False,0.0,0.0
6347,74,57,False,0.0,0.0
6348,74,58,False,0.0,0.0
6349,74,59,False,0.0,0.0
6350,74,60,False,0.0,0.0
6351,74,61,False,0.0,0.0
6352,74,62,False,0.0,0.0
6353,74,63,False,0.0,0.0
6354,74,64,False,0.0,0.0
6355,74,65,False,0.0,0.0
6356,74,66,False,0.0,0.0
6357,74,67,False,0.0,0.0
6358,74,68,False,0.0,0.0
6359,74,69,False,0.0,0.0
6360,74,70,False,0.0,0.0
6361,74,71,False,0.0,0.0
6362,74,72,False,0.0,0.0
6363,74,73,False,0.0,0.0
6364,74,74,False,0.0,0.0
6365,74,75,False,0.0,0.0
6366,74,76,False,0.0,0.0
6367,74,77,False,0.0,0.0
6368,74,78,False,0.0,0.0
6369,74,79,False,0.0,0.0
6370,74,80,False,0.0,0.0
6371,74,81,False,0.0,0.0
6372,74,82,False,0.0,0.0
6373,74,83,False,0.0,0.0
6374,74,84,False,0.0,0.0
6375,75,0,False,0.0,0.0
6376,75,1,False,0.0,0.0
6377,75,2,False,0.0,0.0
6378,75,3,False,0.0,0.0
6379,75,4,False,0.0,0.0
6380,75,5,False,0.0,0.0
6381,75,6,False,0.0,0.0
6382,75,7,True,0.0,0.0
6383,75,8,False,0.0,0.0
6384,75,9,False,0.0,0.0
6385,75,10,False,0.0,0.0
6386,75,11,False,0.0,0.0
6387,75,12,False,0.0,0.0
6388,75,13,False,0.0,0.0
6389,75,14,False,0.0,0.0
6390,75,15,True,0.0,0.0
6391,75,16,True,0.0,0.0
6392,75,17,True,0.0,0.0
6393,75,18,True,0.0,0.0
6394,75,19,True,0.0,0.0
6395,75,20,True,0.0,0.0
6396,75,21,True,0.0,0.0
6397,75,22,False,0.0,0.0
6398,75,23,False,0.0,0.0
6399,75,24,False,0.0,0.0
6400,75,25,False,0.0,0.0
6401,75,26,False,0.0,0.0
6402,75,27,False,0.0,0.0
6403,75,28,False,0.0,0.0
6404,75,29,False,0.0,0.0
6405,75,30,False,0.0,0.0
6406,75,31,False,0.0,0.0
6407,75,32,False,0.0,0.0
6408,75,33,False,0.0,0.0
6409,75,34,False,0.0,0.0
6410,75,35,False,0.0,0.0
6411,75,36,False,0.0,0.0
6412,75,37,False,0.0,0.0
6413,75,38,False,0.0,0.0
6414,75,39,False,0.0,0.0
6415,75,40,False,0.0,0.0
6416,75,41,False,0.0,0.0
6417,75,42,False,0.0,0.0
6418,75,43,False,0.0,0.0
6419,75,44,False,0.0,0.0
6420,75,45,False,0.0,0.0
6421,75,46,False,0.0,0.0
6422,75,47,False,0.0,0.0
6423,75,48,False,0.0,0.0
6424,75,49,False,0.0,0.0
6425,75,50,False,0.0,0.0
6426,75,51,False,0.0,0.0
6427,75,52,False,0.0,0.0
6428,75,53,False,0.0,0.0
6429,75,54,False,0.0,0.0
6430,75,55,False,0.0,0.0
6431,75,56,False,0.0,0.0
6432,75,57,False,0.0,0.0
6433,75,58,False,0.0,0.0
6434,75,59,False,0.0,0.0
6435,75,60,False,0.0,0.0
6436,75,61,False,0.0,0.0
6437,75,62,False,0.0,0.0
6438,75,63,False,0.0,0.0
6439,75,64,False,0.0,0.0
6440,75,65,False,0.0,0.0
6441,75,66,False,0.0,0.0
6442,75,67,False,0.0,0.0
6443,75,68,False,0.0,0.0
6444,75,69,False,0.0,0.0
6445,75,70,False,0.0,0.0
6446,75,71,False,0.0,0.0
6447,75,72,False,0.0,0.0
6448,75,73,False,0.0,0.0
6449,75,74,False,0.0,0.0
6450,75,75,False,0.0,0.0
6451,75,76,False,0.0,0.0
6452,75,77,False,0.0,0.0
6453,75,78,False,0.0,0.0
6454,75,79,False,0.0,0.0
6455,75,80,False,0.0,0.0
6456,75,81,False,0.0,0.0
6457,75,82,False,0.0,0.0
6458,75,83,False,0.0,0.0
6459,75,84,False,0.0,0.0
6460,76,0,False,0.0,0.0
6461,76,1,False,0.0,0.0
6462,76,2,False,0.0,0.0
6463,76,3,False,0.0,0.0
6464,76,4,False,0.0,0.0
6465,76,5,False,0.0,0.0
6466,76,6,True,0.0,0.0
6467,76,7,True,0.0,0.0
6468,76,8,False,0.0,0.0
6469,76,9,False,0.0,0.0
6470,76,10,False,0.0,0.0
6471,76,11,False,0.0,0.0
6472,76,12,False,0.0,0.0
6473,76,13,False,0.0,0.0
6474,76,14,False,0.0,0.0
6475,76,15,False,0.0,0.0
6476,76,16,False,0.0,0.0
6477,76,17,False,0.0,0.0
6478,76,18,False,0.0,0.0
6479,76,19,False,0.0,0.0
6480,76,20,False,0.0,0.0
6481,76,21,False,0.0,0.0
6482,76,22,False,0.0,0.0
6483,76,23,False,0.0,0.0
6484,76,24,False,0.0,0.0
6485,76,25,False,0.0,0.0
6486,76,26,False,0.0,0.0
6487,76,27,False,0.0,0.0
6488,76,28,False,0.0,0.0
6489,76,29,False,0.0,0.0
6490,76,30,False,0.0,0.0
6491,76,31,False,0.0,0.0
6492,76,32,False,0.0,0.0
6493,76,33,False,0.0,0.0
6494,76,34,False,0.0,0.0
6495,76,35,False,0.0,0.0
6496,76,36,False,0.0,0.0
6497,76,37,False,0.0,0.0
6498,76,38,False,0.0,0.0
6499,76,39,False,0.0,0.0
6500,76,40,False,0.0,0.0
6501,76,41,False,0.0,0.0
6502,76,42,False,0.0,0.0
6503,76,43,False,0.0,0.0
6504,76,44,False,0.0,0.0
6505,76,45,False,0.0,0.0
6506,76,46,False,0.0,0.0
6507,76,47,False,0.0,0.0
6508,76,48,False,0.0,0.0
6509,76,49,False,0.0,0.0
6510,76,50,False,0.0,0.0
6511,76,51,False,0.0,0.0
6512,76,52,False,0.0,0.0
6513,76,53,False,0.0,0.0
6514,76,54,False,0.0,0.0
6515,76,55,False,0.0,0.0
6516,76,56,False,0.0,0.0
6517,76,57,False,0.0,0.0
6518,76,58,False,0.0,0.0
6519,76,59,False,0.0,0.0
6520,76,60,False,0.0,0.0
6521,76,61,False,0.0,0.0
6522,76,62,False,0.0,0.0
6523,76,63,False,0.0,0.0
6524,76,64,False,0.0,0.0
6525,76,65,False,0.0,0.0
6526,76,66,False,0.0,0.0
6527,76,67,False,0.0,0.0
6528,76,68,False,0.0,0.0
6529,76,69,False,0.0,0.0
6530,76,70,False,0.0,0.0
6531,76,71,False,0.0,0.0
6532,76,72,False,0.0,0.0
6533,76,73,False,0.0,0.0
6534,76,74,False,0.0,0.0
6535,76,75,False,0.0,0.0
6536,76,76,False,0.0,0.0
6537,76,77,False,0.0,0.0
6538,76,78,False,0.0,0.0
6539,76,79,False,0.0,0.0
6540,76,80,False,0.0,0.0
6541,76,81,False,0.0,0.0
6542,76,82,False,0.0,0.0
6543,76,83,False,0.0,0.0
6544,76,84,False,0.0,0.0
6545,77,0,False,0.0,0.0
6546,77,1,False,0.0,0.0
6547,77,2,False,0.0,0.0
6548,77,3,False,0.0,0.0
6549,77,4,False,0.0,0.0
6550,77,5,False,0.0,0.0
6551,77,6,True,0.0,0.0
6552,77,7,False,0.0,0.0
6553,77,8,False,0.0,0.0
6554,77,9,False,0.0,0.0
6555,77,10,False,0.0,0.0
6556,77,11,False,0.0,0.0
6557,77,12,False,0.0,0.0
6558,77,13,False,0.0,0.0
6559,77,14,False,0.0,0.0
6560,77,15,False,0.0,0.0
6561,77,16,False,0.0,0.0
6562,77,17,False,0.0,0.0
6563,77,18,False,0.0,0.0
6564,77,19,False,0.0,0.0
6565,77,20,False,0.0,0.0
6566,77,21,False,0.0,0.0
6567,77,22,False,0.0,0.0
6568,77,23,False,0.0,0.0
6569,77,24,False,0.0,0.0
6570,77,25,False,0.0,0.0
6571,77,26,False,0.0,0.0
6572,77,27,False,0.0,0.0
6573,77,28,False,0.0,0.0
6574,77,29,False,0.0,0.0
6575,77,30,False,0.0,0.0
6576,77,31,False,0.0,0.0
6577,77,32,False,0.0,0.0
6578,77,33,False,0.0,0.0
6579,77,34,False,0.0,0.0
6580,77,35,False,0.0,0.0
6581,77,36,False,0.0,0.0
6582,77,37,False,0.0,0.0
6583,77,38,False,0.0,0.0
6584,77,39,False,0.0,0.0
6585,77,40,False,0.0,0.0
6586,77,41,False,0.0,0.0
6587,77,42,False,0.0,0.0
6588,77,43,False,0.0,0.0
6589,77,44,False,0.0,0.0
6590,77,45,False,0.0,0.0
6591,77,46,False,0.0,0.0
6592,77,47,False,0.0,0.0
6593,77,48,False,0.0,0.0
6594,77,49,False,0.0,0.0
6595,77,50,False,0.0,0.0
6596,77,51,False,0.0,0.0
6597,77,52,False,0.0,0.0
6598,77,53,False,0.0,0.0
6599,77,54,False,0.0,0.0
6600,77,55,False,0.0,0.0
6601,77,56,False,0.0,0.0
6602,77,57,False,0.0,0.0
6603,77,58,False,0.0,0.0
6604,77,59,False,0.0,0.0
6605,77,60,False,0.0,0.0
6606,77,61,False,0.0,0.0
6607,77,62,False,0.0,0.0
6608,77,63,False,0.0,0.0
6609,77,64,False,0.0,0.0
6610,77,65,False,0.0,0.0
6611,77,66,False,0.0,0.0
6612,77,67,False,0.0,0.0
6613,77,68,False,0.0,0.0
6614,77,69,False,0.0,0.0
6615,77,70,False,0.0,0.0
6616,77,71,False,0.0,0.0
6617,77,72,False,0.0,0.0
6618,77,73,False,0.0,0.0
6619,77,74,False,0.0,0.0
6620,77,75,False,0.0,0.0
6621,77,76,False,0.0,0.0
6622,77,77,False,0.0,0.0
6623,77,78,False,0.0,0.0
6624,77,79,False,0.0,0.0
6625,77,80,False,0.0,0.0
6626,77,81,False,0.0,0.0
6627,77,82,False,0.0,0.0
6628,77,83,False,0.0,0.0
6629,77,84,False,0.0,0.0
6630,78,0,False,0.0,0.0
6631,78,1,False,0.0,0.0
6632,78,2,False,0.0,0.0
6633,78,3,False,0.0,0.0
6634,78,4,False,0.0,0.0
6635,78,5,True,0.0,0.0
6636,78,6,True,0.0,0.0
6637,78,7,False,0.0,0.0
6638,78,8,False,0.0,0.0
6639,78,9,False,0.0,0.0
6640,78,10,False,0.0,0.0
6641,78,11,False,0.0,0.0
6642,78,12,False,0.0,0.0
6643,78,13,False,0.0,0.0
6644,78,14,False,0.0,0.0
6645,78,15,False,0.0,0.0
6646,78,16,False,0.0,0.0
6647,78,17,False,0.0,0.0
6648,78,18,False,0.0,0.0
6649,78,19,False,0.0,0.0
6650,78,20,False,0.0,0.0
6651,78,21,False,0.0,0.0
6652,78,22,False,0.0,0.0
6653,78,23,False,0.0,0.0
6654,78,24,False,0.0,0.0
6655,78,25,False,0.0,0.0
6656,78,26,False,0.0,0.0
6657,78,27,False,0.0,0.0
6658,78,28,False,0.0,0.0
6659,78,29,False,0.0,0.0
6660,78,30,False,0.0,0.0
6661,78,31,False,0.0,0.0
6662,78,32,False,0.0,0.0
6663,78,33,False,0.0,0.0
6664,78,34,False,0.0,0.0
6665,78,35,False,0.0,0.0
6666,78,36,False,0.0,0.0
6667,78,37,False,0.0,0.0
6668,78,38,False,0.0,0.0
6669,78,39,False,0.0,0.0
6670,78,40,False,0.0,0.0
6671,78,41,False,0.0,0.0
6672,78,42,False,0.0,0.0
6673,78,43,False,0.0,0.0
6674,78,44,False,0.0,0.0
6675,78,45,False,0.0,0.0
6676,78,46,False,0.0,0.0
6677,78,47,False,0.0,0.0
6678,78,48,False,0.0,0.0
6679,78,49,False,0.0,0.0
6680,78,50,False,0.0,0.0
6681,78,51,False,0.0,0.0
6682,78,52,False,0.0,0.0
6683,78,53,False,0.0,0.0
6684,78,54,False,0.0,0.0
6685,78,55,False,0.0,0.0
6686,78,56,False,0.0,0.0
6687,78,57,False,0.0,0.0
6688,78,58,False,0.0,0.0
6689,78,59,False,0.0,0.0
6690,78,60,False,0.0,0.0
6691,78,61,False,0.0,0.0
6692,78,62,False,0.0,0.0
6693,78,63,False,0.0,0.0
6694,78,64,False,0.0,0.0
6695,78,65,False,0.0,0.0
6696,78,66,False,0.0,0.0
6697,78,67,False,0.0,0.0
6698,78,68,False,0.0,0.0
6699,78,69,False,0.0,0.0
6700,78,70,False,0.0,0.0
6701,78,71,False,0.0,0.0
6702,78,72,False,0.0,0.0
6703,78,73,False,0.0,0.0
6704,78,74,False,0.0,0.0
6705,78,75,False,0.0,0.0
6706,78,76,False,0.0,0.0
6707,78,77,False,0.0,0.0
6708,78,78,False,0.0,0.0
6709,78,79,False,0.0,0.0
6710,78,80,False,0.0,0.0
6711,78,81,False,0.0,0.0
6712,78,82,False,0.0,0.0
6713,78,83,False,0.0,0.0
6714,78,84,False,0.0,0.0
6715,79,0,False,0.0,0.0
6716,79,1,False,0.0,0.0
6717,79,2,False,0.0,0.0
6718,79,3,False,0.0,0.0
6719,79,4,False,0.0,0.0
6720,79,5,True,0.0,0.0
6721,79,6,False,0.0,0.0
6722,79,7,False,0.0,0.0
6723,79,8,False,0.0,0.0
6724,79,9,False,0.0,0.0
6725,79,10,False,0.0,0.0
6726,79,11,False,0.0,0.0
6727,79,12,False,0.0,0.0
6728,79,13,False,0.0,0.0
6729,79,14,False,0.0,0.0
6730,79,15,False,0.0,0.0
6731,79,16,False,0.0,0.0
6732,79,17,False,0.0,0.0
6733,79,18,False,0.0,0.0
6734,79,19,False,0.0,0.0
6735,79,20,False,0.0,0.0
6736,79,21,False,0.0,0.0
6737,79,22,False,0.0,0.0
6738,79,23,False,0.0,0.0
6739,79,24,False,0.0,0.0
6740,79,25,False,0.0,0.0
6741,79,26,False,0.0,0.0
6742,79,27,False,0.0,0.0
6743,79,28,False,0.0,0.0
6744,79,29,False,0.0,0.0
6745,79,30,False,0.0,0.0
6746,79,31,False,0.0,0.0
6747,79,32,False,0.0,0.0
6748,79,33,False,0.0,0.0
6749,79,34,False,0.0,0.0
6750,79,35,False,0.0,0.0
6751,79,36,False,0.0,0.0
6752,79,37,False,0.0,0.0
6753,79,38,False,0.0,0.0
6754,79,39,False,0.0,0.0
6755,79,40,False,0.0,0.0
6756,79,41,False,0.0,0.0
6757,79,42,False,0.0,0.0
6758,79,43,False,0.0,0.0
6759,79,44,False,0.0,0.0
6760,79,45,False,0.0,0.0
6761,79,46,False,0.0,0.0
6762,79,47,False,0.0,0.0
6763,79,48,False,0.0,0.0
6764,79,49,False,0.0,0.0
6765,79,50,False,0.0,0.0
6766,79,51,False,0.0,0.0
6767,79,52,False,0.0,0.0
6768,79,53,False,0.0,0.0
6769,79,54,False,0.0,0.0
6770,79,55,False,0.0,0.0
6771,79,56,False,0.0,0.0
6772,79,57,False,0.0,0.0
6773,79,58,False,0.0,0.0
6774,79,59,False,0.0,0.0
6775,79,60,False,0.0,0.0
6776,79,61,False,0.0,0.0
6777,79,62,False,0.0,0.0
6778,79,63,False,0.0,0.0
6779,79,64,False,0.0,0.0
6780,79,65,False,0.0,0.0
6781,79,66,False,0.0,0.0
6782,79,67,False,0.0,0.0
6783,79,68,False,0.0,0.0
6784,79,69,False,0.0,0.0
6785,79,70,False,0.0,0.0
6786,79,71,False,0.0,0.0
6787,79,72,False,0.0,0.0
6788,79,73,False,0.0,0.0
6789,79,74,False,0.0,0.0
6790,79,75,False,0.0,0.0
6791,79,76,False,0.0,0.0
6792,79,77,False,0.0,0.0
6793,79,78,False,0.0,0.0
6794,79,79,False,0.0,0.0
6795,79,80,False,0.0,0.0
6796,79,81,False,0.0,0.0
6797,79,82,False,0.0,0.0
6798,79,83,False,0.0,0.0
6799,79,84,False,0.0,0.0
6800,80,0,False,0.0,0.0
6801,80,1,False,0.0,0.0
6802,80,2,False,0.0,0.0
6803,80,3,False,0.0,0.0
6804,80,4,False,0.0,0.0
6805,80,5,False,0.0,0.0
6806,80,6,False,0.0,0.0
6807,80,7,False,0.0,0.0
6808,80,8,False,0.0,0.0
6809,80,9,False,0.0,0.0
6810,80,10,False,0.0,0.0
6811,80,11,False,0.0,0.0
6812,80,12,False,0.0,0.0
6813,80,13,False,0.0,0.0
6814,80,14,False,0.0,0.0
6815,80,15,False,0.0,0.0
6816,80,16,False,0.0,0.0
6817,80,17,False,0.0,0.0
6818,80,18,False,0.0,0.0
6819,80,19,False,0.0,0.0
6820,80,20,False,0.0,0.0
6821,80,21,False,0.0,0.0
6822,80,22,False,0.0,0.0
6823,80,23,False,0.0,0.0
6824,80,24,False,0.0,0.0
6825,80,25,False,0.0,0.0
6826,80,26,False,0.0,0.0
6827,80,27,False,0.0,0.0
6828,80,28,False,0.0,0.0
6829,80,29,False,0.0,0.0
6830,80,30,False,0.0,0.0
6831,80,31,False,0.0,0.0
6832,80,32,False,0.0,0.0
6833,80,33,False,0.0,0.0
6834,80,34,False,0.0,0.0
6835,80,35,False,0.0,0.0
6836,80,36,False,0.0,0.0
6837,80,37,False,0.0,0.0
6838,80,38,False,0.0,0.0
6839,80,39,False,0.0,0.0
6840,80,40,False,0.0,0.0
6841,80,41,False,0.0,0.0
6842,80,42,False,0.0,0.0
6843,80,43,False,0.0,0.0
6844,80,44,False,0.0,0.0
6845,80,45,False,0.0,0.0
6846,80,46,False,0.0,0.0
6847,80,47,False,0.0,0.0
6848,80,48,False,0.0,0.0
6849,80,49,False,0.0,0.0
6850,80,50,False,0.0,0.0
6851,80,51,False,0.0,0.0
6852,80,52,False,0.0,0.0
6853,80,53,False,0.0,0.0
6854,80,54,False,0.0,0.0
6855,80,55,False,0.0,0.0
6856,80,56,False,0.0,0.0
6857,80,57,False,0.0,0.0
6858,80,58,False,0.0,0.0
6859,80,59,False,0.0,0.0
6860,80,60,False,0.0,0.0
6861,80,61,False,0.0,0.0
6862,80,62,False,0.0,0.0
6863,80,63,False,0.0,0.0
6864,80,64,False,0.0,0.0
6865,80,65,False,0.0,0.0
6866,80,66,False,0.0,0.0
6867,80,67,False,0.0,0.0
6868,80,68,False,0.0,0.0
6869,80,69,False,0.0,0.0
6870,80,70,False,0.0,0.0
6871,80,71,False,0.0,0.0
6872,80,72,False,0.0,0.0
6873,80,73,False,0.0,0.0
6874,80,74,False,0.0,0.0
6875,80,75,False,0.0,0.0
6876,80,76,False,0.0,0.0
6877,80,77,False,0.0,0.0
6878,80,78,False,0.0,0.0
6879,80,79,False,0.0,0.0
6880,80,80,False,0.0,0.0
6881,80,81,False,0.0,0.0
6882,80,82,False,0.0,0.0
6883,80,83,False,0.0,0.0
6884,80,84,False,0.0,0.0
6885,81,0,False,0.0,0.0
6886,81,1,False,0.0,0.0
6887,81,2,False,0.0,0.0
6888,81,3,False,0.0,0.0
6889,81,4,False,0.0,0.0
6890,81,5,False,0.0,0.0
6891,81,6,False,0.0,0.0
6892,81,7,False,0.0,0.0
6893,81,8,False,0.0,0.0
6894,81,9,False,0.0,0.0
6895,81,10,False,0.0,0.0
6896,81,11,False,0.0,0.0
6897,81,12,False,0.0,0.0
6898,81,13,False,0.0,0.0
6899,81,14,False,0.0,0.0
6900,81,15,False,0.0,0.0
6901,81,16,False,0.0,0.0
6902,81,17,False,0.0,0.0
6903,81,18,False,0.0,0.0
6904,81,19,False,0.0,0.0
6905,81,20,False,0.0,0.0
6906,81,21,False,0.0,0.0
6907,81,22,False,0.0,0.0
6908,81,23,False,0.0,0.0
6909,81,24,False,0.0,0.0
6910,81,25,False,0.0,0.0
6911,81,26,False,0.0,0.0
6912,81,27,False,0.0,0.0
6913,81,28,False,0.0,0.0
6914,81,29,False,0.0,0.0
6915,81,30,False,0.0,0.0
6916,81,31,False,0.0,0.0
6917,81,32,False,0.0,0.0
6918,81,33,False,0.0,0.0
6919,81,34,False,0.0,0.0
6920,81,35,False,0.0,0.0
6921,81,36,False,0.0,0.0
6922,81,37,False,0.0,0.0
6923,81,38,False,0.0,0.0
6924,81,39,False,0.0,0.0
6925,81,40,False,0.0,0.0
6926,81,41,False,0.0,0.0
6927,81,42,False,0.0,0.0
6928,81,43,False,0.0,0.0
6929,81,44,False,0.0,0.0
6930,81,45,False,0.0,0.0
6931,81,46,False,0.0,0.0
6932,81,47,False,0.0,0.0
6933,81,48,False,0.0,0.0
6934,81,49,False,0.0,0.0
6935,81,50,False,0.0,0.0
6936,81,51,False,0.0,0.0
6937,81,52,False,0.0,0.0
6938,81,53,False,0.0,0.0
6939,81,54,False,0.0,0.0
6940,81,55,False,0.0,0.0
6941,81,56,False,0.0,0.0
6942,81,57,False,0.0,0.0
6943,81,58,False,0.0,0.0
6944,81,59,False,0.0,0.0
6945,81,60,False,0.0,0.0
6946,81,61,False,0.0,0.0
6947,81,62,False,0.0,0.0
6948,81,63,False,0.0,0.0
6949,81,64,False,0.0,0.0
6950,81,65,False,0.0,0.0
6951,81,66,False,0.0,0.0
6952,81,67,False,0.0,0.0
6953,81,68,False,0.0,0.0
6954,81,69,False,0.0,0.0
6955,81,70,False,0.0,0.0
6956,81,71,False,0.0,0.0
6957,81,72,False,0.0,0.0
6958,81,73,False,0.0,0.0
6959,81,74,False,0.0,0.0
6960,81,75,False,0.0,0.0
6961,81,76,False,0.0,0.0
6962,81,77,False,0.0,0.0
6963,81,78,False,0.0,0.0
6964,81,79,False,0.0,0.0
6965,81,80,False,0.0,0.0
6966,81,81,False,0.0,0.0
6967,81,82,False,0.0,0.0
6968,81,83,False,0.0,0.0
6969,81,84,False,0.0,0.0
